file,full_path,window,config_id,max_nodes,min_improvement,strategy,strategy_short,n_success,mae,rmse,mse,r2,nrmse,batches,train_time_sec,total_time_sec,error,expected_total,done_total,file_complete
friedman_1M_bmlh168_n005_stream__20260416_113909.jld2,parte1/resultados_Friedman/friedman_1M_bmlh168_n005_stream__20260416_113909.jld2,w168,1,5,0.01,StrategySelective,Selective,1,3.4803461814255874,4.211762466535106,17.84752430571813,0.27341618360059583,0.17595939288620976,5947,7.667336940765381,195.43635821342468,,12,12,true
friedman_1M_bmlh168_n005_stream__20260416_113909.jld2,parte1/resultados_Friedman/friedman_1M_bmlh168_n005_stream__20260416_113909.jld2,w168,41,5,0.001,StrategySelective,Selective,1,3.4803461814255874,4.211762466535106,17.84752430571813,0.27341618360059583,0.17595939288620976,5947,0.003553152084350586,184.5276300907135,,12,12,true
friedman_1M_bmlh168_n005_stream__20260416_113909.jld2,parte1/resultados_Friedman/friedman_1M_bmlh168_n005_stream__20260416_113909.jld2,w168,81,5,0.0001,StrategySelective,Selective,1,3.4803461814255874,4.211762466535106,17.84752430571813,0.27341618360059583,0.17595939288620976,5947,0.0037751197814941406,184.49547410011292,,12,12,true
friedman_1M_bmlh168_n005_stream__20260416_113909.jld2,parte1/resultados_Friedman/friedman_1M_bmlh168_n005_stream__20260416_113909.jld2,w168,121,5,1.0e-5,StrategySelective,Selective,1,3.4803461814255874,4.211762466535106,17.84752430571813,0.27341618360059583,0.17595939288620976,5947,0.003484010696411133,184.48347806930542,,12,12,true
friedman_1M_bmlh168_n005_stream__20260416_113909.jld2,parte1/resultados_Friedman/friedman_1M_bmlh168_n005_stream__20260416_113909.jld2,w168,161,5,1.0e-6,StrategySelective,Selective,1,3.4803461814255874,4.211762466535106,17.84752430571813,0.27341618360059583,0.17595939288620976,5947,0.0035500526428222656,184.51055002212524,,12,12,true
friedman_1M_bmlh168_n005_stream__20260416_113909.jld2,parte1/resultados_Friedman/friedman_1M_bmlh168_n005_stream__20260416_113909.jld2,w168,201,5,1.0e-7,StrategySelective,Selective,1,3.4803461814255874,4.211762466535106,17.84752430571813,0.27341618360059583,0.17595939288620976,5947,0.003598928451538086,184.70614290237427,,12,12,true
friedman_1M_bmlh168_n005_stream__20260416_113909.jld2,parte1/resultados_Friedman/friedman_1M_bmlh168_n005_stream__20260416_113909.jld2,w168,241,5,0.01,StrategySelectiveWithConstantOptimization,Selective+ConstOpt,1,3.4803461814255874,4.211762466535106,17.84752430571813,0.27341618360059583,0.17595939288620976,5947,0.5304880142211914,183.90106081962585,,12,12,true
friedman_1M_bmlh168_n005_stream__20260416_113909.jld2,parte1/resultados_Friedman/friedman_1M_bmlh168_n005_stream__20260416_113909.jld2,w168,281,5,0.001,StrategySelectiveWithConstantOptimization,Selective+ConstOpt,1,3.4803461814255874,4.211762466535106,17.84752430571813,0.27341618360059583,0.17595939288620976,5947,0.003439188003540039,183.74564290046692,,12,12,true
friedman_1M_bmlh168_n005_stream__20260416_113909.jld2,parte1/resultados_Friedman/friedman_1M_bmlh168_n005_stream__20260416_113909.jld2,w168,321,5,0.0001,StrategySelectiveWithConstantOptimization,Selective+ConstOpt,1,3.4803461814255874,4.211762466535106,17.84752430571813,0.27341618360059583,0.17595939288620976,5947,0.0035610198974609375,184.5574290752411,,12,12,true
friedman_1M_bmlh168_n005_stream__20260416_113909.jld2,parte1/resultados_Friedman/friedman_1M_bmlh168_n005_stream__20260416_113909.jld2,w168,361,5,1.0e-5,StrategySelectiveWithConstantOptimization,Selective+ConstOpt,1,3.4803461814255874,4.211762466535106,17.84752430571813,0.27341618360059583,0.17595939288620976,5947,0.003464221954345703,183.75972390174866,,12,12,true
friedman_1M_bmlh168_n005_stream__20260416_113909.jld2,parte1/resultados_Friedman/friedman_1M_bmlh168_n005_stream__20260416_113909.jld2,w168,401,5,1.0e-6,StrategySelectiveWithConstantOptimization,Selective+ConstOpt,1,3.4803461814255874,4.211762466535106,17.84752430571813,0.27341618360059583,0.17595939288620976,5947,0.0034151077270507812,185.04863619804382,,12,12,true
friedman_1M_bmlh168_n005_stream__20260416_113909.jld2,parte1/resultados_Friedman/friedman_1M_bmlh168_n005_stream__20260416_113909.jld2,w168,441,5,1.0e-7,StrategySelectiveWithConstantOptimization,Selective+ConstOpt,1,3.4803461814255874,4.211762466535106,17.84752430571813,0.27341618360059583,0.17595939288620976,5947,0.0033349990844726562,183.98410201072693,,12,12,true
friedman_1M_bmlh168_n010_stream__20260416_113909.jld2,parte1/resultados_Friedman/friedman_1M_bmlh168_n010_stream__20260416_113909.jld2,w168,2,10,0.01,StrategySelective,Selective,1,3.4803461814255874,4.211762466535106,17.84752430571813,0.27341618360059583,0.17595939288620976,5947,7.668169975280762,214.89849495887756,,12,12,true
friedman_1M_bmlh168_n010_stream__20260416_113909.jld2,parte1/resultados_Friedman/friedman_1M_bmlh168_n010_stream__20260416_113909.jld2,w168,42,10,0.001,StrategySelective,Selective,1,3.4803461814255874,4.211762466535106,17.84752430571813,0.27341618360059583,0.17595939288620976,5947,0.0034918785095214844,203.94010996818542,,12,12,true
friedman_1M_bmlh168_n010_stream__20260416_113909.jld2,parte1/resultados_Friedman/friedman_1M_bmlh168_n010_stream__20260416_113909.jld2,w168,82,10,0.0001,StrategySelective,Selective,1,3.4803461814255874,4.211762466535106,17.84752430571813,0.27341618360059583,0.17595939288620976,5947,0.0035309791564941406,203.78632307052612,,12,12,true
friedman_1M_bmlh168_n010_stream__20260416_113909.jld2,parte1/resultados_Friedman/friedman_1M_bmlh168_n010_stream__20260416_113909.jld2,w168,122,10,1.0e-5,StrategySelective,Selective,1,3.4803461814255874,4.211762466535106,17.84752430571813,0.27341618360059583,0.17595939288620976,5947,0.003584146499633789,203.85925912857056,,12,12,true
friedman_1M_bmlh168_n010_stream__20260416_113909.jld2,parte1/resultados_Friedman/friedman_1M_bmlh168_n010_stream__20260416_113909.jld2,w168,162,10,1.0e-6,StrategySelective,Selective,1,3.4803461814255874,4.211762466535106,17.84752430571813,0.27341618360059583,0.17595939288620976,5947,0.00350189208984375,203.92064690589905,,12,12,true
friedman_1M_bmlh168_n010_stream__20260416_113909.jld2,parte1/resultados_Friedman/friedman_1M_bmlh168_n010_stream__20260416_113909.jld2,w168,202,10,1.0e-7,StrategySelective,Selective,1,3.4803461814255874,4.211762466535106,17.84752430571813,0.27341618360059583,0.17595939288620976,5947,0.003545999526977539,203.39040994644165,,12,12,true
friedman_1M_bmlh168_n010_stream__20260416_113909.jld2,parte1/resultados_Friedman/friedman_1M_bmlh168_n010_stream__20260416_113909.jld2,w168,242,10,0.01,StrategySelectiveWithConstantOptimization,Selective+ConstOpt,1,3.4803461814255874,4.211762466535106,17.84752430571813,0.27341618360059583,0.17595939288620976,5947,0.5215229988098145,202.90403199195862,,12,12,true
friedman_1M_bmlh168_n010_stream__20260416_113909.jld2,parte1/resultados_Friedman/friedman_1M_bmlh168_n010_stream__20260416_113909.jld2,w168,282,10,0.001,StrategySelectiveWithConstantOptimization,Selective+ConstOpt,1,3.4803461814255874,4.211762466535106,17.84752430571813,0.27341618360059583,0.17595939288620976,5947,0.0034580230712890625,203.25809502601624,,12,12,true
friedman_1M_bmlh168_n010_stream__20260416_113909.jld2,parte1/resultados_Friedman/friedman_1M_bmlh168_n010_stream__20260416_113909.jld2,w168,322,10,0.0001,StrategySelectiveWithConstantOptimization,Selective+ConstOpt,1,3.4803461814255874,4.211762466535106,17.84752430571813,0.27341618360059583,0.17595939288620976,5947,0.0035338401794433594,202.82731699943542,,12,12,true
friedman_1M_bmlh168_n010_stream__20260416_113909.jld2,parte1/resultados_Friedman/friedman_1M_bmlh168_n010_stream__20260416_113909.jld2,w168,362,10,1.0e-5,StrategySelectiveWithConstantOptimization,Selective+ConstOpt,1,3.4803461814255874,4.211762466535106,17.84752430571813,0.27341618360059583,0.17595939288620976,5947,0.003429889678955078,204.19727182388306,,12,12,true
friedman_1M_bmlh168_n010_stream__20260416_113909.jld2,parte1/resultados_Friedman/friedman_1M_bmlh168_n010_stream__20260416_113909.jld2,w168,402,10,1.0e-6,StrategySelectiveWithConstantOptimization,Selective+ConstOpt,1,3.4803461814255874,4.211762466535106,17.84752430571813,0.27341618360059583,0.17595939288620976,5947,0.0033719539642333984,205.27892017364502,,12,12,true
friedman_1M_bmlh168_n010_stream__20260416_113909.jld2,parte1/resultados_Friedman/friedman_1M_bmlh168_n010_stream__20260416_113909.jld2,w168,442,10,1.0e-7,StrategySelectiveWithConstantOptimization,Selective+ConstOpt,1,3.4803461814255874,4.211762466535106,17.84752430571813,0.27341618360059583,0.17595939288620976,5947,0.14780211448669434,201.46830987930298,,12,12,true
friedman_1M_bmlh168_n015__mem10__20260416_172734.jld2,parte1/resultados_Friedman/friedman_1M_bmlh168_n015__mem10__20260416_172734.jld2,w168,3,15,0.01,StrategySelective,Selective,1,3.4803461814255874,4.211762466535106,17.84752430571813,0.27341618360059583,0.17595939288620976,5947,7.187285900115967,193.93836092948914,,12,12,true
friedman_1M_bmlh168_n015__mem10__20260416_172734.jld2,parte1/resultados_Friedman/friedman_1M_bmlh168_n015__mem10__20260416_172734.jld2,w168,43,15,0.001,StrategySelective,Selective,1,3.4803461814255874,4.211762466535106,17.84752430571813,0.27341618360059583,0.17595939288620976,5947,0.0034339427947998047,185.14230608940125,,12,12,true
friedman_1M_bmlh168_n015__mem10__20260416_172734.jld2,parte1/resultados_Friedman/friedman_1M_bmlh168_n015__mem10__20260416_172734.jld2,w168,83,15,0.0001,StrategySelective,Selective,1,3.4803461814255874,4.211762466535106,17.84752430571813,0.27341618360059583,0.17595939288620976,5947,0.004019021987915039,197.14204812049866,,12,12,true
friedman_1M_bmlh168_n015__mem10__20260416_172734.jld2,parte1/resultados_Friedman/friedman_1M_bmlh168_n015__mem10__20260416_172734.jld2,w168,123,15,1.0e-5,StrategySelective,Selective,1,3.4803461814255874,4.211762466535106,17.84752430571813,0.27341618360059583,0.17595939288620976,5947,0.014636993408203125,184.10448813438416,,12,12,true
friedman_1M_bmlh168_n015__mem10__20260416_172734.jld2,parte1/resultados_Friedman/friedman_1M_bmlh168_n015__mem10__20260416_172734.jld2,w168,163,15,1.0e-6,StrategySelective,Selective,1,3.4803461814255874,4.211762466535106,17.84752430571813,0.27341618360059583,0.17595939288620976,5947,0.003367900848388672,186.0018219947815,,12,12,true
friedman_1M_bmlh168_n015__mem10__20260416_172734.jld2,parte1/resultados_Friedman/friedman_1M_bmlh168_n015__mem10__20260416_172734.jld2,w168,203,15,1.0e-7,StrategySelective,Selective,1,3.4803461814255874,4.211762466535106,17.84752430571813,0.27341618360059583,0.17595939288620976,5947,0.00333404541015625,186.6881890296936,,12,12,true
friedman_1M_bmlh168_n015__mem10__20260416_172734.jld2,parte1/resultados_Friedman/friedman_1M_bmlh168_n015__mem10__20260416_172734.jld2,w168,243,15,0.01,StrategySelectiveWithConstantOptimization,Selective+ConstOpt,1,3.4803461814255874,4.211762466535106,17.84752430571813,0.27341618360059583,0.17595939288620976,5947,0.4771149158477783,186.61430191993713,,12,12,true
friedman_1M_bmlh168_n015__mem10__20260416_172734.jld2,parte1/resultados_Friedman/friedman_1M_bmlh168_n015__mem10__20260416_172734.jld2,w168,283,15,0.001,StrategySelectiveWithConstantOptimization,Selective+ConstOpt,1,3.4803461814255874,4.211762466535106,17.84752430571813,0.27341618360059583,0.17595939288620976,5947,0.0033080577850341797,186.33759903907776,,12,12,true
friedman_1M_bmlh168_n015__mem10__20260416_172734.jld2,parte1/resultados_Friedman/friedman_1M_bmlh168_n015__mem10__20260416_172734.jld2,w168,323,15,0.0001,StrategySelectiveWithConstantOptimization,Selective+ConstOpt,1,3.4803461814255874,4.211762466535106,17.84752430571813,0.27341618360059583,0.17595939288620976,5947,0.003309011459350586,185.52726006507874,,12,12,true
friedman_1M_bmlh168_n015__mem10__20260416_172734.jld2,parte1/resultados_Friedman/friedman_1M_bmlh168_n015__mem10__20260416_172734.jld2,w168,363,15,1.0e-5,StrategySelectiveWithConstantOptimization,Selective+ConstOpt,1,3.4803461814255874,4.211762466535106,17.84752430571813,0.27341618360059583,0.17595939288620976,5947,0.003309965133666992,182.3747980594635,,12,12,true
friedman_1M_bmlh168_n015__mem10__20260416_172734.jld2,parte1/resultados_Friedman/friedman_1M_bmlh168_n015__mem10__20260416_172734.jld2,w168,403,15,1.0e-6,StrategySelectiveWithConstantOptimization,Selective+ConstOpt,1,3.4803461814255874,4.211762466535106,17.84752430571813,0.27341618360059583,0.17595939288620976,5947,0.003268003463745117,182.39195799827576,,12,12,true
friedman_1M_bmlh168_n015__mem10__20260416_172734.jld2,parte1/resultados_Friedman/friedman_1M_bmlh168_n015__mem10__20260416_172734.jld2,w168,443,15,1.0e-7,StrategySelectiveWithConstantOptimization,Selective+ConstOpt,1,3.4803461814255874,4.211762466535106,17.84752430571813,0.27341618360059583,0.17595939288620976,5947,0.0032660961151123047,182.3838939666748,,12,12,true
friedman_1M_bmlh168_n020_stream__20260416_113909.jld2,parte1/resultados_Friedman/friedman_1M_bmlh168_n020_stream__20260416_113909.jld2,w168,4,20,0.01,StrategySelective,Selective,1,3.4803461814255874,4.211762466535106,17.84752430571813,0.27341618360059583,0.17595939288620976,5947,7.53811502456665,198.89949297904968,,12,12,true
friedman_1M_bmlh168_n020_stream__20260416_113909.jld2,parte1/resultados_Friedman/friedman_1M_bmlh168_n020_stream__20260416_113909.jld2,w168,44,20,0.001,StrategySelective,Selective,1,3.4803461814255874,4.211762466535106,17.84752430571813,0.27341618360059583,0.17595939288620976,5947,0.003629922866821289,188.75383591651917,,12,12,true
friedman_1M_bmlh168_n020_stream__20260416_113909.jld2,parte1/resultados_Friedman/friedman_1M_bmlh168_n020_stream__20260416_113909.jld2,w168,84,20,0.0001,StrategySelective,Selective,1,3.4803461814255874,4.211762466535106,17.84752430571813,0.27341618360059583,0.17595939288620976,5947,0.0035309791564941406,188.79410791397095,,12,12,true
friedman_1M_bmlh168_n020_stream__20260416_113909.jld2,parte1/resultados_Friedman/friedman_1M_bmlh168_n020_stream__20260416_113909.jld2,w168,124,20,1.0e-5,StrategySelective,Selective,1,3.4803461814255874,4.211762466535106,17.84752430571813,0.27341618360059583,0.17595939288620976,5947,0.0034499168395996094,188.36843395233154,,12,12,true
friedman_1M_bmlh168_n020_stream__20260416_113909.jld2,parte1/resultados_Friedman/friedman_1M_bmlh168_n020_stream__20260416_113909.jld2,w168,164,20,1.0e-6,StrategySelective,Selective,1,3.4803461814255874,4.211762466535106,17.84752430571813,0.27341618360059583,0.17595939288620976,5947,0.0034279823303222656,188.1299319267273,,12,12,true
friedman_1M_bmlh168_n020_stream__20260416_113909.jld2,parte1/resultados_Friedman/friedman_1M_bmlh168_n020_stream__20260416_113909.jld2,w168,204,20,1.0e-7,StrategySelective,Selective,1,3.4803461814255874,4.211762466535106,17.84752430571813,0.27341618360059583,0.17595939288620976,5947,0.003403186798095703,188.49650406837463,,12,12,true
friedman_1M_bmlh168_n020_stream__20260416_113909.jld2,parte1/resultados_Friedman/friedman_1M_bmlh168_n020_stream__20260416_113909.jld2,w168,244,20,0.01,StrategySelectiveWithConstantOptimization,Selective+ConstOpt,1,3.4803461814255874,4.211762466535106,17.84752430571813,0.27341618360059583,0.17595939288620976,5947,0.5450420379638672,186.56514883041382,,12,12,true
friedman_1M_bmlh168_n020_stream__20260416_113909.jld2,parte1/resultados_Friedman/friedman_1M_bmlh168_n020_stream__20260416_113909.jld2,w168,284,20,0.001,StrategySelectiveWithConstantOptimization,Selective+ConstOpt,1,3.4803461814255874,4.211762466535106,17.84752430571813,0.27341618360059583,0.17595939288620976,5947,0.0033729076385498047,187.01634407043457,,12,12,true
friedman_1M_bmlh168_n020_stream__20260416_113909.jld2,parte1/resultados_Friedman/friedman_1M_bmlh168_n020_stream__20260416_113909.jld2,w168,324,20,0.0001,StrategySelectiveWithConstantOptimization,Selective+ConstOpt,1,3.4803461814255874,4.211762466535106,17.84752430571813,0.27341618360059583,0.17595939288620976,5947,0.003326892852783203,187.06013298034668,,12,12,true
friedman_1M_bmlh168_n020_stream__20260416_113909.jld2,parte1/resultados_Friedman/friedman_1M_bmlh168_n020_stream__20260416_113909.jld2,w168,364,20,1.0e-5,StrategySelectiveWithConstantOptimization,Selective+ConstOpt,1,3.4803461814255874,4.211762466535106,17.84752430571813,0.27341618360059583,0.17595939288620976,5947,0.003384113311767578,186.91550993919373,,12,12,true
friedman_1M_bmlh168_n020_stream__20260416_113909.jld2,parte1/resultados_Friedman/friedman_1M_bmlh168_n020_stream__20260416_113909.jld2,w168,404,20,1.0e-6,StrategySelectiveWithConstantOptimization,Selective+ConstOpt,1,3.4803461814255874,4.211762466535106,17.84752430571813,0.27341618360059583,0.17595939288620976,5947,0.0033049583435058594,186.67808604240417,,12,12,true
friedman_1M_bmlh168_n020_stream__20260416_113909.jld2,parte1/resultados_Friedman/friedman_1M_bmlh168_n020_stream__20260416_113909.jld2,w168,444,20,1.0e-7,StrategySelectiveWithConstantOptimization,Selective+ConstOpt,1,3.4803461814255874,4.211762466535106,17.84752430571813,0.27341618360059583,0.17595939288620976,5947,0.0032820701599121094,186.8873291015625,,12,12,true
friedman_1M_bmlh168_n025__mem10__20260416_172734.jld2,parte1/resultados_Friedman/friedman_1M_bmlh168_n025__mem10__20260416_172734.jld2,w168,5,25,0.01,StrategySelective,Selective,1,3.4803461814255874,4.211762466535106,17.84752430571813,0.27341618360059583,0.17595939288620976,5947,7.190978050231934,196.39303016662598,,12,12,true
friedman_1M_bmlh168_n025__mem10__20260416_172734.jld2,parte1/resultados_Friedman/friedman_1M_bmlh168_n025__mem10__20260416_172734.jld2,w168,45,25,0.001,StrategySelective,Selective,1,3.4803461814255874,4.211762466535106,17.84752430571813,0.27341618360059583,0.17595939288620976,5947,0.003450155258178711,188.74206399917603,,12,12,true
friedman_1M_bmlh168_n025__mem10__20260416_172734.jld2,parte1/resultados_Friedman/friedman_1M_bmlh168_n025__mem10__20260416_172734.jld2,w168,85,25,0.0001,StrategySelective,Selective,1,3.4803461814255874,4.211762466535106,17.84752430571813,0.27341618360059583,0.17595939288620976,5947,0.003920078277587891,199.6331079006195,,12,12,true
friedman_1M_bmlh168_n025__mem10__20260416_172734.jld2,parte1/resultados_Friedman/friedman_1M_bmlh168_n025__mem10__20260416_172734.jld2,w168,125,25,1.0e-5,StrategySelective,Selective,1,3.4803461814255874,4.211762466535106,17.84752430571813,0.27341618360059583,0.17595939288620976,5947,0.003407001495361328,187.40092015266418,,12,12,true
friedman_1M_bmlh168_n025__mem10__20260416_172734.jld2,parte1/resultados_Friedman/friedman_1M_bmlh168_n025__mem10__20260416_172734.jld2,w168,165,25,1.0e-6,StrategySelective,Selective,1,3.4803461814255874,4.211762466535106,17.84752430571813,0.27341618360059583,0.17595939288620976,5947,0.0033180713653564453,189.42610001564026,,12,12,true
friedman_1M_bmlh168_n025__mem10__20260416_172734.jld2,parte1/resultados_Friedman/friedman_1M_bmlh168_n025__mem10__20260416_172734.jld2,w168,205,25,1.0e-7,StrategySelective,Selective,1,3.4803461814255874,4.211762466535106,17.84752430571813,0.27341618360059583,0.17595939288620976,5947,0.0033521652221679688,189.84667015075684,,12,12,true
friedman_1M_bmlh168_n025__mem10__20260416_172734.jld2,parte1/resultados_Friedman/friedman_1M_bmlh168_n025__mem10__20260416_172734.jld2,w168,245,25,0.01,StrategySelectiveWithConstantOptimization,Selective+ConstOpt,1,3.4803461814255874,4.211762466535106,17.84752430571813,0.27341618360059583,0.17595939288620976,5947,0.472930908203125,189.59875011444092,,12,12,true
friedman_1M_bmlh168_n025__mem10__20260416_172734.jld2,parte1/resultados_Friedman/friedman_1M_bmlh168_n025__mem10__20260416_172734.jld2,w168,285,25,0.001,StrategySelectiveWithConstantOptimization,Selective+ConstOpt,1,3.4803461814255874,4.211762466535106,17.84752430571813,0.27341618360059583,0.17595939288620976,5947,0.003348112106323242,189.32107496261597,,12,12,true
friedman_1M_bmlh168_n025__mem10__20260416_172734.jld2,parte1/resultados_Friedman/friedman_1M_bmlh168_n025__mem10__20260416_172734.jld2,w168,325,25,0.0001,StrategySelectiveWithConstantOptimization,Selective+ConstOpt,1,3.4803461814255874,4.211762466535106,17.84752430571813,0.27341618360059583,0.17595939288620976,5947,0.003350973129272461,188.30158495903015,,12,12,true
friedman_1M_bmlh168_n025__mem10__20260416_172734.jld2,parte1/resultados_Friedman/friedman_1M_bmlh168_n025__mem10__20260416_172734.jld2,w168,365,25,1.0e-5,StrategySelectiveWithConstantOptimization,Selective+ConstOpt,1,3.4803461814255874,4.211762466535106,17.84752430571813,0.27341618360059583,0.17595939288620976,5947,0.003264904022216797,185.5922248363495,,12,12,true
friedman_1M_bmlh168_n025__mem10__20260416_172734.jld2,parte1/resultados_Friedman/friedman_1M_bmlh168_n025__mem10__20260416_172734.jld2,w168,405,25,1.0e-6,StrategySelectiveWithConstantOptimization,Selective+ConstOpt,1,3.4803461814255874,4.211762466535106,17.84752430571813,0.27341618360059583,0.17595939288620976,5947,0.003326892852783203,185.59966897964478,,12,12,true
friedman_1M_bmlh168_n025__mem10__20260416_172734.jld2,parte1/resultados_Friedman/friedman_1M_bmlh168_n025__mem10__20260416_172734.jld2,w168,445,25,1.0e-7,StrategySelectiveWithConstantOptimization,Selective+ConstOpt,1,3.4803461814255874,4.211762466535106,17.84752430571813,0.27341618360059583,0.17595939288620976,5947,0.0032830238342285156,185.65307021141052,,12,12,true
friedman_1M_bmlh168_n030__mem10__20260416_172734.jld2,parte1/resultados_Friedman/friedman_1M_bmlh168_n030__mem10__20260416_172734.jld2,w168,6,30,0.01,StrategySelective,Selective,1,3.4803461814255874,4.211762466535106,17.84752430571813,0.27341618360059583,0.17595939288620976,5947,7.2386391162872314,200.2055859565735,,12,12,true
friedman_1M_bmlh168_n030__mem10__20260416_172734.jld2,parte1/resultados_Friedman/friedman_1M_bmlh168_n030__mem10__20260416_172734.jld2,w168,46,30,0.001,StrategySelective,Selective,1,3.4803461814255874,4.211762466535106,17.84752430571813,0.27341618360059583,0.17595939288620976,5947,0.003484964370727539,192.51283478736877,,12,12,true
friedman_1M_bmlh168_n030__mem10__20260416_172734.jld2,parte1/resultados_Friedman/friedman_1M_bmlh168_n030__mem10__20260416_172734.jld2,w168,86,30,0.0001,StrategySelective,Selective,1,3.4803461814255874,4.211762466535106,17.84752430571813,0.27341618360059583,0.17595939288620976,5947,0.003925800323486328,202.05131101608276,,12,12,true
friedman_1M_bmlh168_n030__mem10__20260416_172734.jld2,parte1/resultados_Friedman/friedman_1M_bmlh168_n030__mem10__20260416_172734.jld2,w168,126,30,1.0e-5,StrategySelective,Selective,1,3.4803461814255874,4.211762466535106,17.84752430571813,0.27341618360059583,0.17595939288620976,5947,0.0033969879150390625,191.1952030658722,,12,12,true
friedman_1M_bmlh168_n030__mem10__20260416_172734.jld2,parte1/resultados_Friedman/friedman_1M_bmlh168_n030__mem10__20260416_172734.jld2,w168,166,30,1.0e-6,StrategySelective,Selective,1,3.4803461814255874,4.211762466535106,17.84752430571813,0.27341618360059583,0.17595939288620976,5947,0.003412961959838867,192.6707079410553,,12,12,true
friedman_1M_bmlh168_n030__mem10__20260416_172734.jld2,parte1/resultados_Friedman/friedman_1M_bmlh168_n030__mem10__20260416_172734.jld2,w168,206,30,1.0e-7,StrategySelective,Selective,1,3.4803461814255874,4.211762466535106,17.84752430571813,0.27341618360059583,0.17595939288620976,5947,0.0033338069915771484,192.87401700019836,,12,12,true
friedman_1M_bmlh168_n030__mem10__20260416_172734.jld2,parte1/resultados_Friedman/friedman_1M_bmlh168_n030__mem10__20260416_172734.jld2,w168,246,30,0.01,StrategySelectiveWithConstantOptimization,Selective+ConstOpt,1,3.4803461814255874,4.211762466535106,17.84752430571813,0.27341618360059583,0.17595939288620976,5947,0.4752171039581299,192.98786306381226,,12,12,true
friedman_1M_bmlh168_n030__mem10__20260416_172734.jld2,parte1/resultados_Friedman/friedman_1M_bmlh168_n030__mem10__20260416_172734.jld2,w168,286,30,0.001,StrategySelectiveWithConstantOptimization,Selective+ConstOpt,1,3.4803461814255874,4.211762466535106,17.84752430571813,0.27341618360059583,0.17595939288620976,5947,0.0033981800079345703,192.62841486930847,,12,12,true
friedman_1M_bmlh168_n030__mem10__20260416_172734.jld2,parte1/resultados_Friedman/friedman_1M_bmlh168_n030__mem10__20260416_172734.jld2,w168,326,30,0.0001,StrategySelectiveWithConstantOptimization,Selective+ConstOpt,1,3.4803461814255874,4.211762466535106,17.84752430571813,0.27341618360059583,0.17595939288620976,5947,0.003381013870239258,191.453271150589,,12,12,true
friedman_1M_bmlh168_n030__mem10__20260416_172734.jld2,parte1/resultados_Friedman/friedman_1M_bmlh168_n030__mem10__20260416_172734.jld2,w168,366,30,1.0e-5,StrategySelectiveWithConstantOptimization,Selective+ConstOpt,1,3.4803461814255874,4.211762466535106,17.84752430571813,0.27341618360059583,0.17595939288620976,5947,0.003289937973022461,188.63777613639832,,12,12,true
friedman_1M_bmlh168_n030__mem10__20260416_172734.jld2,parte1/resultados_Friedman/friedman_1M_bmlh168_n030__mem10__20260416_172734.jld2,w168,406,30,1.0e-6,StrategySelectiveWithConstantOptimization,Selective+ConstOpt,1,3.4803461814255874,4.211762466535106,17.84752430571813,0.27341618360059583,0.17595939288620976,5947,0.0033180713653564453,188.72933411598206,,12,12,true
friedman_1M_bmlh168_n030__mem10__20260416_172734.jld2,parte1/resultados_Friedman/friedman_1M_bmlh168_n030__mem10__20260416_172734.jld2,w168,446,30,1.0e-7,StrategySelectiveWithConstantOptimization,Selective+ConstOpt,1,3.4803461814255874,4.211762466535106,17.84752430571813,0.27341618360059583,0.17595939288620976,5947,0.0032711029052734375,188.6216380596161,,12,12,true
friedman_1M_bmlh168_n030_stream__20260416_113909.jld2,parte1/resultados_Friedman/friedman_1M_bmlh168_n030_stream__20260416_113909.jld2,w168,6,30,0.01,StrategySelective,Selective,1,3.4803461814255874,4.211762466535106,17.84752430571813,0.27341618360059583,0.17595939288620976,5947,7.616624116897583,192.96980810165405,,12,12,true
friedman_1M_bmlh168_n030_stream__20260416_113909.jld2,parte1/resultados_Friedman/friedman_1M_bmlh168_n030_stream__20260416_113909.jld2,w168,46,30,0.001,StrategySelective,Selective,1,3.4803461814255874,4.211762466535106,17.84752430571813,0.27341618360059583,0.17595939288620976,5947,0.0036389827728271484,182.32595705986023,,12,12,true
friedman_1M_bmlh168_n030_stream__20260416_113909.jld2,parte1/resultados_Friedman/friedman_1M_bmlh168_n030_stream__20260416_113909.jld2,w168,86,30,0.0001,StrategySelective,Selective,1,3.4803461814255874,4.211762466535106,17.84752430571813,0.27341618360059583,0.17595939288620976,5947,0.0034101009368896484,181.18304181098938,,12,12,true
friedman_1M_bmlh168_n030_stream__20260416_113909.jld2,parte1/resultados_Friedman/friedman_1M_bmlh168_n030_stream__20260416_113909.jld2,w168,126,30,1.0e-5,StrategySelective,Selective,1,3.4803461814255874,4.211762466535106,17.84752430571813,0.27341618360059583,0.17595939288620976,5947,0.003461122512817383,181.3935580253601,,12,12,true
friedman_1M_bmlh168_n030_stream__20260416_113909.jld2,parte1/resultados_Friedman/friedman_1M_bmlh168_n030_stream__20260416_113909.jld2,w168,166,30,1.0e-6,StrategySelective,Selective,1,3.4803461814255874,4.211762466535106,17.84752430571813,0.27341618360059583,0.17595939288620976,5947,0.003365039825439453,182.02859210968018,,12,12,true
friedman_1M_bmlh168_n030_stream__20260416_113909.jld2,parte1/resultados_Friedman/friedman_1M_bmlh168_n030_stream__20260416_113909.jld2,w168,206,30,1.0e-7,StrategySelective,Selective,1,3.4803461814255874,4.211762466535106,17.84752430571813,0.27341618360059583,0.17595939288620976,5947,0.0034279823303222656,181.6596598625183,,12,12,true
friedman_1M_bmlh168_n030_stream__20260416_113909.jld2,parte1/resultados_Friedman/friedman_1M_bmlh168_n030_stream__20260416_113909.jld2,w168,246,30,0.01,StrategySelectiveWithConstantOptimization,Selective+ConstOpt,1,3.4803461814255874,4.211762466535106,17.84752430571813,0.27341618360059583,0.17595939288620976,5947,0.5470499992370605,180.8597538471222,,12,12,true
friedman_1M_bmlh168_n030_stream__20260416_113909.jld2,parte1/resultados_Friedman/friedman_1M_bmlh168_n030_stream__20260416_113909.jld2,w168,286,30,0.001,StrategySelectiveWithConstantOptimization,Selective+ConstOpt,1,3.4803461814255874,4.211762466535106,17.84752430571813,0.27341618360059583,0.17595939288620976,5947,0.0033588409423828125,180.11890196800232,,12,12,true
friedman_1M_bmlh168_n030_stream__20260416_113909.jld2,parte1/resultados_Friedman/friedman_1M_bmlh168_n030_stream__20260416_113909.jld2,w168,326,30,0.0001,StrategySelectiveWithConstantOptimization,Selective+ConstOpt,1,3.4803461814255874,4.211762466535106,17.84752430571813,0.27341618360059583,0.17595939288620976,5947,0.003350973129272461,180.48314785957336,,12,12,true
friedman_1M_bmlh168_n030_stream__20260416_113909.jld2,parte1/resultados_Friedman/friedman_1M_bmlh168_n030_stream__20260416_113909.jld2,w168,366,30,1.0e-5,StrategySelectiveWithConstantOptimization,Selective+ConstOpt,1,3.4803461814255874,4.211762466535106,17.84752430571813,0.27341618360059583,0.17595939288620976,5947,0.003326892852783203,180.47969698905945,,12,12,true
friedman_1M_bmlh168_n030_stream__20260416_113909.jld2,parte1/resultados_Friedman/friedman_1M_bmlh168_n030_stream__20260416_113909.jld2,w168,406,30,1.0e-6,StrategySelectiveWithConstantOptimization,Selective+ConstOpt,1,3.4803461814255874,4.211762466535106,17.84752430571813,0.27341618360059583,0.17595939288620976,5947,0.003383159637451172,180.31647205352783,,12,12,true
friedman_1M_bmlh168_n030_stream__20260416_113909.jld2,parte1/resultados_Friedman/friedman_1M_bmlh168_n030_stream__20260416_113909.jld2,w168,446,30,1.0e-7,StrategySelectiveWithConstantOptimization,Selective+ConstOpt,1,3.4803461814255874,4.211762466535106,17.84752430571813,0.27341618360059583,0.17595939288620976,5947,0.0033299922943115234,180.73439598083496,,12,12,true
friedman_1M_bmlh168_n035__mem10__20260416_172734.jld2,parte1/resultados_Friedman/friedman_1M_bmlh168_n035__mem10__20260416_172734.jld2,w168,7,35,0.01,StrategySelective,Selective,1,3.4803461814255874,4.211762466535106,17.84752430571813,0.27341618360059583,0.17595939288620976,5947,7.161020040512085,205.8811309337616,,12,12,true
friedman_1M_bmlh168_n035__mem10__20260416_172734.jld2,parte1/resultados_Friedman/friedman_1M_bmlh168_n035__mem10__20260416_172734.jld2,w168,47,35,0.001,StrategySelective,Selective,1,3.4803461814255874,4.211762466535106,17.84752430571813,0.27341618360059583,0.17595939288620976,5947,0.003515005111694336,199.84562492370605,,12,12,true
friedman_1M_bmlh168_n035__mem10__20260416_172734.jld2,parte1/resultados_Friedman/friedman_1M_bmlh168_n035__mem10__20260416_172734.jld2,w168,87,35,0.0001,StrategySelective,Selective,1,3.4803461814255874,4.211762466535106,17.84752430571813,0.27341618360059583,0.17595939288620976,5947,0.003905057907104492,206.6670379638672,,12,12,true
friedman_1M_bmlh168_n035__mem10__20260416_172734.jld2,parte1/resultados_Friedman/friedman_1M_bmlh168_n035__mem10__20260416_172734.jld2,w168,127,35,1.0e-5,StrategySelective,Selective,1,3.4803461814255874,4.211762466535106,17.84752430571813,0.27341618360059583,0.17595939288620976,5947,0.013843059539794922,197.46591806411743,,12,12,true
friedman_1M_bmlh168_n035__mem10__20260416_172734.jld2,parte1/resultados_Friedman/friedman_1M_bmlh168_n035__mem10__20260416_172734.jld2,w168,167,35,1.0e-6,StrategySelective,Selective,1,3.4803461814255874,4.211762466535106,17.84752430571813,0.27341618360059583,0.17595939288620976,5947,0.0033800601959228516,198.68929886817932,,12,12,true
friedman_1M_bmlh168_n035__mem10__20260416_172734.jld2,parte1/resultados_Friedman/friedman_1M_bmlh168_n035__mem10__20260416_172734.jld2,w168,207,35,1.0e-7,StrategySelective,Selective,1,3.4803461814255874,4.211762466535106,17.84752430571813,0.27341618360059583,0.17595939288620976,5947,0.0033409595489501953,199.18363404273987,,12,12,true
friedman_1M_bmlh168_n035__mem10__20260416_172734.jld2,parte1/resultados_Friedman/friedman_1M_bmlh168_n035__mem10__20260416_172734.jld2,w168,247,35,0.01,StrategySelectiveWithConstantOptimization,Selective+ConstOpt,1,3.4803461814255874,4.211762466535106,17.84752430571813,0.27341618360059583,0.17595939288620976,5947,0.4779369831085205,199.06305289268494,,12,12,true
friedman_1M_bmlh168_n035__mem10__20260416_172734.jld2,parte1/resultados_Friedman/friedman_1M_bmlh168_n035__mem10__20260416_172734.jld2,w168,287,35,0.001,StrategySelectiveWithConstantOptimization,Selective+ConstOpt,1,3.4803461814255874,4.211762466535106,17.84752430571813,0.27341618360059583,0.17595939288620976,5947,0.003336191177368164,198.70040106773376,,12,12,true
friedman_1M_bmlh168_n035__mem10__20260416_172734.jld2,parte1/resultados_Friedman/friedman_1M_bmlh168_n035__mem10__20260416_172734.jld2,w168,327,35,0.0001,StrategySelectiveWithConstantOptimization,Selective+ConstOpt,1,3.4803461814255874,4.211762466535106,17.84752430571813,0.27341618360059583,0.17595939288620976,5947,0.003358125686645508,195.95871806144714,,12,12,true
friedman_1M_bmlh168_n035__mem10__20260416_172734.jld2,parte1/resultados_Friedman/friedman_1M_bmlh168_n035__mem10__20260416_172734.jld2,w168,367,35,1.0e-5,StrategySelectiveWithConstantOptimization,Selective+ConstOpt,1,3.4803461814255874,4.211762466535106,17.84752430571813,0.27341618360059583,0.17595939288620976,5947,0.0032820701599121094,194.8510720729828,,12,12,true
friedman_1M_bmlh168_n035__mem10__20260416_172734.jld2,parte1/resultados_Friedman/friedman_1M_bmlh168_n035__mem10__20260416_172734.jld2,w168,407,35,1.0e-6,StrategySelectiveWithConstantOptimization,Selective+ConstOpt,1,3.4803461814255874,4.211762466535106,17.84752430571813,0.27341618360059583,0.17595939288620976,5947,0.003284931182861328,194.8431887626648,,12,12,true
friedman_1M_bmlh168_n035__mem10__20260416_172734.jld2,parte1/resultados_Friedman/friedman_1M_bmlh168_n035__mem10__20260416_172734.jld2,w168,447,35,1.0e-7,StrategySelectiveWithConstantOptimization,Selective+ConstOpt,1,3.4803461814255874,4.211762466535106,17.84752430571813,0.27341618360059583,0.17595939288620976,5947,0.0032720565795898438,194.91050910949707,,12,12,true
friedman_1M_bmlh168_n040_stream__20260416_113909.jld2,parte1/resultados_Friedman/friedman_1M_bmlh168_n040_stream__20260416_113909.jld2,w168,8,40,0.01,StrategySelective,Selective,1,3.4803461814255874,4.211762466535106,17.84752430571813,0.27341618360059583,0.17595939288620976,5947,7.599792957305908,210.54198217391968,,12,12,true
friedman_1M_bmlh168_n040_stream__20260416_113909.jld2,parte1/resultados_Friedman/friedman_1M_bmlh168_n040_stream__20260416_113909.jld2,w168,48,40,0.001,StrategySelective,Selective,1,3.4803461814255874,4.211762466535106,17.84752430571813,0.27341618360059583,0.17595939288620976,5947,0.003593921661376953,199.11660313606262,,12,12,true
friedman_1M_bmlh168_n040_stream__20260416_113909.jld2,parte1/resultados_Friedman/friedman_1M_bmlh168_n040_stream__20260416_113909.jld2,w168,88,40,0.0001,StrategySelective,Selective,1,3.4803461814255874,4.211762466535106,17.84752430571813,0.27341618360059583,0.17595939288620976,5947,0.003526926040649414,198.65162706375122,,12,12,true
friedman_1M_bmlh168_n040_stream__20260416_113909.jld2,parte1/resultados_Friedman/friedman_1M_bmlh168_n040_stream__20260416_113909.jld2,w168,128,40,1.0e-5,StrategySelective,Selective,1,3.4803461814255874,4.211762466535106,17.84752430571813,0.27341618360059583,0.17595939288620976,5947,0.00350189208984375,199.02833580970764,,12,12,true
friedman_1M_bmlh168_n040_stream__20260416_113909.jld2,parte1/resultados_Friedman/friedman_1M_bmlh168_n040_stream__20260416_113909.jld2,w168,168,40,1.0e-6,StrategySelective,Selective,1,3.4803461814255874,4.211762466535106,17.84752430571813,0.27341618360059583,0.17595939288620976,5947,0.0034780502319335938,198.8350100517273,,12,12,true
friedman_1M_bmlh168_n040_stream__20260416_113909.jld2,parte1/resultados_Friedman/friedman_1M_bmlh168_n040_stream__20260416_113909.jld2,w168,208,40,1.0e-7,StrategySelective,Selective,1,3.4803461814255874,4.211762466535106,17.84752430571813,0.27341618360059583,0.17595939288620976,5947,0.003446817398071289,198.48710584640503,,12,12,true
friedman_1M_bmlh168_n040_stream__20260416_113909.jld2,parte1/resultados_Friedman/friedman_1M_bmlh168_n040_stream__20260416_113909.jld2,w168,248,40,0.01,StrategySelectiveWithConstantOptimization,Selective+ConstOpt,1,3.4803461814255874,4.211762466535106,17.84752430571813,0.27341618360059583,0.17595939288620976,5947,0.5375070571899414,197.072114944458,,12,12,true
friedman_1M_bmlh168_n040_stream__20260416_113909.jld2,parte1/resultados_Friedman/friedman_1M_bmlh168_n040_stream__20260416_113909.jld2,w168,288,40,0.001,StrategySelectiveWithConstantOptimization,Selective+ConstOpt,1,3.4803461814255874,4.211762466535106,17.84752430571813,0.27341618360059583,0.17595939288620976,5947,0.003419160842895508,198.34435319900513,,12,12,true
friedman_1M_bmlh168_n040_stream__20260416_113909.jld2,parte1/resultados_Friedman/friedman_1M_bmlh168_n040_stream__20260416_113909.jld2,w168,328,40,0.0001,StrategySelectiveWithConstantOptimization,Selective+ConstOpt,1,3.4803461814255874,4.211762466535106,17.84752430571813,0.27341618360059583,0.17595939288620976,5947,0.003403902053833008,198.4873490333557,,12,12,true
friedman_1M_bmlh168_n040_stream__20260416_113909.jld2,parte1/resultados_Friedman/friedman_1M_bmlh168_n040_stream__20260416_113909.jld2,w168,368,40,1.0e-5,StrategySelectiveWithConstantOptimization,Selective+ConstOpt,1,3.4803461814255874,4.211762466535106,17.84752430571813,0.27341618360059583,0.17595939288620976,5947,0.0033860206604003906,197.81758904457092,,12,12,true
friedman_1M_bmlh168_n040_stream__20260416_113909.jld2,parte1/resultados_Friedman/friedman_1M_bmlh168_n040_stream__20260416_113909.jld2,w168,408,40,1.0e-6,StrategySelectiveWithConstantOptimization,Selective+ConstOpt,1,3.4803461814255874,4.211762466535106,17.84752430571813,0.27341618360059583,0.17595939288620976,5947,0.003345012664794922,198.018474817276,,12,12,true
friedman_1M_bmlh168_n040_stream__20260416_113909.jld2,parte1/resultados_Friedman/friedman_1M_bmlh168_n040_stream__20260416_113909.jld2,w168,448,40,1.0e-7,StrategySelectiveWithConstantOptimization,Selective+ConstOpt,1,3.4803461814255874,4.211762466535106,17.84752430571813,0.27341618360059583,0.17595939288620976,5947,0.0033719539642333984,204.58340501785278,,12,12,true
friedman_1M_bmlh168_n045__mem10__20260416_172734.jld2,parte1/resultados_Friedman/friedman_1M_bmlh168_n045__mem10__20260416_172734.jld2,w168,9,45,0.01,StrategySelective,Selective,1,2.166151414194708,2.8250074199804702,10.262094332540109,0.584155020398953,0.11800517330218574,5947,9.059470176696777,182.9607129096985,,12,12,true
friedman_1M_bmlh168_n045__mem10__20260416_172734.jld2,parte1/resultados_Friedman/friedman_1M_bmlh168_n045__mem10__20260416_172734.jld2,w168,49,45,0.001,StrategySelective,Selective,1,2.204192066013135,3.111546719734342,96.39784164505892,-2.9606541155151773,0.1297096887885249,5947,1.126645803451538,170.9768979549408,,12,12,true
friedman_1M_bmlh168_n045__mem10__20260416_172734.jld2,parte1/resultados_Friedman/friedman_1M_bmlh168_n045__mem10__20260416_172734.jld2,w168,89,45,0.0001,StrategySelective,Selective,1,2.204690316860488,3.094228372261868,74.04869425385084,-2.1250134171724624,0.12904659594481324,5947,0.36028385162353516,187.93287777900696,,12,12,true
friedman_1M_bmlh168_n045__mem10__20260416_172734.jld2,parte1/resultados_Friedman/friedman_1M_bmlh168_n045__mem10__20260416_172734.jld2,w168,129,45,1.0e-5,StrategySelective,Selective,1,2.202366320396706,3.0542408948928697,72.63295348181573,-2.0639933567182234,0.12736133397160682,5947,0.14911293983459473,170.95150303840637,,12,12,true
friedman_1M_bmlh168_n045__mem10__20260416_172734.jld2,parte1/resultados_Friedman/friedman_1M_bmlh168_n045__mem10__20260416_172734.jld2,w168,169,45,1.0e-6,StrategySelective,Selective,1,2.20791774013012,3.060992513120096,72.14613392318311,-2.0426571650398677,0.1276434879257046,5947,0.18674612045288086,173.83383893966675,,12,12,true
friedman_1M_bmlh168_n045__mem10__20260416_172734.jld2,parte1/resultados_Friedman/friedman_1M_bmlh168_n045__mem10__20260416_172734.jld2,w168,209,45,1.0e-7,StrategySelective,Selective,1,2.202296182786679,3.056108393771225,72.75297445817563,-2.0685797434300364,0.1274397474758298,5947,0.16604280471801758,173.55627489089966,,12,12,true
friedman_1M_bmlh168_n045__mem10__20260416_172734.jld2,parte1/resultados_Friedman/friedman_1M_bmlh168_n045__mem10__20260416_172734.jld2,w168,249,45,0.01,StrategySelectiveWithConstantOptimization,Selective+ConstOpt,1,2.175056576870046,2.9076322467504747,41.43583585672909,-0.6121744774157982,0.12139399212232131,5947,0.6602938175201416,174.12863898277283,,12,12,true
friedman_1M_bmlh168_n045__mem10__20260416_172734.jld2,parte1/resultados_Friedman/friedman_1M_bmlh168_n045__mem10__20260416_172734.jld2,w168,289,45,0.001,StrategySelectiveWithConstantOptimization,Selective+ConstOpt,1,2.2065787334264133,3.113427236276161,96.57687801150139,-2.9685949142036177,0.12978787120222143,5947,0.11320090293884277,173.555025100708,,12,12,true
friedman_1M_bmlh168_n045__mem10__20260416_172734.jld2,parte1/resultados_Friedman/friedman_1M_bmlh168_n045__mem10__20260416_172734.jld2,w168,329,45,0.0001,StrategySelectiveWithConstantOptimization,Selective+ConstOpt,1,2.198679552681884,3.0505608247479623,72.46732037665154,-2.056710231186543,0.12720722087135194,5947,0.11228394508361816,173.58307695388794,,12,12,true
friedman_1M_bmlh168_n045__mem10__20260416_172734.jld2,parte1/resultados_Friedman/friedman_1M_bmlh168_n045__mem10__20260416_172734.jld2,w168,369,45,1.0e-5,StrategySelectiveWithConstantOptimization,Selective+ConstOpt,1,2.2030025506186197,3.054436770122402,72.63459709855704,-2.0640536809311425,0.12736938334707337,5947,0.11286211013793945,171.77157998085022,,12,12,true
friedman_1M_bmlh168_n045__mem10__20260416_172734.jld2,parte1/resultados_Friedman/friedman_1M_bmlh168_n045__mem10__20260416_172734.jld2,w168,409,45,1.0e-6,StrategySelectiveWithConstantOptimization,Selective+ConstOpt,1,2.202486758269354,3.0561437143789902,72.70310659177456,-2.0664887023767378,0.1274413759503508,5947,0.11750984191894531,169.62801504135132,,12,12,true
friedman_1M_bmlh168_n045__mem10__20260416_172734.jld2,parte1/resultados_Friedman/friedman_1M_bmlh168_n045__mem10__20260416_172734.jld2,w168,449,45,1.0e-7,StrategySelectiveWithConstantOptimization,Selective+ConstOpt,1,2.20230128038901,3.0560881945746234,72.75089799744558,-2.068511814116677,0.1274389175908401,5947,0.12122082710266113,170.11049103736877,,12,12,true
friedman_1M_bmlh168_n050_stream__20260416_113909.jld2,parte1/resultados_Friedman/friedman_1M_bmlh168_n050_stream__20260416_113909.jld2,w168,10,50,0.01,StrategySelective,Selective,1,2.1661514141947076,2.8250074199804702,10.26209433254011,0.584155020398953,0.11800517330218574,5947,10.51554799079895,214.95608019828796,,12,12,true
friedman_1M_bmlh168_n050_stream__20260416_113909.jld2,parte1/resultados_Friedman/friedman_1M_bmlh168_n050_stream__20260416_113909.jld2,w168,50,50,0.001,StrategySelective,Selective,1,2.2087283799624196,3.1521499145452814,98.3610391566062,-3.0452275540905624,0.13141906314662774,5947,1.1695220470428467,201.0808811187744,,12,12,true
friedman_1M_bmlh168_n050_stream__20260416_113909.jld2,parte1/resultados_Friedman/friedman_1M_bmlh168_n050_stream__20260416_113909.jld2,w168,90,50,0.0001,StrategySelective,Selective,1,2.2063831292119844,3.0962540812643,75.25418563586581,-2.176781817289653,0.1291292442151245,5947,0.27071213722229004,199.50003504753113,,12,12,true
friedman_1M_bmlh168_n050_stream__20260416_113909.jld2,parte1/resultados_Friedman/friedman_1M_bmlh168_n050_stream__20260416_113909.jld2,w168,130,50,1.0e-5,StrategySelective,Selective,1,2.2071390064368273,3.096699014642516,75.08897292478277,-2.16977312371078,0.12914808751884221,5947,0.15926599502563477,199.61449313163757,,12,12,true
friedman_1M_bmlh168_n050_stream__20260416_113909.jld2,parte1/resultados_Friedman/friedman_1M_bmlh168_n050_stream__20260416_113909.jld2,w168,170,50,1.0e-6,StrategySelective,Selective,1,2.207758298174146,3.0975346763582152,75.10167286102303,-2.169791005484713,0.12918253874185825,5947,0.17596006393432617,199.81728792190552,,12,12,true
friedman_1M_bmlh168_n050_stream__20260416_113909.jld2,parte1/resultados_Friedman/friedman_1M_bmlh168_n050_stream__20260416_113909.jld2,w168,210,50,1.0e-7,StrategySelective,Selective,1,2.207865349984356,3.0992217891038054,75.11870665203392,-2.170379090541561,0.12925392504123454,5947,0.20398497581481934,199.27084493637085,,12,12,true
friedman_1M_bmlh168_n050_stream__20260416_113909.jld2,parte1/resultados_Friedman/friedman_1M_bmlh168_n050_stream__20260416_113909.jld2,w168,250,50,0.01,StrategySelectiveWithConstantOptimization,Selective+ConstOpt,1,2.1675258273888813,2.8257189148649995,10.261699222881608,0.5841529287997592,0.11803496063160296,5947,0.6689729690551758,197.60659217834473,,12,12,true
friedman_1M_bmlh168_n050_stream__20260416_113909.jld2,parte1/resultados_Friedman/friedman_1M_bmlh168_n050_stream__20260416_113909.jld2,w168,290,50,0.001,StrategySelectiveWithConstantOptimization,Selective+ConstOpt,1,2.211206859554666,3.1549172024423573,98.61333474372987,-3.0563238641965507,0.13153460262641511,5947,0.13491582870483398,199.0773220062256,,12,12,true
friedman_1M_bmlh168_n050_stream__20260416_113909.jld2,parte1/resultados_Friedman/friedman_1M_bmlh168_n050_stream__20260416_113909.jld2,w168,330,50,0.0001,StrategySelectiveWithConstantOptimization,Selective+ConstOpt,1,2.2033514410141564,3.0924458023808437,74.72829639622701,-2.1540930609143922,0.1289701703884955,5947,0.11956191062927246,199.26512503623962,,12,12,true
friedman_1M_bmlh168_n050_stream__20260416_113909.jld2,parte1/resultados_Friedman/friedman_1M_bmlh168_n050_stream__20260416_113909.jld2,w168,370,50,1.0e-5,StrategySelectiveWithConstantOptimization,Selective+ConstOpt,1,2.2075477823516585,3.0969719762908086,75.20087492149317,-2.1744941865407292,0.12915910094060307,5947,0.12621116638183594,198.78489995002747,,12,12,true
friedman_1M_bmlh168_n050_stream__20260416_113909.jld2,parte1/resultados_Friedman/friedman_1M_bmlh168_n050_stream__20260416_113909.jld2,w168,410,50,1.0e-6,StrategySelectiveWithConstantOptimization,Selective+ConstOpt,1,2.207942791592108,3.097490072975954,75.05303684718086,-2.167708218821347,0.12918076699001674,5947,0.1445000171661377,198.57284307479858,,12,12,true
friedman_1M_bmlh168_n050_stream__20260416_113909.jld2,parte1/resultados_Friedman/friedman_1M_bmlh168_n050_stream__20260416_113909.jld2,w168,450,50,1.0e-7,StrategySelectiveWithConstantOptimization,Selective+ConstOpt,1,2.2078523475359897,3.0992553396384785,75.1255533509702,-2.1706873157917546,0.12925532804419712,5947,0.14972496032714844,205.3389241695404,,12,12,true
friedman_1M_bmlh168_n055__mem10__20260416_172734.jld2,parte1/resultados_Friedman/friedman_1M_bmlh168_n055__mem10__20260416_172734.jld2,w168,11,55,0.01,StrategySelective,Selective,1,2.174887651516589,2.9159530362033093,41.81162926961546,-0.6264762023259249,0.12173884326500482,5947,12.969383001327515,208.45332503318787,,12,12,true
friedman_1M_bmlh168_n055__mem10__20260416_172734.jld2,parte1/resultados_Friedman/friedman_1M_bmlh168_n055__mem10__20260416_172734.jld2,w168,51,55,0.001,StrategySelective,Selective,1,2.253693042758349,3.7160050350742937,1458.7917728226319,-61.412541599100564,0.15475321871288086,5947,2.4098880290985107,199.07872200012207,,12,12,true
friedman_1M_bmlh168_n055__mem10__20260416_172734.jld2,parte1/resultados_Friedman/friedman_1M_bmlh168_n055__mem10__20260416_172734.jld2,w168,91,55,0.0001,StrategySelective,Selective,1,2.19993332674189,3.0437295065122663,68.95797834238881,-1.9182995951269437,0.12693595256301565,5947,1.8412411212921143,204.65155005455017,,12,12,true
friedman_1M_bmlh168_n055__mem10__20260416_172734.jld2,parte1/resultados_Friedman/friedman_1M_bmlh168_n055__mem10__20260416_172734.jld2,w168,131,55,1.0e-5,StrategySelective,Selective,1,2.2051716906302654,3.100281971761446,74.90525386135924,-2.16158629031671,0.1292983295978934,5947,0.6877789497375488,194.48728895187378,,12,12,true
friedman_1M_bmlh168_n055__mem10__20260416_172734.jld2,parte1/resultados_Friedman/friedman_1M_bmlh168_n055__mem10__20260416_172734.jld2,w168,171,55,1.0e-6,StrategySelective,Selective,1,2.226598014022446,3.3035350505524277,104.21371209895365,-3.2741825498720076,0.13757853046046797,5947,1.9018299579620361,197.026535987854,,12,12,true
friedman_1M_bmlh168_n055__mem10__20260416_172734.jld2,parte1/resultados_Friedman/friedman_1M_bmlh168_n055__mem10__20260416_172734.jld2,w168,211,55,1.0e-7,StrategySelective,Selective,1,2.2227336858156406,3.2518118176772313,86.45635903997834,-2.643758282964722,0.13554759708700692,5947,2.0652740001678467,197.8233528137207,,12,12,true
friedman_1M_bmlh168_n055__mem10__20260416_172734.jld2,parte1/resultados_Friedman/friedman_1M_bmlh168_n055__mem10__20260416_172734.jld2,w168,251,55,0.01,StrategySelectiveWithConstantOptimization,Selective+ConstOpt,1,2.1795116929987803,2.946105613580718,24.087384148095744,-0.018463932302631922,0.1231552579299371,5947,1.6762330532073975,196.8108777999878,,12,12,true
friedman_1M_bmlh168_n055__mem10__20260416_172734.jld2,parte1/resultados_Friedman/friedman_1M_bmlh168_n055__mem10__20260416_172734.jld2,w168,291,55,0.001,StrategySelectiveWithConstantOptimization,Selective+ConstOpt,1,2.2233023385437836,3.3190459730850574,162.50344587059715,-5.816028906065105,0.13873204949050028,5947,0.7852230072021484,196.00268602371216,,12,12,true
friedman_1M_bmlh168_n055__mem10__20260416_172734.jld2,parte1/resultados_Friedman/friedman_1M_bmlh168_n055__mem10__20260416_172734.jld2,w168,331,55,0.0001,StrategySelectiveWithConstantOptimization,Selective+ConstOpt,1,2.2047556817451603,3.1052106779762596,75.51615086229263,-2.186874806677319,0.12950352418657385,5947,1.0602128505706787,193.44258189201355,,12,12,true
friedman_1M_bmlh168_n055__mem10__20260416_172734.jld2,parte1/resultados_Friedman/friedman_1M_bmlh168_n055__mem10__20260416_172734.jld2,w168,371,55,1.0e-5,StrategySelectiveWithConstantOptimization,Selective+ConstOpt,1,2.2017356899480864,3.073440196468813,73.8244036370675,-2.111143722566678,0.12817656659843968,5947,0.6544859409332275,191.61994695663452,,12,12,true
friedman_1M_bmlh168_n055__mem10__20260416_172734.jld2,parte1/resultados_Friedman/friedman_1M_bmlh168_n055__mem10__20260416_172734.jld2,w168,411,55,1.0e-6,StrategySelectiveWithConstantOptimization,Selective+ConstOpt,1,2.217150959442643,3.2116157625783077,82.28188722036379,-2.4420348691907305,0.13381235148810075,5947,0.8941991329193115,191.8681058883667,,12,12,true
friedman_1M_bmlh168_n055__mem10__20260416_172734.jld2,parte1/resultados_Friedman/friedman_1M_bmlh168_n055__mem10__20260416_172734.jld2,w168,451,55,1.0e-7,StrategySelectiveWithConstantOptimization,Selective+ConstOpt,1,2.207028409660429,3.0910615143338718,74.28811828369854,-2.1421542051793354,0.12891902216900708,5947,0.18460321426391602,191.42905402183533,,12,12,true
friedman_1M_bmlh168_n060_stream__20260416_113909.jld2,parte1/resultados_Friedman/friedman_1M_bmlh168_n060_stream__20260416_113909.jld2,w168,12,60,0.01,StrategySelective,Selective,1,2.174887651516589,2.9159530362033093,41.81162926961546,-0.6264762023259249,0.12173884326500482,5947,12.735702991485596,186.84685802459717,,12,12,true
friedman_1M_bmlh168_n060_stream__20260416_113909.jld2,parte1/resultados_Friedman/friedman_1M_bmlh168_n060_stream__20260416_113909.jld2,w168,52,60,0.001,StrategySelective,Selective,1,2.2072822744505025,3.111090137571883,74.21783913049339,-2.12920841457993,0.12972054657158738,5947,4.524121999740601,175.9358901977539,,12,12,true
friedman_1M_bmlh168_n060_stream__20260416_113909.jld2,parte1/resultados_Friedman/friedman_1M_bmlh168_n060_stream__20260416_113909.jld2,w168,92,60,0.0001,StrategySelective,Selective,1,2.2013783688286175,3.07593159267124,73.61373654928654,-2.1042930744538744,0.1282397110905912,5947,2.2355778217315674,173.22264504432678,,12,12,true
friedman_1M_bmlh168_n060_stream__20260416_113909.jld2,parte1/resultados_Friedman/friedman_1M_bmlh168_n060_stream__20260416_113909.jld2,w168,132,60,1.0e-5,StrategySelective,Selective,1,2.2052466870836476,3.1035474863640102,74.363929336533,-2.1423256467043004,0.12946637337065914,5947,1.0776708126068115,172.2859411239624,,12,12,true
friedman_1M_bmlh168_n060_stream__20260416_113909.jld2,parte1/resultados_Friedman/friedman_1M_bmlh168_n060_stream__20260416_113909.jld2,w168,172,60,1.0e-6,StrategySelective,Selective,1,2.2210196910283444,3.2372447020031236,81.75377024374201,-2.4311917798211673,0.13490716301278885,5947,2.1203670501708984,172.81645107269287,,12,12,true
friedman_1M_bmlh168_n060_stream__20260416_113909.jld2,parte1/resultados_Friedman/friedman_1M_bmlh168_n060_stream__20260416_113909.jld2,w168,212,60,1.0e-7,StrategySelective,Selective,1,2.2259310962097305,3.2874336298715368,123.12326069820386,-4.214178303728598,0.1370163988724259,5947,2.2944610118865967,172.73064994812012,,12,12,true
friedman_1M_bmlh168_n060_stream__20260416_113909.jld2,parte1/resultados_Friedman/friedman_1M_bmlh168_n060_stream__20260416_113909.jld2,w168,252,60,0.01,StrategySelectiveWithConstantOptimization,Selective+ConstOpt,1,2.1785397061604894,2.9368766997421116,22.30338900092119,0.05000740395903164,0.1227780641688018,5947,2.6861748695373535,173.4200620651245,,12,12,true
friedman_1M_bmlh168_n060_stream__20260416_113909.jld2,parte1/resultados_Friedman/friedman_1M_bmlh168_n060_stream__20260416_113909.jld2,w168,292,60,0.001,StrategySelectiveWithConstantOptimization,Selective+ConstOpt,1,2.1981374620494463,2.982242496401195,17.037274211161908,0.31323544079820914,0.12459643864261616,5947,1.5442519187927246,171.8661949634552,,12,12,true
friedman_1M_bmlh168_n060_stream__20260416_113909.jld2,parte1/resultados_Friedman/friedman_1M_bmlh168_n060_stream__20260416_113909.jld2,w168,332,60,0.0001,StrategySelectiveWithConstantOptimization,Selective+ConstOpt,1,2.2024689739760928,3.082776827777497,71.26847302701657,-2.0176673895291373,0.12858008451951655,5947,1.2210049629211426,171.91530013084412,,12,12,true
friedman_1M_bmlh168_n060_stream__20260416_113909.jld2,parte1/resultados_Friedman/friedman_1M_bmlh168_n060_stream__20260416_113909.jld2,w168,372,60,1.0e-5,StrategySelectiveWithConstantOptimization,Selective+ConstOpt,1,2.2008424837483984,3.056937959198224,71.39376048960484,-2.0187991608317186,0.12749858029145328,5947,0.8988480567932129,171.36659812927246,,12,12,true
friedman_1M_bmlh168_n060_stream__20260416_113909.jld2,parte1/resultados_Friedman/friedman_1M_bmlh168_n060_stream__20260416_113909.jld2,w168,412,60,1.0e-6,StrategySelectiveWithConstantOptimization,Selective+ConstOpt,1,2.215736763707677,3.185387147917902,76.87462116107491,-2.2354333682687977,0.1327511662154202,5947,1.0798790454864502,171.56538081169128,,12,12,true
friedman_1M_bmlh168_n060_stream__20260416_113909.jld2,parte1/resultados_Friedman/friedman_1M_bmlh168_n060_stream__20260416_113909.jld2,w168,452,60,1.0e-7,StrategySelectiveWithConstantOptimization,Selective+ConstOpt,1,2.2181303216043298,3.225539812893044,103.47198862186504,-3.377389388688531,0.13442841825683213,5947,1.4416358470916748,171.9538450241089,,12,12,true
friedman_1M_bmlh168_n065__mem10__20260416_172734.jld2,parte1/resultados_Friedman/friedman_1M_bmlh168_n065__mem10__20260416_172734.jld2,w168,13,65,0.01,StrategySelective,Selective,1,2.174887651516589,2.9159530362033093,41.81162926961546,-0.6264762023259249,0.12173884326500482,5947,13.013063907623291,194.09435606002808,,12,12,true
friedman_1M_bmlh168_n065__mem10__20260416_172734.jld2,parte1/resultados_Friedman/friedman_1M_bmlh168_n065__mem10__20260416_172734.jld2,w168,53,65,0.001,StrategySelective,Selective,1,2.1973014765429615,2.9917079672306057,17.296722920655345,0.30288357923658343,0.1250139920755332,5947,6.973245859146118,186.5542449951172,,12,12,true
friedman_1M_bmlh168_n065__mem10__20260416_172734.jld2,parte1/resultados_Friedman/friedman_1M_bmlh168_n065__mem10__20260416_172734.jld2,w168,93,65,0.0001,StrategySelective,Selective,1,2.210084554983927,3.1449578342856124,101.2431489328495,-3.168137349407649,0.1310728288935731,5947,3.198158025741577,194.82318019866943,,12,12,true
friedman_1M_bmlh168_n065__mem10__20260416_172734.jld2,parte1/resultados_Friedman/friedman_1M_bmlh168_n065__mem10__20260416_172734.jld2,w168,133,65,1.0e-5,StrategySelective,Selective,1,2.20824542390912,3.176894136812218,102.03761432229896,-3.351353875239101,0.1321821915601897,5947,2.4022629261016846,180.95066499710083,,12,12,true
friedman_1M_bmlh168_n065__mem10__20260416_172734.jld2,parte1/resultados_Friedman/friedman_1M_bmlh168_n065__mem10__20260416_172734.jld2,w168,173,65,1.0e-6,StrategySelective,Selective,1,2.227628180350313,3.3929575444165914,174.912460079228,-6.543051800922238,0.14156991655589912,5947,4.409480810165405,185.0908432006836,,12,12,true
friedman_1M_bmlh168_n065__mem10__20260416_172734.jld2,parte1/resultados_Friedman/friedman_1M_bmlh168_n065__mem10__20260416_172734.jld2,w168,213,65,1.0e-7,StrategySelective,Selective,1,2.2766317779315974,3.9272454585018437,666.1178397779867,-26.97078605985412,0.16478924376248805,5947,5.027801990509033,186.01432299613953,,12,12,true
friedman_1M_bmlh168_n065__mem10__20260416_172734.jld2,parte1/resultados_Friedman/friedman_1M_bmlh168_n065__mem10__20260416_172734.jld2,w168,253,65,0.01,StrategySelectiveWithConstantOptimization,Selective+ConstOpt,1,2.1785397061604894,2.9368766997421116,22.30338900092119,0.05000740395903164,0.1227780641688018,5947,2.752458095550537,183.33631491661072,,12,12,true
friedman_1M_bmlh168_n065__mem10__20260416_172734.jld2,parte1/resultados_Friedman/friedman_1M_bmlh168_n065__mem10__20260416_172734.jld2,w168,293,65,0.001,StrategySelectiveWithConstantOptimization,Selective+ConstOpt,1,2.199019033937534,2.987808630392124,17.061571230989813,0.3121422171955142,0.12485002702341785,5947,3.60943603515625,184.26942896842957,,12,12,true
friedman_1M_bmlh168_n065__mem10__20260416_172734.jld2,parte1/resultados_Friedman/friedman_1M_bmlh168_n065__mem10__20260416_172734.jld2,w168,333,65,0.0001,StrategySelectiveWithConstantOptimization,Selective+ConstOpt,1,2.1996470889048307,3.0512885629058024,69.53797000289161,-1.9426694819980947,0.12723165790667815,5947,2.468233108520508,182.27829885482788,,12,12,true
friedman_1M_bmlh168_n065__mem10__20260416_172734.jld2,parte1/resultados_Friedman/friedman_1M_bmlh168_n065__mem10__20260416_172734.jld2,w168,373,65,1.0e-5,StrategySelectiveWithConstantOptimization,Selective+ConstOpt,1,2.197790029922959,3.0661209098704436,69.91561741770782,-1.9594855156006725,0.12784337125432227,5947,2.1460208892822266,178.48292994499207,,12,12,true
friedman_1M_bmlh168_n065__mem10__20260416_172734.jld2,parte1/resultados_Friedman/friedman_1M_bmlh168_n065__mem10__20260416_172734.jld2,w168,413,65,1.0e-6,StrategySelectiveWithConstantOptimization,Selective+ConstOpt,1,2.2330740178250834,3.4442826391407757,266.1132407251749,-9.36578205676761,0.14323652100868406,5947,2.481905937194824,179.10405111312866,,12,12,true
friedman_1M_bmlh168_n065__mem10__20260416_172734.jld2,parte1/resultados_Friedman/friedman_1M_bmlh168_n065__mem10__20260416_172734.jld2,w168,453,65,1.0e-7,StrategySelectiveWithConstantOptimization,Selective+ConstOpt,1,2.381280330139003,5.283727807524985,13599.317507395894,-591.0789839062905,0.22632961457879705,5947,2.66314697265625,179.09598398208618,,12,12,true
friedman_1M_bmlh168_n070_stream__20260416_113910.jld2,parte1/resultados_Friedman/friedman_1M_bmlh168_n070_stream__20260416_113910.jld2,w168,14,70,0.01,StrategySelective,Selective,1,2.174887651516589,2.9159530362033093,41.81162926961546,-0.6264762023259249,0.12173884326500482,5947,12.728517770767212,195.66489720344543,,12,12,true
friedman_1M_bmlh168_n070_stream__20260416_113910.jld2,parte1/resultados_Friedman/friedman_1M_bmlh168_n070_stream__20260416_113910.jld2,w168,54,70,0.001,StrategySelective,Selective,1,2.197156085934762,2.9960465681196204,17.30251703050387,0.3024182045711082,0.12519291661612186,5947,10.033427000045776,190.2675178050995,,12,12,true
friedman_1M_bmlh168_n070_stream__20260416_113910.jld2,parte1/resultados_Friedman/friedman_1M_bmlh168_n070_stream__20260416_113910.jld2,w168,94,70,0.0001,StrategySelective,Selective,1,2.20348781914232,3.116683066024325,74.59034455898667,-2.142176484596449,0.12999284176801712,5947,3.982367992401123,183.67176914215088,,12,12,true
friedman_1M_bmlh168_n070_stream__20260416_113910.jld2,parte1/resultados_Friedman/friedman_1M_bmlh168_n070_stream__20260416_113910.jld2,w168,134,70,1.0e-5,StrategySelective,Selective,1,2.2139429434395352,3.2596780408603405,255.2394491548766,-10.061280107436849,0.13529292697184103,5947,2.803169012069702,182.36858010292053,,12,12,true
friedman_1M_bmlh168_n070_stream__20260416_113910.jld2,parte1/resultados_Friedman/friedman_1M_bmlh168_n070_stream__20260416_113910.jld2,w168,174,70,1.0e-6,StrategySelective,Selective,1,2.2244602514897673,3.291330467907053,106.84662732599286,-3.2968524581921614,0.13700460425540142,5947,4.895416975021362,184.50976610183716,,12,12,true
friedman_1M_bmlh168_n070_stream__20260416_113910.jld2,parte1/resultados_Friedman/friedman_1M_bmlh168_n070_stream__20260416_113910.jld2,w168,214,70,1.0e-7,StrategySelective,Selective,1,2.2808519955304427,3.8705325001289133,359.76956205366884,-13.665966542949814,0.16156561840701386,5947,7.74184513092041,187.6264431476593,,12,12,true
friedman_1M_bmlh168_n070_stream__20260416_113910.jld2,parte1/resultados_Friedman/friedman_1M_bmlh168_n070_stream__20260416_113910.jld2,w168,254,70,0.01,StrategySelectiveWithConstantOptimization,Selective+ConstOpt,1,2.1785397061604894,2.9368766997421116,22.30338900092119,0.05000740395903164,0.1227780641688018,5947,3.1437430381774902,181.56894493103027,,12,12,true
friedman_1M_bmlh168_n070_stream__20260416_113910.jld2,parte1/resultados_Friedman/friedman_1M_bmlh168_n070_stream__20260416_113910.jld2,w168,294,70,0.001,StrategySelectiveWithConstantOptimization,Selective+ConstOpt,1,2.1979317423071807,2.9920070669668926,17.18916669493706,0.3069105017572577,0.12502307646337182,5947,5.4171998500823975,183.5852029323578,,12,12,true
friedman_1M_bmlh168_n070_stream__20260416_113910.jld2,parte1/resultados_Friedman/friedman_1M_bmlh168_n070_stream__20260416_113910.jld2,w168,334,70,0.0001,StrategySelectiveWithConstantOptimization,Selective+ConstOpt,1,2.20068317787737,3.055968332608072,69.22073328363574,-1.9289187069838802,0.12742908641368533,5947,2.001962900161743,180.60314297676086,,12,12,true
friedman_1M_bmlh168_n070_stream__20260416_113910.jld2,parte1/resultados_Friedman/friedman_1M_bmlh168_n070_stream__20260416_113910.jld2,w168,374,70,1.0e-5,StrategySelectiveWithConstantOptimization,Selective+ConstOpt,1,2.2162114938147894,3.216523050403057,81.7920998883549,-2.4406453073598997,0.13428666873952022,5947,3.550259828567505,181.86439085006714,,12,12,true
friedman_1M_bmlh168_n070_stream__20260416_113910.jld2,parte1/resultados_Friedman/friedman_1M_bmlh168_n070_stream__20260416_113910.jld2,w168,414,70,1.0e-6,StrategySelectiveWithConstantOptimization,Selective+ConstOpt,1,2.2294595344070856,3.3394526479248987,176.78706976355727,-6.543137358226,0.1396240763934421,5947,3.1360437870025635,181.3296139240265,,12,12,true
friedman_1M_bmlh168_n070_stream__20260416_113910.jld2,parte1/resultados_Friedman/friedman_1M_bmlh168_n070_stream__20260416_113910.jld2,w168,454,70,1.0e-7,StrategySelectiveWithConstantOptimization,Selective+ConstOpt,1,2.240063350808759,3.4745790353703363,101.67794373276833,-3.2467212870596827,0.14511162667949778,5947,4.234064102172852,182.55917596817017,,12,12,true
friedman_1M_bmlh168_n075__mem10__20260416_172734.jld2,parte1/resultados_Friedman/friedman_1M_bmlh168_n075__mem10__20260416_172734.jld2,w168,15,75,0.01,StrategySelective,Selective,1,2.174887651516589,2.9159530362033093,41.81162926961546,-0.6264762023259249,0.12173884326500482,5947,13.162805080413818,215.95407700538635,,12,12,true
friedman_1M_bmlh168_n075__mem10__20260416_172734.jld2,parte1/resultados_Friedman/friedman_1M_bmlh168_n075__mem10__20260416_172734.jld2,w168,55,75,0.001,StrategySelective,Selective,1,2.2008527519942853,3.049871027752921,88.47996414799435,-2.6138915058991143,0.12784089264588164,5947,13.404014825820923,220.93266201019287,,12,12,true
friedman_1M_bmlh168_n075__mem10__20260416_172734.jld2,parte1/resultados_Friedman/friedman_1M_bmlh168_n075__mem10__20260416_172734.jld2,w168,95,75,0.0001,StrategySelective,Selective,1,2.2259642345450232,3.3909900379853273,313.16686228989994,-10.752186099744916,0.14167592061200254,5947,7.775802850723267,214.40014004707336,,12,12,true
friedman_1M_bmlh168_n075__mem10__20260416_172734.jld2,parte1/resultados_Friedman/friedman_1M_bmlh168_n075__mem10__20260416_172734.jld2,w168,135,75,1.0e-5,StrategySelective,Selective,1,2.247444554633878,3.6306240952709286,1352.2568871181295,-51.21851889642169,0.15298476514836745,5947,6.164001941680908,208.82221508026123,,12,12,true
friedman_1M_bmlh168_n075__mem10__20260416_172734.jld2,parte1/resultados_Friedman/friedman_1M_bmlh168_n075__mem10__20260416_172734.jld2,w168,175,75,1.0e-6,StrategySelective,Selective,1,2.67210979116285,8.973820366173486,172752.67207500993,-7323.429211327393,0.3732830650874754,5947,10.550649881362915,212.66709899902344,,12,12,true
friedman_1M_bmlh168_n075__mem10__20260416_172734.jld2,parte1/resultados_Friedman/friedman_1M_bmlh168_n075__mem10__20260416_172734.jld2,w168,215,75,1.0e-7,StrategySelective,Selective,1,2.260913589849068,3.683146802308178,126.94858309987792,-4.398491217381895,0.15414955833401417,5947,10.83228588104248,212.96265697479248,,12,12,true
friedman_1M_bmlh168_n075__mem10__20260416_172734.jld2,parte1/resultados_Friedman/friedman_1M_bmlh168_n075__mem10__20260416_172734.jld2,w168,255,75,0.01,StrategySelectiveWithConstantOptimization,Selective+ConstOpt,1,2.1785397061604894,2.9368766997421116,22.30338900092119,0.05000740395903164,0.1227780641688018,5947,2.764219045639038,205.19848799705505,,12,12,true
friedman_1M_bmlh168_n075__mem10__20260416_172734.jld2,parte1/resultados_Friedman/friedman_1M_bmlh168_n075__mem10__20260416_172734.jld2,w168,295,75,0.001,StrategySelectiveWithConstantOptimization,Selective+ConstOpt,1,2.186752354325135,2.931865153490027,14.937423049827594,0.3991174457325977,0.12248738028076304,5947,7.130016803741455,208.58046197891235,,12,12,true
friedman_1M_bmlh168_n075__mem10__20260416_172734.jld2,parte1/resultados_Friedman/friedman_1M_bmlh168_n075__mem10__20260416_172734.jld2,w168,335,75,0.0001,StrategySelectiveWithConstantOptimization,Selective+ConstOpt,1,2.2332426678506274,3.474678605784515,543.3286719083626,-19.039801404263795,0.14526834356627505,5947,3.5757088661193848,201.6461260318756,,12,12,true
friedman_1M_bmlh168_n075__mem10__20260416_172734.jld2,parte1/resultados_Friedman/friedman_1M_bmlh168_n075__mem10__20260416_172734.jld2,w168,375,75,1.0e-5,StrategySelectiveWithConstantOptimization,Selective+ConstOpt,1,2.215425429816971,3.2241309521799506,85.39259222778949,-2.5937658846397227,0.13452469665261682,5947,4.565392017364502,202.5170600414276,,12,12,true
friedman_1M_bmlh168_n075__mem10__20260416_172734.jld2,parte1/resultados_Friedman/friedman_1M_bmlh168_n075__mem10__20260416_172734.jld2,w168,415,75,1.0e-6,StrategySelectiveWithConstantOptimization,Selective+ConstOpt,1,2.3453000638034474,4.693135580208396,2248.2745943254035,-86.82111278282804,0.19675256766923363,5947,8.018778085708618,206.1139760017395,,12,12,true
friedman_1M_bmlh168_n075__mem10__20260416_172734.jld2,parte1/resultados_Friedman/friedman_1M_bmlh168_n075__mem10__20260416_172734.jld2,w168,455,75,1.0e-7,StrategySelectiveWithConstantOptimization,Selective+ConstOpt,1,2.2725316376597653,3.8332504854235845,274.710125967288,-10.276207366328466,0.16141068383868135,5947,6.025512933731079,204.56248307228088,,12,12,true
friedman_1M_bmlh168_n080_stream__20260416_113910.jld2,parte1/resultados_Friedman/friedman_1M_bmlh168_n080_stream__20260416_113910.jld2,w168,16,80,0.01,StrategySelective,Selective,1,2.174887651516589,2.9159530362033093,41.81162926961546,-0.6264762023259249,0.12173884326500482,5947,12.81283187866211,208.96102595329285,,12,12,true
friedman_1M_bmlh168_n080_stream__20260416_113910.jld2,parte1/resultados_Friedman/friedman_1M_bmlh168_n080_stream__20260416_113910.jld2,w168,56,80,0.001,StrategySelective,Selective,1,2.189309453619219,2.9715481865554567,17.221027960536535,0.29086893866585606,0.1242287284885178,5947,14.894542932510376,208.22592306137085,,12,12,true
friedman_1M_bmlh168_n080_stream__20260416_113910.jld2,parte1/resultados_Friedman/friedman_1M_bmlh168_n080_stream__20260416_113910.jld2,w168,96,80,0.0001,StrategySelective,Selective,1,2.2328744294916034,3.4385671262430724,329.3148800579845,-11.337111110876245,0.14367040163279918,5947,7.216835021972656,200.39561796188354,,12,12,true
friedman_1M_bmlh168_n080_stream__20260416_113910.jld2,parte1/resultados_Friedman/friedman_1M_bmlh168_n080_stream__20260416_113910.jld2,w168,136,80,1.0e-5,StrategySelective,Selective,1,2.2730358520891847,3.985423084465356,2110.035241318955,-94.41757370917674,0.16460374414129497,5947,8.22833800315857,200.64061307907104,,12,12,true
friedman_1M_bmlh168_n080_stream__20260416_113910.jld2,parte1/resultados_Friedman/friedman_1M_bmlh168_n080_stream__20260416_113910.jld2,w168,176,80,1.0e-6,StrategySelective,Selective,1,2.4000087213462065,5.398518042880162,15903.131067317272,-704.3851732950266,0.22523022501208073,5947,15.030543088912964,207.35776019096375,,12,12,true
friedman_1M_bmlh168_n080_stream__20260416_113910.jld2,parte1/resultados_Friedman/friedman_1M_bmlh168_n080_stream__20260416_113910.jld2,w168,216,80,1.0e-7,StrategySelective,Selective,1,2.3462640242997512,4.7062665209895815,1688.704353098033,-71.73501485694446,0.1976964172623476,5947,11.753756046295166,204.5361111164093,,12,12,true
friedman_1M_bmlh168_n080_stream__20260416_113910.jld2,parte1/resultados_Friedman/friedman_1M_bmlh168_n080_stream__20260416_113910.jld2,w168,256,80,0.01,StrategySelectiveWithConstantOptimization,Selective+ConstOpt,1,2.1785397061604894,2.9368766997421116,22.30338900092119,0.05000740395903164,0.1227780641688018,5947,2.6738691329956055,195.01659488677979,,12,12,true
friedman_1M_bmlh168_n080_stream__20260416_113910.jld2,parte1/resultados_Friedman/friedman_1M_bmlh168_n080_stream__20260416_113910.jld2,w168,296,80,0.001,StrategySelectiveWithConstantOptimization,Selective+ConstOpt,1,2.188882358538703,2.950004057373808,15.356602531319867,0.37959917665628035,0.12327964611254497,5947,9.719357967376709,202.44643092155457,,12,12,true
friedman_1M_bmlh168_n080_stream__20260416_113910.jld2,parte1/resultados_Friedman/friedman_1M_bmlh168_n080_stream__20260416_113910.jld2,w168,336,80,0.0001,StrategySelectiveWithConstantOptimization,Selective+ConstOpt,1,2.2384444243565773,3.5043344995361236,545.573841284796,-19.138970457047286,0.14646838137404383,5947,5.759199857711792,198.1156520843506,,12,12,true
friedman_1M_bmlh168_n080_stream__20260416_113910.jld2,parte1/resultados_Friedman/friedman_1M_bmlh168_n080_stream__20260416_113910.jld2,w168,376,80,1.0e-5,StrategySelectiveWithConstantOptimization,Selective+ConstOpt,1,2.2315373197347603,3.4417880989978022,197.25833427903444,-7.078052546506914,0.14366228945894297,5947,6.273539066314697,198.3092360496521,,12,12,true
friedman_1M_bmlh168_n080_stream__20260416_113910.jld2,parte1/resultados_Friedman/friedman_1M_bmlh168_n080_stream__20260416_113910.jld2,w168,416,80,1.0e-6,StrategySelectiveWithConstantOptimization,Selective+ConstOpt,1,2.2814249318577686,3.8724240140368873,218.02824308582154,-7.7667623541881605,0.16199306683911951,5947,8.760356903076172,200.72680401802063,,12,12,true
friedman_1M_bmlh168_n080_stream__20260416_113910.jld2,parte1/resultados_Friedman/friedman_1M_bmlh168_n080_stream__20260416_113910.jld2,w168,456,80,1.0e-7,StrategySelectiveWithConstantOptimization,Selective+ConstOpt,1,2.2852418027561976,3.938124693355335,334.89378492062235,-12.365346007488595,0.16456233186441546,5947,6.670398950576782,198.30955696105957,,12,12,true
friedman_1M_bmlh168_n085__mem10__20260416_172734.jld2,parte1/resultados_Friedman/friedman_1M_bmlh168_n085__mem10__20260416_172734.jld2,w168,17,85,0.01,StrategySelective,Selective,1,2.174887651516589,2.9159530362033093,41.81162926961546,-0.6264762023259249,0.12173884326500482,5947,13.048269033432007,202.3939869403839,,12,12,true
friedman_1M_bmlh168_n085__mem10__20260416_172734.jld2,parte1/resultados_Friedman/friedman_1M_bmlh168_n085__mem10__20260416_172734.jld2,w168,57,85,0.001,StrategySelective,Selective,1,2.2102530436363925,3.22259960075884,215.21843699096996,-7.310792781244155,0.13452193733302892,5947,17.15273404121399,208.475811958313,,12,12,true
friedman_1M_bmlh168_n085__mem10__20260416_172734.jld2,parte1/resultados_Friedman/friedman_1M_bmlh168_n085__mem10__20260416_172734.jld2,w168,97,85,0.0001,StrategySelective,Selective,1,2.1097374069594017,3.023112666361766,221.1694512520907,-7.0707838340496325,0.1264025158780176,5947,13.55095100402832,209.22912311553955,,12,12,true
friedman_1M_bmlh168_n085__mem10__20260416_172734.jld2,parte1/resultados_Friedman/friedman_1M_bmlh168_n085__mem10__20260416_172734.jld2,w168,137,85,1.0e-5,StrategySelective,Selective,1,2.234191313743313,3.4743158107767846,235.97080027453603,-8.607020660587011,0.14520048649956127,5947,9.32668399810791,196.9970099925995,,12,12,true
friedman_1M_bmlh168_n085__mem10__20260416_172734.jld2,parte1/resultados_Friedman/friedman_1M_bmlh168_n085__mem10__20260416_172734.jld2,w168,177,85,1.0e-6,StrategySelective,Selective,1,2.382849387347942,5.19039928621619,6957.805917071311,-287.04897046703525,0.21856945464621916,5947,19.614928007125854,207.8127830028534,,12,12,true
friedman_1M_bmlh168_n085__mem10__20260416_172734.jld2,parte1/resultados_Friedman/friedman_1M_bmlh168_n085__mem10__20260416_172734.jld2,w168,217,85,1.0e-7,StrategySelective,Selective,1,2.056797472960078,3.2879209656608563,155.98633608691785,-5.345487756693123,0.13714456225541466,5947,28.659605979919434,217.3941090106964,,12,12,true
friedman_1M_bmlh168_n085__mem10__20260416_172734.jld2,parte1/resultados_Friedman/friedman_1M_bmlh168_n085__mem10__20260416_172734.jld2,w168,257,85,0.01,StrategySelectiveWithConstantOptimization,Selective+ConstOpt,1,2.1785397061604894,2.9368766997421116,22.30338900092119,0.05000740395903164,0.1227780641688018,5947,3.1380200386047363,191.32301688194275,,12,12,true
friedman_1M_bmlh168_n085__mem10__20260416_172734.jld2,parte1/resultados_Friedman/friedman_1M_bmlh168_n085__mem10__20260416_172734.jld2,w168,297,85,0.001,StrategySelectiveWithConstantOptimization,Selective+ConstOpt,1,2.2105214588650743,3.2029048303124723,212.22457463263075,-7.178802288658069,0.1336559087013839,5947,11.65292501449585,200.08844304084778,,12,12,true
friedman_1M_bmlh168_n085__mem10__20260416_172734.jld2,parte1/resultados_Friedman/friedman_1M_bmlh168_n085__mem10__20260416_172734.jld2,w168,337,85,0.0001,StrategySelectiveWithConstantOptimization,Selective+ConstOpt,1,2.2278540168252494,3.4000484874409937,485.89990517892187,-16.593599082072807,0.14240210837637368,5947,8.589234113693237,193.95905709266663,,12,12,true
friedman_1M_bmlh168_n085__mem10__20260416_172734.jld2,parte1/resultados_Friedman/friedman_1M_bmlh168_n085__mem10__20260416_172734.jld2,w168,377,85,1.0e-5,StrategySelectiveWithConstantOptimization,Selective+ConstOpt,1,2.216888080009107,3.2539611284351326,107.10730665332943,-3.3774564453234346,0.1363035245247273,5947,7.927077054977417,192.68535804748535,,12,12,true
friedman_1M_bmlh168_n085__mem10__20260416_172734.jld2,parte1/resultados_Friedman/friedman_1M_bmlh168_n085__mem10__20260416_172734.jld2,w168,417,85,1.0e-6,StrategySelectiveWithConstantOptimization,Selective+ConstOpt,1,2.285782266359496,3.9404467952483353,449.157917595506,-18.276112927256364,0.164769322359617,5947,11.730674982070923,196.57031798362732,,12,12,true
friedman_1M_bmlh168_n085__mem10__20260416_172734.jld2,parte1/resultados_Friedman/friedman_1M_bmlh168_n085__mem10__20260416_172734.jld2,w168,457,85,1.0e-7,StrategySelectiveWithConstantOptimization,Selective+ConstOpt,1,2.053921104176143,3.245333894942826,159.58502356134346,-5.548555519698148,0.13541327506995066,5947,13.49699091911316,198.40232396125793,,12,12,true
friedman_1M_bmlh168_n090_stream__20260416_113910.jld2,parte1/resultados_Friedman/friedman_1M_bmlh168_n090_stream__20260416_113910.jld2,w168,18,90,0.01,StrategySelective,Selective,1,2.174887651516589,2.9159530362033093,41.81162926961546,-0.6264762023259249,0.12173884326500482,5947,12.848891973495483,185.07087087631226,,12,12,true
friedman_1M_bmlh168_n090_stream__20260416_113910.jld2,parte1/resultados_Friedman/friedman_1M_bmlh168_n090_stream__20260416_113910.jld2,w168,58,90,0.001,StrategySelective,Selective,1,2.246617366441005,3.6022667595529807,200.2462260473283,-7.355828624253572,0.15030405503087366,5947,20.474682092666626,189.97382807731628,,12,12,true
friedman_1M_bmlh168_n090_stream__20260416_113910.jld2,parte1/resultados_Friedman/friedman_1M_bmlh168_n090_stream__20260416_113910.jld2,w168,98,90,0.0001,StrategySelective,Selective,1,2.111832485632481,3.0092616318261625,199.39803418563784,-6.281475944318746,0.12582251315521165,5947,11.838078022003174,181.34421586990356,,12,12,true
friedman_1M_bmlh168_n090_stream__20260416_113910.jld2,parte1/resultados_Friedman/friedman_1M_bmlh168_n090_stream__20260416_113910.jld2,w168,138,90,1.0e-5,StrategySelective,Selective,1,2.2206780025945974,3.300502735921303,121.97939034882423,-4.228922910064022,0.13813341087812897,5947,12.107685089111328,180.71842098236084,,12,12,true
friedman_1M_bmlh168_n090_stream__20260416_113910.jld2,parte1/resultados_Friedman/friedman_1M_bmlh168_n090_stream__20260416_113910.jld2,w168,178,90,1.0e-6,StrategySelective,Selective,1,2.266161270009577,3.685732057555494,121.07101101638139,-4.069245448188745,0.1537839941805849,5947,19.66829490661621,188.24358677864075,,12,12,true
friedman_1M_bmlh168_n090_stream__20260416_113910.jld2,parte1/resultados_Friedman/friedman_1M_bmlh168_n090_stream__20260416_113910.jld2,w168,218,90,1.0e-7,StrategySelective,Selective,1,2.083750334821822,4.440457417162485,3388.2019816447473,-121.46383988678011,0.18560029236880313,5947,46.0524320602417,215.07969903945923,,12,12,true
friedman_1M_bmlh168_n090_stream__20260416_113910.jld2,parte1/resultados_Friedman/friedman_1M_bmlh168_n090_stream__20260416_113910.jld2,w168,258,90,0.01,StrategySelectiveWithConstantOptimization,Selective+ConstOpt,1,2.1785397061604894,2.9368766997421116,22.30338900092119,0.05000740395903164,0.1227780641688018,5947,2.7667698860168457,171.46729397773743,,12,12,true
friedman_1M_bmlh168_n090_stream__20260416_113910.jld2,parte1/resultados_Friedman/friedman_1M_bmlh168_n090_stream__20260416_113910.jld2,w168,298,90,0.001,StrategySelectiveWithConstantOptimization,Selective+ConstOpt,1,2.2005540573860887,3.109344131801205,60.25322805399997,-1.4407903758619356,0.12979138371939128,5947,12.827835083007812,181.36920499801636,,12,12,true
friedman_1M_bmlh168_n090_stream__20260416_113910.jld2,parte1/resultados_Friedman/friedman_1M_bmlh168_n090_stream__20260416_113910.jld2,w168,338,90,0.0001,StrategySelectiveWithConstantOptimization,Selective+ConstOpt,1,2.2370977150034284,3.510758361063629,542.5415375995054,-19.029584962189663,0.14677318527578115,5947,9.339993953704834,177.95907402038574,,12,12,true
friedman_1M_bmlh168_n090_stream__20260416_113910.jld2,parte1/resultados_Friedman/friedman_1M_bmlh168_n090_stream__20260416_113910.jld2,w168,378,90,1.0e-5,StrategySelectiveWithConstantOptimization,Selective+ConstOpt,1,2.222145660606671,3.308426969460397,111.28427237214534,-3.6217892745325435,0.13827227146587356,5947,9.001842021942139,176.82043409347534,,12,12,true
friedman_1M_bmlh168_n090_stream__20260416_113910.jld2,parte1/resultados_Friedman/friedman_1M_bmlh168_n090_stream__20260416_113910.jld2,w168,418,90,1.0e-6,StrategySelectiveWithConstantOptimization,Selective+ConstOpt,1,2.2702307453004416,3.7346698646708836,119.21584965486447,-3.9966341738059796,0.15594116794188162,5947,13.693285942077637,181.46809887886047,,12,12,true
friedman_1M_bmlh168_n090_stream__20260416_113910.jld2,parte1/resultados_Friedman/friedman_1M_bmlh168_n090_stream__20260416_113910.jld2,w168,458,90,1.0e-7,StrategySelectiveWithConstantOptimization,Selective+ConstOpt,1,2.023600493168837,3.6383823133472224,484.62597923051396,-18.653547375946086,0.15198046465803847,5947,17.26242208480835,185.2568747997284,,12,12,true
friedman_1M_bmlh168_n095__mem10__20260416_172734.jld2,parte1/resultados_Friedman/friedman_1M_bmlh168_n095__mem10__20260416_172734.jld2,w168,19,95,0.01,StrategySelective,Selective,1,2.1030292903389376,2.7814384138490666,41.511343095395546,-0.6141595531525863,0.11609981702998774,5947,13.797215938568115,197.81456589698792,,12,12,true
friedman_1M_bmlh168_n095__mem10__20260416_172734.jld2,parte1/resultados_Friedman/friedman_1M_bmlh168_n095__mem10__20260416_172734.jld2,w168,59,95,0.001,StrategySelective,Selective,1,2.2435165594283695,3.543361751825745,259.60414803827763,-11.506954651625165,0.14835136271052624,5947,25.5674409866333,211.0333230495453,,12,12,true
friedman_1M_bmlh168_n095__mem10__20260416_172734.jld2,parte1/resultados_Friedman/friedman_1M_bmlh168_n095__mem10__20260416_172734.jld2,w168,99,95,0.0001,StrategySelective,Selective,1,2.1171491209706246,3.0286798379703606,229.6977305628751,-7.373984592026864,0.12666449214410058,5947,19.095813989639282,208.2118890285492,,12,12,true
friedman_1M_bmlh168_n095__mem10__20260416_172734.jld2,parte1/resultados_Friedman/friedman_1M_bmlh168_n095__mem10__20260416_172734.jld2,w168,139,95,1.0e-5,StrategySelective,Selective,1,2.2269838782668687,3.328692301776058,123.58228389644664,-4.086793975168976,0.13894061397815474,5947,13.885510921478271,195.93801593780518,,12,12,true
friedman_1M_bmlh168_n095__mem10__20260416_172734.jld2,parte1/resultados_Friedman/friedman_1M_bmlh168_n095__mem10__20260416_172734.jld2,w168,179,95,1.0e-6,StrategySelective,Selective,1,2.2736590866982933,3.782722317009668,146.02927925845913,-5.100891742667499,0.15783360557367032,5947,26.518365144729614,209.1095368862152,,12,12,true
friedman_1M_bmlh168_n095__mem10__20260416_172734.jld2,parte1/resultados_Friedman/friedman_1M_bmlh168_n095__mem10__20260416_172734.jld2,w168,219,95,1.0e-7,StrategySelective,Selective,1,1.7171281733942845,2.5873314603808892,116.56956572447736,-3.4637969353936855,0.10741100465188526,5947,82.52362608909607,265.5056400299072,,12,12,true
friedman_1M_bmlh168_n095__mem10__20260416_172734.jld2,parte1/resultados_Friedman/friedman_1M_bmlh168_n095__mem10__20260416_172734.jld2,w168,259,95,0.01,StrategySelectiveWithConstantOptimization,Selective+ConstOpt,1,2.1785397061604894,2.9368766997421116,22.30338900092119,0.05000740395903164,0.1227780641688018,5947,2.658681869506836,185.82281303405762,,12,12,true
friedman_1M_bmlh168_n095__mem10__20260416_172734.jld2,parte1/resultados_Friedman/friedman_1M_bmlh168_n095__mem10__20260416_172734.jld2,w168,299,95,0.001,StrategySelectiveWithConstantOptimization,Selective+ConstOpt,1,2.24178346101096,3.5286166497494733,220.28129290705073,-9.482093372210615,0.14768455877696487,5947,19.707147121429443,202.5939691066742,,12,12,true
friedman_1M_bmlh168_n095__mem10__20260416_172734.jld2,parte1/resultados_Friedman/friedman_1M_bmlh168_n095__mem10__20260416_172734.jld2,w168,339,95,0.0001,StrategySelectiveWithConstantOptimization,Selective+ConstOpt,1,2.248012126657535,3.6334458965336274,575.4346315779172,-20.327409644198415,0.15197179516928228,5947,13.087958097457886,192.41236400604248,,12,12,true
friedman_1M_bmlh168_n095__mem10__20260416_172734.jld2,parte1/resultados_Friedman/friedman_1M_bmlh168_n095__mem10__20260416_172734.jld2,w168,379,95,1.0e-5,StrategySelectiveWithConstantOptimization,Selective+ConstOpt,1,2.220587896081445,3.2644601944817917,78.13181775311968,-2.447612669010913,0.1370711576696019,5947,12.993990898132324,192.44910383224487,,12,12,true
friedman_1M_bmlh168_n095__mem10__20260416_172734.jld2,parte1/resultados_Friedman/friedman_1M_bmlh168_n095__mem10__20260416_172734.jld2,w168,419,95,1.0e-6,StrategySelectiveWithConstantOptimization,Selective+ConstOpt,1,2.3085549422051264,4.239546395475435,1257.841961660119,-50.05983856101818,0.1765077968968889,5947,15.443237066268921,194.58506894111633,,12,12,true
friedman_1M_bmlh168_n095__mem10__20260416_172734.jld2,parte1/resultados_Friedman/friedman_1M_bmlh168_n095__mem10__20260416_172734.jld2,w168,459,95,1.0e-7,StrategySelectiveWithConstantOptimization,Selective+ConstOpt,1,1.7756161823951928,2.850858722540025,1030.53320137175,-33.919256957760695,0.11699928607259925,5947,19.78944706916809,199.07507491111755,,12,12,true
friedman_1M_bmlh168_n100_stream__20260416_113910.jld2,parte1/resultados_Friedman/friedman_1M_bmlh168_n100_stream__20260416_113910.jld2,w168,20,100,0.01,StrategySelective,Selective,1,2.01451500502546,2.588848338528706,9.117139374008392,0.62881880197321,0.10809967372518052,5947,14.39743185043335,211.1659939289093,,12,12,true
friedman_1M_bmlh168_n100_stream__20260416_113910.jld2,parte1/resultados_Friedman/friedman_1M_bmlh168_n100_stream__20260416_113910.jld2,w168,60,100,0.001,StrategySelective,Selective,1,2.2655443691103394,3.7573273790530375,427.7882021343823,-17.920951310838937,0.15727776161288556,5947,31.06311297416687,225.39741706848145,,12,12,true
friedman_1M_bmlh168_n100_stream__20260416_113910.jld2,parte1/resultados_Friedman/friedman_1M_bmlh168_n100_stream__20260416_113910.jld2,w168,100,100,0.0001,StrategySelective,Selective,1,2.1189593851931074,3.0332042041474816,229.43335623991024,-7.366159803624661,0.12687845365363018,5947,17.026320934295654,210.3828091621399,,12,12,true
friedman_1M_bmlh168_n100_stream__20260416_113910.jld2,parte1/resultados_Friedman/friedman_1M_bmlh168_n100_stream__20260416_113910.jld2,w168,140,100,1.0e-5,StrategySelective,Selective,1,2.2262424268969903,3.351443144101305,122.28342082796553,-4.032712997618068,0.13994687029870778,5947,17.98972201347351,211.25999212265015,,12,12,true
friedman_1M_bmlh168_n100_stream__20260416_113910.jld2,parte1/resultados_Friedman/friedman_1M_bmlh168_n100_stream__20260416_113910.jld2,w168,180,100,1.0e-6,StrategySelective,Selective,1,2.2114258284844275,3.663796726050501,229.88945695511964,-8.959830300204441,0.15331111142716378,5947,32.0912709236145,225.11613011360168,,12,12,true
friedman_1M_bmlh168_n100_stream__20260416_113910.jld2,parte1/resultados_Friedman/friedman_1M_bmlh168_n100_stream__20260416_113910.jld2,w168,220,100,1.0e-7,StrategySelective,Selective,1,1.7290184349179052,2.74196130920476,474.45763679835346,-19.52963615538164,0.11424235462999252,5947,81.85510921478271,274.6001420021057,,12,12,true
friedman_1M_bmlh168_n100_stream__20260416_113910.jld2,parte1/resultados_Friedman/friedman_1M_bmlh168_n100_stream__20260416_113910.jld2,w168,260,100,0.01,StrategySelectiveWithConstantOptimization,Selective+ConstOpt,1,2.0846408920691855,2.785769593554012,21.749898300363004,0.07273770538636125,0.11644311227794607,5947,3.647118091583252,196.83380889892578,,12,12,true
friedman_1M_bmlh168_n100_stream__20260416_113910.jld2,parte1/resultados_Friedman/friedman_1M_bmlh168_n100_stream__20260416_113910.jld2,w168,300,100,0.001,StrategySelectiveWithConstantOptimization,Selective+ConstOpt,1,2.250595421767798,3.604520399662185,231.10003711757463,-9.93696826748131,0.15083795076225526,5947,23.01442003250122,216.06957507133484,,12,12,true
friedman_1M_bmlh168_n100_stream__20260416_113910.jld2,parte1/resultados_Friedman/friedman_1M_bmlh168_n100_stream__20260416_113910.jld2,w168,340,100,0.0001,StrategySelectiveWithConstantOptimization,Selective+ConstOpt,1,2.1676040307406796,3.2781217508296656,490.3447948347037,-16.72260130650351,0.1372254788091652,5947,15.644794940948486,208.5064721107483,,12,12,true
friedman_1M_bmlh168_n100_stream__20260416_113910.jld2,parte1/resultados_Friedman/friedman_1M_bmlh168_n100_stream__20260416_113910.jld2,w168,380,100,1.0e-5,StrategySelectiveWithConstantOptimization,Selective+ConstOpt,1,2.229119619028377,3.3626241915075683,132.4777725745469,-4.78448351290657,0.14086451244620216,5947,14.50284194946289,207.493803024292,,12,12,true
friedman_1M_bmlh168_n100_stream__20260416_113910.jld2,parte1/resultados_Friedman/friedman_1M_bmlh168_n100_stream__20260416_113910.jld2,w168,420,100,1.0e-6,StrategySelectiveWithConstantOptimization,Selective+ConstOpt,1,2.546110738933651,8.002828807816867,106994.26432519035,-3903.939699278712,0.3329510929509461,5947,19.01875114440918,212.36789917945862,,12,12,true
friedman_1M_bmlh168_n100_stream__20260416_113910.jld2,parte1/resultados_Friedman/friedman_1M_bmlh168_n100_stream__20260416_113910.jld2,w168,460,100,1.0e-7,StrategySelectiveWithConstantOptimization,Selective+ConstOpt,1,1.7712251253669522,3.2246847716384557,633.7118168584474,-21.805689682929156,0.13455377445208472,5947,30.47847819328308,223.61549186706543,,12,12,true
friedman_1M_bmlh168_n105__mem10__20260416_172734.jld2,parte1/resultados_Friedman/friedman_1M_bmlh168_n105__mem10__20260416_172734.jld2,w168,21,105,0.01,StrategySelective,Selective,1,2.0324466715861993,2.797360154569281,105.97826316755112,-3.090824170255368,0.11660957124710855,5947,18.41551899909973,217.5100450515747,,12,12,true
friedman_1M_bmlh168_n105__mem10__20260416_172734.jld2,parte1/resultados_Friedman/friedman_1M_bmlh168_n105__mem10__20260416_172734.jld2,w168,61,105,0.001,StrategySelective,Selective,1,2.298296460233755,4.148713285476158,2305.8934246112995,-97.27312065727364,0.17365658543869578,5947,35.05989980697632,235.76156210899353,,12,12,true
friedman_1M_bmlh168_n105__mem10__20260416_172734.jld2,parte1/resultados_Friedman/friedman_1M_bmlh168_n105__mem10__20260416_172734.jld2,w168,101,105,0.0001,StrategySelective,Selective,1,2.125671623464774,3.0789106201428713,220.76026234118058,-7.070665791129038,0.12862217933531722,5947,23.761985778808594,220.73670983314514,,12,12,true
friedman_1M_bmlh168_n105__mem10__20260416_172734.jld2,parte1/resultados_Friedman/friedman_1M_bmlh168_n105__mem10__20260416_172734.jld2,w168,141,105,1.0e-5,StrategySelective,Selective,1,2.1635535563225954,3.200081322610313,79.12802417043109,-2.1559451449235048,0.13376293248178828,5947,22.335593938827515,216.71342515945435,,12,12,true
friedman_1M_bmlh168_n105__mem10__20260416_172734.jld2,parte1/resultados_Friedman/friedman_1M_bmlh168_n105__mem10__20260416_172734.jld2,w168,181,105,1.0e-6,StrategySelective,Selective,1,2.074050319854154,3.449542039432785,125.1469283408783,-4.146265794268691,0.1439735626987885,5947,48.7557168006897,243.7406120300293,,12,12,true
friedman_1M_bmlh168_n105__mem10__20260416_172734.jld2,parte1/resultados_Friedman/friedman_1M_bmlh168_n105__mem10__20260416_172734.jld2,w168,221,105,1.0e-7,StrategySelective,Selective,1,1.8472011803591346,4.311001149327901,21821.031281191397,-934.4216500652909,0.19258962684087463,5947,128.9988079071045,323.7557680606842,,12,12,true
friedman_1M_bmlh168_n105__mem10__20260416_172734.jld2,parte1/resultados_Friedman/friedman_1M_bmlh168_n105__mem10__20260416_172734.jld2,w168,261,105,0.01,StrategySelectiveWithConstantOptimization,Selective+ConstOpt,1,2.015579767074794,2.7290440737399253,24.24801723321293,-0.030597065221222502,0.11402402771501972,5947,4.893465995788574,199.23432898521423,,12,12,true
friedman_1M_bmlh168_n105__mem10__20260416_172734.jld2,parte1/resultados_Friedman/friedman_1M_bmlh168_n105__mem10__20260416_172734.jld2,w168,301,105,0.001,StrategySelectiveWithConstantOptimization,Selective+ConstOpt,1,2.25694187581904,3.638306479342168,231.53744562578706,-9.955183838896154,0.15226090192288091,5947,26.52402901649475,221.14749002456665,,12,12,true
friedman_1M_bmlh168_n105__mem10__20260416_172734.jld2,parte1/resultados_Friedman/friedman_1M_bmlh168_n105__mem10__20260416_172734.jld2,w168,341,105,0.0001,StrategySelectiveWithConstantOptimization,Selective+ConstOpt,1,2.019788140752118,3.0145543822451843,146.75544582978029,-4.594675226912908,0.1257342210474882,5947,18.420902013778687,212.99237990379333,,12,12,true
friedman_1M_bmlh168_n105__mem10__20260416_172734.jld2,parte1/resultados_Friedman/friedman_1M_bmlh168_n105__mem10__20260416_172734.jld2,w168,381,105,1.0e-5,StrategySelectiveWithConstantOptimization,Selective+ConstOpt,1,2.2221459149456013,3.2878852083419674,81.15427522107791,-2.5909014544333755,0.13789298536403483,5947,15.439726114273071,209.79923582077026,,12,12,true
friedman_1M_bmlh168_n105__mem10__20260416_172734.jld2,parte1/resultados_Friedman/friedman_1M_bmlh168_n105__mem10__20260416_172734.jld2,w168,421,105,1.0e-6,StrategySelectiveWithConstantOptimization,Selective+ConstOpt,1,2.023705311808286,3.4704395634150504,126.62964447167538,-4.100983285518692,0.14460066855851322,5947,28.955908060073853,223.22606587409973,,12,12,true
friedman_1M_bmlh168_n105__mem10__20260416_172734.jld2,parte1/resultados_Friedman/friedman_1M_bmlh168_n105__mem10__20260416_172734.jld2,w168,461,105,1.0e-7,StrategySelectiveWithConstantOptimization,Selective+ConstOpt,1,1.7326986590127376,2.76337085129558,164.5985089410441,-5.816003804477717,0.1151135876706367,5947,35.18623495101929,229.80858397483826,,12,12,true
friedman_1M_bmlh168_n115__mem10__20260416_172734.jld2,parte1/resultados_Friedman/friedman_1M_bmlh168_n115__mem10__20260416_172734.jld2,w168,23,115,0.01,StrategySelective,Selective,1,2.0324466715861993,2.797360154569281,105.97826316755112,-3.090824170255368,0.11660957124710855,5947,19.213659048080444,223.84999108314514,,12,12,true
friedman_1M_bmlh168_n115__mem10__20260416_172734.jld2,parte1/resultados_Friedman/friedman_1M_bmlh168_n115__mem10__20260416_172734.jld2,w168,63,115,0.001,StrategySelective,Selective,1,2.309156968392787,4.22742718342533,2311.6069148664105,-97.43941042419485,0.1770479315387377,5947,46.45097804069519,253.0406358242035,,12,12,true
friedman_1M_bmlh168_n115__mem10__20260416_172734.jld2,parte1/resultados_Friedman/friedman_1M_bmlh168_n115__mem10__20260416_172734.jld2,w168,103,115,0.0001,StrategySelective,Selective,1,2.1278977477573,3.106548956512461,223.88661427902255,-7.217527033286934,0.12986168600631381,5947,31.403716802597046,232.74726104736328,,12,12,true
friedman_1M_bmlh168_n115__mem10__20260416_172734.jld2,parte1/resultados_Friedman/friedman_1M_bmlh168_n115__mem10__20260416_172734.jld2,w168,143,115,1.0e-5,StrategySelective,Selective,1,1.8063406576914087,2.9763021090234196,69.51666067454225,-1.7949957409614994,0.12418655093032618,5947,46.10818290710449,246.27198600769043,,12,12,true
friedman_1M_bmlh168_n115__mem10__20260416_172734.jld2,parte1/resultados_Friedman/friedman_1M_bmlh168_n115__mem10__20260416_172734.jld2,w168,183,115,1.0e-6,StrategySelective,Selective,1,1.7231334940237941,2.6122152395914906,31.87941613833194,-0.23862898378199393,0.10890398800190876,5947,115.18219494819641,315.1916470527649,,12,12,true
friedman_1M_bmlh168_n115__mem10__20260416_172734.jld2,parte1/resultados_Friedman/friedman_1M_bmlh168_n115__mem10__20260416_172734.jld2,w168,223,115,1.0e-7,StrategySelective,Selective,1,1.7353865038237484,2.822821391118655,1008.7724460723624,-37.26884544329995,0.11792965936510774,5947,142.1640968322754,341.8846800327301,,12,12,true
friedman_1M_bmlh168_n115__mem10__20260416_172734.jld2,parte1/resultados_Friedman/friedman_1M_bmlh168_n115__mem10__20260416_172734.jld2,w168,263,115,0.01,StrategySelectiveWithConstantOptimization,Selective+ConstOpt,1,2.0667093532157987,3.3213777336292143,705.9349074072114,-30.442488004095008,0.13860127008792275,5947,6.648859024047852,206.45680499076843,,12,12,true
friedman_1M_bmlh168_n115__mem10__20260416_172734.jld2,parte1/resultados_Friedman/friedman_1M_bmlh168_n115__mem10__20260416_172734.jld2,w168,303,115,0.001,StrategySelectiveWithConstantOptimization,Selective+ConstOpt,1,2.051783839028805,3.2004698844224078,154.82949092331924,-5.089555897704388,0.13380491604211628,5947,42.06454586982727,242.3182909488678,,12,12,true
friedman_1M_bmlh168_n115__mem10__20260416_172734.jld2,parte1/resultados_Friedman/friedman_1M_bmlh168_n115__mem10__20260416_172734.jld2,w168,343,115,0.0001,StrategySelectiveWithConstantOptimization,Selective+ConstOpt,1,1.7481444382201672,2.5084378337693334,77.74697971946614,-2.0966202855081386,0.10400894564119975,5947,21.538931131362915,221.7079038619995,,12,12,true
friedman_1M_bmlh168_n115__mem10__20260416_172734.jld2,parte1/resultados_Friedman/friedman_1M_bmlh168_n115__mem10__20260416_172734.jld2,w168,383,115,1.0e-5,StrategySelectiveWithConstantOptimization,Selective+ConstOpt,1,2.1356008834442664,3.4300147285990237,166.2437722092682,-6.015769848817495,0.1430051571312814,5947,24.179763078689575,224.26504492759705,,12,12,true
friedman_1M_bmlh168_n115__mem10__20260416_172734.jld2,parte1/resultados_Friedman/friedman_1M_bmlh168_n115__mem10__20260416_172734.jld2,w168,423,115,1.0e-6,StrategySelectiveWithConstantOptimization,Selective+ConstOpt,1,1.7726605958135562,2.634693796088307,27.913087654437906,-0.15196540185521004,0.11001077408966392,5947,27.861248016357422,228.07447814941406,,12,12,true
friedman_1M_bmlh168_n115__mem10__20260416_172734.jld2,parte1/resultados_Friedman/friedman_1M_bmlh168_n115__mem10__20260416_172734.jld2,w168,463,115,1.0e-7,StrategySelectiveWithConstantOptimization,Selective+ConstOpt,1,1.729848327713508,2.7044755907620894,70.70402572230381,-1.9030353126509834,0.1126359994678026,5947,40.14192485809326,244.93944597244263,,12,12,true
friedman_1M_bmlh168_n125__mem10__20260416_172734.jld2,parte1/resultados_Friedman/friedman_1M_bmlh168_n125__mem10__20260416_172734.jld2,w168,25,125,0.01,StrategySelective,Selective,1,2.0324466715861993,2.797360154569281,105.97826316755112,-3.090824170255368,0.11660957124710855,5947,19.290934085845947,209.2260558605194,,12,12,true
friedman_1M_bmlh168_n125__mem10__20260416_172734.jld2,parte1/resultados_Friedman/friedman_1M_bmlh168_n125__mem10__20260416_172734.jld2,w168,65,125,0.001,StrategySelective,Selective,1,2.9815724335359226,15.310174936103234,700729.9374067214,-21784.710776987857,0.602977397204591,5947,73.32393288612366,265.7766098976135,,12,12,true
friedman_1M_bmlh168_n125__mem10__20260416_172734.jld2,parte1/resultados_Friedman/friedman_1M_bmlh168_n125__mem10__20260416_172734.jld2,w168,105,125,0.0001,StrategySelective,Selective,1,1.8900689546755776,2.5459858691239496,15.275133249463009,0.39561337357784115,0.1062403782521674,5947,47.65518593788147,233.72390508651733,,12,12,true
friedman_1M_bmlh168_n125__mem10__20260416_172734.jld2,parte1/resultados_Friedman/friedman_1M_bmlh168_n125__mem10__20260416_172734.jld2,w168,145,125,1.0e-5,StrategySelective,Selective,1,1.784964608198497,3.355270271642657,1259.5349933910823,-50.55955416828164,0.14107393773010804,5947,68.97125792503357,254.1364779472351,,12,12,true
friedman_1M_bmlh168_n125__mem10__20260416_172734.jld2,parte1/resultados_Friedman/friedman_1M_bmlh168_n125__mem10__20260416_172734.jld2,w168,185,125,1.0e-6,StrategySelective,Selective,1,1.7255399175220973,2.5792780361562757,20.092825579182673,0.20031219687012164,0.10751202452379843,5947,120.12995195388794,305.7151389122009,,12,12,true
friedman_1M_bmlh168_n125__mem10__20260416_172734.jld2,parte1/resultados_Friedman/friedman_1M_bmlh168_n125__mem10__20260416_172734.jld2,w168,225,125,1.0e-7,StrategySelective,Selective,1,1.713011661824847,2.528266993180899,71.33000705102467,-2.319927571390251,0.10589295995502478,5947,147.02210903167725,332.0852642059326,,12,12,true
friedman_1M_bmlh168_n125__mem10__20260416_172734.jld2,parte1/resultados_Friedman/friedman_1M_bmlh168_n125__mem10__20260416_172734.jld2,w168,265,125,0.01,StrategySelectiveWithConstantOptimization,Selective+ConstOpt,1,2.0667093532157987,3.3213777336292143,705.9349074072114,-30.442488004095008,0.13860127008792275,5947,6.392540216445923,191.64031505584717,,12,12,true
friedman_1M_bmlh168_n125__mem10__20260416_172734.jld2,parte1/resultados_Friedman/friedman_1M_bmlh168_n125__mem10__20260416_172734.jld2,w168,305,125,0.001,StrategySelectiveWithConstantOptimization,Selective+ConstOpt,1,2.1129008618952576,3.7911638751574452,320.1166323454118,-12.294587965388557,0.1576879950340315,5947,55.45823884010315,240.99073600769043,,12,12,true
friedman_1M_bmlh168_n125__mem10__20260416_172734.jld2,parte1/resultados_Friedman/friedman_1M_bmlh168_n125__mem10__20260416_172734.jld2,w168,345,125,0.0001,StrategySelectiveWithConstantOptimization,Selective+ConstOpt,1,1.6881157710113326,2.2826641188697727,13.792716719413322,0.45351879583383414,0.09514805655052777,5947,29.985034942626953,215.90958285331726,,12,12,true
friedman_1M_bmlh168_n125__mem10__20260416_172734.jld2,parte1/resultados_Friedman/friedman_1M_bmlh168_n125__mem10__20260416_172734.jld2,w168,385,125,1.0e-5,StrategySelectiveWithConstantOptimization,Selective+ConstOpt,1,2.0977534735324093,3.2350229436187825,93.79935200574117,-2.972743876155414,0.13511301894361033,5947,30.37260913848877,216.18457913398743,,12,12,true
friedman_1M_bmlh168_n125__mem10__20260416_172734.jld2,parte1/resultados_Friedman/friedman_1M_bmlh168_n125__mem10__20260416_172734.jld2,w168,425,125,1.0e-6,StrategySelectiveWithConstantOptimization,Selective+ConstOpt,1,1.7096887253867004,2.4939846982623406,42.586498905262495,-0.6731801195756933,0.10381225247662987,5947,40.352787017822266,225.64195895195007,,12,12,true
friedman_1M_bmlh168_n125__mem10__20260416_172734.jld2,parte1/resultados_Friedman/friedman_1M_bmlh168_n125__mem10__20260416_172734.jld2,w168,465,125,1.0e-7,StrategySelectiveWithConstantOptimization,Selective+ConstOpt,1,1.8002088017032962,3.4360952169706547,690.3059564521348,-24.982199725829002,0.1427103075135544,5947,44.22583198547363,233.60786604881287,,12,12,true
friedman_1M_bmlh168_n135__mem10__20260416_172734.jld2,parte1/resultados_Friedman/friedman_1M_bmlh168_n135__mem10__20260416_172734.jld2,w168,27,135,0.01,StrategySelective,Selective,1,2.0324466715861993,2.797360154569281,105.97826316755112,-3.090824170255368,0.11660957124710855,5947,19.284284114837646,193.31404614448547,,12,12,true
friedman_1M_bmlh168_n135__mem10__20260416_172734.jld2,parte1/resultados_Friedman/friedman_1M_bmlh168_n135__mem10__20260416_172734.jld2,w168,67,135,0.001,StrategySelective,Selective,1,2.1024473668493937,3.580299853056327,142.37085483172496,-5.172591882513481,0.14937106883051635,5947,78.10489702224731,252.8713309764862,,12,12,true
friedman_1M_bmlh168_n135__mem10__20260416_172734.jld2,parte1/resultados_Friedman/friedman_1M_bmlh168_n135__mem10__20260416_172734.jld2,w168,107,135,0.0001,StrategySelective,Selective,1,1.726215285924261,2.44685071117507,34.524292712139,-0.32309216082080905,0.10208002413369396,5947,53.60550379753113,225.1125009059906,,12,12,true
friedman_1M_bmlh168_n135__mem10__20260416_172734.jld2,parte1/resultados_Friedman/friedman_1M_bmlh168_n135__mem10__20260416_172734.jld2,w168,147,135,1.0e-5,StrategySelective,Selective,1,1.7589022834600734,2.995836599650733,451.869889972689,-20.13905879110004,0.12422563732436556,5947,74.53941416740417,243.79982209205627,,12,12,true
friedman_1M_bmlh168_n135__mem10__20260416_172734.jld2,parte1/resultados_Friedman/friedman_1M_bmlh168_n135__mem10__20260416_172734.jld2,w168,187,135,1.0e-6,StrategySelective,Selective,1,1.7370100107756052,2.6832598844870166,27.4364471613762,-0.07130529439846811,0.1117530231639719,5947,132.36660194396973,302.0990889072418,,12,12,true
friedman_1M_bmlh168_n135__mem10__20260416_172734.jld2,parte1/resultados_Friedman/friedman_1M_bmlh168_n135__mem10__20260416_172734.jld2,w168,227,135,1.0e-7,StrategySelective,Selective,1,1.7666597403334494,3.1339570662982346,1142.8018873313074,-51.893817914150986,0.1321882226608973,5947,162.0450460910797,331.28454518318176,,12,12,true
friedman_1M_bmlh168_n135__mem10__20260416_172734.jld2,parte1/resultados_Friedman/friedman_1M_bmlh168_n135__mem10__20260416_172734.jld2,w168,267,135,0.01,StrategySelectiveWithConstantOptimization,Selective+ConstOpt,1,2.0667093532157987,3.3213777336292143,705.9349074072114,-30.442488004095008,0.13860127008792275,5947,6.671254873275757,176.15638494491577,,12,12,true
friedman_1M_bmlh168_n135__mem10__20260416_172734.jld2,parte1/resultados_Friedman/friedman_1M_bmlh168_n135__mem10__20260416_172734.jld2,w168,307,135,0.001,StrategySelectiveWithConstantOptimization,Selective+ConstOpt,1,2.1194387093011104,4.066675409767941,2110.7779474992262,-83.96844280534548,0.16825940373101111,5947,62.619467973709106,232.35067796707153,,12,12,true
friedman_1M_bmlh168_n135__mem10__20260416_172734.jld2,parte1/resultados_Friedman/friedman_1M_bmlh168_n135__mem10__20260416_172734.jld2,w168,347,135,0.0001,StrategySelectiveWithConstantOptimization,Selective+ConstOpt,1,1.7280527918152513,2.651715379150651,67.34031651477133,-1.860168072324047,0.11055555034567538,5947,35.30752897262573,205.4129250049591,,12,12,true
friedman_1M_bmlh168_n135__mem10__20260416_172734.jld2,parte1/resultados_Friedman/friedman_1M_bmlh168_n135__mem10__20260416_172734.jld2,w168,387,135,1.0e-5,StrategySelectiveWithConstantOptimization,Selective+ConstOpt,1,2.1056254228164097,3.297987082343164,102.29804101685491,-3.2472936545774957,0.13767943545938074,5947,37.31839990615845,207.50191497802734,,12,12,true
friedman_1M_bmlh168_n135__mem10__20260416_172734.jld2,parte1/resultados_Friedman/friedman_1M_bmlh168_n135__mem10__20260416_172734.jld2,w168,427,135,1.0e-6,StrategySelectiveWithConstantOptimization,Selective+ConstOpt,1,1.732112567961022,2.7647610837867833,215.95376872316942,-7.399136857010061,0.11587665194878786,5947,44.49812602996826,214.52593803405762,,12,12,true
friedman_1M_bmlh168_n135__mem10__20260416_172734.jld2,parte1/resultados_Friedman/friedman_1M_bmlh168_n135__mem10__20260416_172734.jld2,w168,467,135,1.0e-7,StrategySelectiveWithConstantOptimization,Selective+ConstOpt,1,1.7945474138830182,3.36030140792483,399.7962419620059,-15.343581524870997,0.1398576498738954,5947,50.27829885482788,221.3288869857788,,12,12,true
friedman_1M_bmlh168_n145__mem10__20260416_172734.jld2,parte1/resultados_Friedman/friedman_1M_bmlh168_n145__mem10__20260416_172734.jld2,w168,29,145,0.01,StrategySelective,Selective,1,2.0324466715861993,2.797360154569281,105.97826316755112,-3.090824170255368,0.11660957124710855,5947,19.84618902206421,228.4635100364685,,12,12,true
friedman_1M_bmlh168_n145__mem10__20260416_172734.jld2,parte1/resultados_Friedman/friedman_1M_bmlh168_n145__mem10__20260416_172734.jld2,w168,69,145,0.001,StrategySelective,Selective,1,2.6024577706367484,12.349379143392115,469582.81841006805,-17242.806458768482,0.5249826063722579,5947,101.33335280418396,321.56089091300964,,12,12,true
friedman_1M_bmlh168_n145__mem10__20260416_172734.jld2,parte1/resultados_Friedman/friedman_1M_bmlh168_n145__mem10__20260416_172734.jld2,w168,109,145,0.0001,StrategySelective,Selective,1,1.743901043210893,2.547991876013325,33.86892590727506,-0.30012462558398273,0.10633995362162732,5947,52.81341290473938,255.70575308799744,,12,12,true
friedman_1M_bmlh168_n145__mem10__20260416_172734.jld2,parte1/resultados_Friedman/friedman_1M_bmlh168_n145__mem10__20260416_172734.jld2,w168,149,145,1.0e-5,StrategySelective,Selective,1,1.749192526569928,2.8931759544901605,207.62777956562877,-8.581011400279923,0.12150016192816304,5947,85.98097920417786,288.4178500175476,,12,12,true
friedman_1M_bmlh168_n145__mem10__20260416_172734.jld2,parte1/resultados_Friedman/friedman_1M_bmlh168_n145__mem10__20260416_172734.jld2,w168,189,145,1.0e-6,StrategySelective,Selective,1,1.8981026323654857,4.6957770490910145,18221.99601786397,-645.3747954758541,0.18466648125189583,5947,139.55974292755127,342.1099410057068,,12,12,true
friedman_1M_bmlh168_n145__mem10__20260416_172734.jld2,parte1/resultados_Friedman/friedman_1M_bmlh168_n145__mem10__20260416_172734.jld2,w168,229,145,1.0e-7,StrategySelective,Selective,1,1.8066276587225156,3.537583214335452,1216.1564822643272,-55.19224054709386,0.14860571079140458,5947,169.5968861579895,372.57529401779175,,12,12,true
friedman_1M_bmlh168_n145__mem10__20260416_172734.jld2,parte1/resultados_Friedman/friedman_1M_bmlh168_n145__mem10__20260416_172734.jld2,w168,269,145,0.01,StrategySelectiveWithConstantOptimization,Selective+ConstOpt,1,2.0667093532157987,3.3213777336292143,705.9349074072114,-30.442488004095008,0.13860127008792275,5947,6.651813983917236,210.01403999328613,,12,12,true
friedman_1M_bmlh168_n145__mem10__20260416_172734.jld2,parte1/resultados_Friedman/friedman_1M_bmlh168_n145__mem10__20260416_172734.jld2,w168,309,145,0.001,StrategySelectiveWithConstantOptimization,Selective+ConstOpt,1,2.119859776197739,3.950132741995092,222.74953042376123,-7.613009061808963,0.1650131346636807,5947,89.27966499328613,292.6049449443817,,12,12,true
friedman_1M_bmlh168_n145__mem10__20260416_172734.jld2,parte1/resultados_Friedman/friedman_1M_bmlh168_n145__mem10__20260416_172734.jld2,w168,349,145,0.0001,StrategySelectiveWithConstantOptimization,Selective+ConstOpt,1,1.8028390731160724,3.3310044666514234,258.1853215020798,-9.142162671312656,0.13959713869722845,5947,45.38855195045471,247.98538899421692,,12,12,true
friedman_1M_bmlh168_n145__mem10__20260416_172734.jld2,parte1/resultados_Friedman/friedman_1M_bmlh168_n145__mem10__20260416_172734.jld2,w168,389,145,1.0e-5,StrategySelectiveWithConstantOptimization,Selective+ConstOpt,1,2.4278674899105344,7.0406204939984836,21714.673432028572,-918.4975708879037,0.29173438820755404,5947,45.77285885810852,250.72917294502258,,12,12,true
friedman_1M_bmlh168_n145__mem10__20260416_172734.jld2,parte1/resultados_Friedman/friedman_1M_bmlh168_n145__mem10__20260416_172734.jld2,w168,429,145,1.0e-6,StrategySelectiveWithConstantOptimization,Selective+ConstOpt,1,1.7458257863758275,2.8409727428327556,177.94934034506926,-6.001203953464977,0.11827074432500392,5947,78.95943593978882,289.8677759170532,,12,12,true
friedman_1M_bmlh168_n145__mem10__20260416_172734.jld2,parte1/resultados_Friedman/friedman_1M_bmlh168_n145__mem10__20260416_172734.jld2,w168,469,145,1.0e-7,StrategySelectiveWithConstantOptimization,Selective+ConstOpt,1,1.795497006189129,3.331814136054552,221.25832586039783,-8.215816238436148,0.1378434872777692,5947,89.30634307861328,302.78672194480896,,12,12,true
friedman_1M_bmlh168_n150_stream__20260416_113910.jld2,parte1/resultados_Friedman/friedman_1M_bmlh168_n150_stream__20260416_113910.jld2,w168,30,150,0.01,StrategySelective,Selective,1,2.0324466715861993,2.797360154569281,105.97826316755112,-3.090824170255368,0.11660957124710855,5947,20.96030306816101,225.57903385162354,,12,12,true
friedman_1M_bmlh168_n150_stream__20260416_113910.jld2,parte1/resultados_Friedman/friedman_1M_bmlh168_n150_stream__20260416_113910.jld2,w168,70,150,0.001,StrategySelective,Selective,1,1.8891286765746635,3.1452218683137994,110.89621795373928,-3.496905014191314,0.1303785995441013,5947,98.828125,300.2432060241699,,12,12,true
friedman_1M_bmlh168_n150_stream__20260416_113910.jld2,parte1/resultados_Friedman/friedman_1M_bmlh168_n150_stream__20260416_113910.jld2,w168,110,150,0.0001,StrategySelective,Selective,1,1.7676867767508826,2.8039556661235485,61.83784465450767,-1.4389690069742183,0.11686938855700407,5947,51.715754985809326,252.7342758178711,,12,12,true
friedman_1M_bmlh168_n150_stream__20260416_113910.jld2,parte1/resultados_Friedman/friedman_1M_bmlh168_n150_stream__20260416_113910.jld2,w168,150,150,1.0e-5,StrategySelective,Selective,1,1.7990602296624265,3.4645386968440146,1784.829208892267,-75.98113751583485,0.1450710390793043,5947,89.42482399940491,290.64314889907837,,12,12,true
friedman_1M_bmlh168_n150_stream__20260416_113910.jld2,parte1/resultados_Friedman/friedman_1M_bmlh168_n150_stream__20260416_113910.jld2,w168,190,150,1.0e-6,StrategySelective,Selective,1,1.7631739654809226,2.95363789462678,77.00399626662265,-2.314847266018312,0.1234152748377204,5947,139.44607281684875,340.2862401008606,,12,12,true
friedman_1M_bmlh168_n150_stream__20260416_113910.jld2,parte1/resultados_Friedman/friedman_1M_bmlh168_n150_stream__20260416_113910.jld2,w168,230,150,1.0e-7,StrategySelective,Selective,1,3.296050385763709,22.684672416211505,2.096894570378009e6,-86184.50943909607,1.084006949220461,5947,180.978502035141,381.9192039966583,,12,12,true
friedman_1M_bmlh168_n150_stream__20260416_113910.jld2,parte1/resultados_Friedman/friedman_1M_bmlh168_n150_stream__20260416_113910.jld2,w168,270,150,0.01,StrategySelectiveWithConstantOptimization,Selective+ConstOpt,1,2.0667093532157987,3.3213777336292143,705.9349074072114,-30.442488004095008,0.13860127008792275,5947,7.600152969360352,208.2734100818634,,12,12,true
friedman_1M_bmlh168_n150_stream__20260416_113910.jld2,parte1/resultados_Friedman/friedman_1M_bmlh168_n150_stream__20260416_113910.jld2,w168,310,150,0.001,StrategySelectiveWithConstantOptimization,Selective+ConstOpt,1,2.1543833581259078,4.2322631062123115,547.944205535299,-22.414033529032363,0.17702170819166838,5947,85.51354908943176,286.8888669013977,,12,12,true
friedman_1M_bmlh168_n150_stream__20260416_113910.jld2,parte1/resultados_Friedman/friedman_1M_bmlh168_n150_stream__20260416_113910.jld2,w168,350,150,0.0001,StrategySelectiveWithConstantOptimization,Selective+ConstOpt,1,1.8335858130189726,3.6001999502515494,321.9507482723766,-11.548005252483431,0.15059854605289544,5947,48.216063022613525,249.60271906852722,,12,12,true
friedman_1M_bmlh168_n150_stream__20260416_113910.jld2,parte1/resultados_Friedman/friedman_1M_bmlh168_n150_stream__20260416_113910.jld2,w168,390,150,1.0e-5,StrategySelectiveWithConstantOptimization,Selective+ConstOpt,1,2.5348335199960763,8.374257058323714,17856.122846936207,-648.9497957954668,0.35633722367081583,5947,49.347530126571655,250.04150199890137,,12,12,true
friedman_1M_bmlh168_n150_stream__20260416_113910.jld2,parte1/resultados_Friedman/friedman_1M_bmlh168_n150_stream__20260416_113910.jld2,w168,430,150,1.0e-6,StrategySelectiveWithConstantOptimization,Selective+ConstOpt,1,1.729135680946162,2.6931481375482025,170.6323630536392,-5.711464140976485,0.11220687080305565,5947,55.930238008499146,256.916836977005,,12,12,true
friedman_1M_bmlh168_n150_stream__20260416_113910.jld2,parte1/resultados_Friedman/friedman_1M_bmlh168_n150_stream__20260416_113910.jld2,w168,470,150,1.0e-7,StrategySelectiveWithConstantOptimization,Selective+ConstOpt,1,1.8161442198339337,3.4772144668266454,258.1211693628083,-9.814675142285518,0.14482466034433525,5947,59.63669991493225,261.45983505249023,,12,12,true
friedman_1M_bmlh168_n155__mem10__20260416_172734.jld2,parte1/resultados_Friedman/friedman_1M_bmlh168_n155__mem10__20260416_172734.jld2,w168,31,155,0.01,StrategySelective,Selective,1,2.0324466715861993,2.797360154569281,105.97826316755112,-3.090824170255368,0.11660957124710855,5947,20.906532049179077,209.3452718257904,,12,12,true
friedman_1M_bmlh168_n155__mem10__20260416_172734.jld2,parte1/resultados_Friedman/friedman_1M_bmlh168_n155__mem10__20260416_172734.jld2,w168,71,155,0.001,StrategySelective,Selective,1,1.7848031291456887,2.9426069777664656,171.20908065822024,-4.961989989987151,0.12249873819747116,5947,109.19447493553162,306.47488594055176,,12,12,true
friedman_1M_bmlh168_n155__mem10__20260416_172734.jld2,parte1/resultados_Friedman/friedman_1M_bmlh168_n155__mem10__20260416_172734.jld2,w168,111,155,0.0001,StrategySelective,Selective,1,1.761494468179962,2.7291424544136356,53.73257837408924,-1.1282556330038251,0.11394162924497224,5947,76.60973691940308,259.96612906455994,,12,12,true
friedman_1M_bmlh168_n155__mem10__20260416_172734.jld2,parte1/resultados_Friedman/friedman_1M_bmlh168_n155__mem10__20260416_172734.jld2,w168,151,155,1.0e-5,StrategySelective,Selective,1,1.831708137894056,3.782329460212849,3521.607485739696,-138.3055185090738,0.15749530401639547,5947,93.38384294509888,275.922385931015,,12,12,true
friedman_1M_bmlh168_n155__mem10__20260416_172734.jld2,parte1/resultados_Friedman/friedman_1M_bmlh168_n155__mem10__20260416_172734.jld2,w168,191,155,1.0e-6,StrategySelective,Selective,1,1.7942250780274756,3.222103488258419,139.83512243479697,-4.8305659846102476,0.13417344933441663,5947,146.99806809425354,329.51399779319763,,12,12,true
friedman_1M_bmlh168_n155__mem10__20260416_172734.jld2,parte1/resultados_Friedman/friedman_1M_bmlh168_n155__mem10__20260416_172734.jld2,w168,231,155,1.0e-7,StrategySelective,Selective,1,1.8221929309310272,3.6055884789783317,317.67047327113994,-12.778345880815003,0.15153410486114463,5947,205.32440781593323,387.6344919204712,,12,12,true
friedman_1M_bmlh168_n155__mem10__20260416_172734.jld2,parte1/resultados_Friedman/friedman_1M_bmlh168_n155__mem10__20260416_172734.jld2,w168,271,155,0.01,StrategySelectiveWithConstantOptimization,Selective+ConstOpt,1,2.0667093532157987,3.3213777336292143,705.9349074072114,-30.442488004095008,0.13860127008792275,5947,7.999155044555664,191.08551812171936,,12,12,true
friedman_1M_bmlh168_n155__mem10__20260416_172734.jld2,parte1/resultados_Friedman/friedman_1M_bmlh168_n155__mem10__20260416_172734.jld2,w168,311,155,0.001,StrategySelectiveWithConstantOptimization,Selective+ConstOpt,1,2.466327475935407,9.465272002697454,148165.5309810967,-6682.581103466189,0.39998881660697155,5947,107.13314700126648,290.5906729698181,,12,12,true
friedman_1M_bmlh168_n155__mem10__20260416_172734.jld2,parte1/resultados_Friedman/friedman_1M_bmlh168_n155__mem10__20260416_172734.jld2,w168,351,155,0.0001,StrategySelectiveWithConstantOptimization,Selective+ConstOpt,1,1.8531600902138416,3.7664019261763837,375.41557204307776,-13.134803010816073,0.1581573598470815,5947,60.150837898254395,243.0806908607483,,12,12,true
friedman_1M_bmlh168_n155__mem10__20260416_172734.jld2,parte1/resultados_Friedman/friedman_1M_bmlh168_n155__mem10__20260416_172734.jld2,w168,391,155,1.0e-5,StrategySelectiveWithConstantOptimization,Selective+ConstOpt,1,2.367187448413954,6.20553140459012,6058.3406993014405,-226.92946906345222,0.2616077503573178,5947,53.31671619415283,236.14618587493896,,12,12,true
friedman_1M_bmlh168_n155__mem10__20260416_172734.jld2,parte1/resultados_Friedman/friedman_1M_bmlh168_n155__mem10__20260416_172734.jld2,w168,431,155,1.0e-6,StrategySelectiveWithConstantOptimization,Selective+ConstOpt,1,1.7533363723079942,2.898165062661304,180.61647366362675,-6.087833914196014,0.12060882158118628,5947,74.43558382987976,264.5257339477539,,12,12,true
friedman_1M_bmlh168_n155__mem10__20260416_172734.jld2,parte1/resultados_Friedman/friedman_1M_bmlh168_n155__mem10__20260416_172734.jld2,w168,471,155,1.0e-7,StrategySelectiveWithConstantOptimization,Selective+ConstOpt,1,1.9303535606549287,4.8750406482498345,7398.778763195593,-293.86794117476586,0.21102234579004334,5947,98.68089294433594,291.89262795448303,,12,12,true
friedman_1M_bmlh168_n165__mem10__20260416_172734.jld2,parte1/resultados_Friedman/friedman_1M_bmlh168_n165__mem10__20260416_172734.jld2,w168,33,165,0.01,StrategySelective,Selective,1,2.0324466715861993,2.797360154569281,105.97826316755112,-3.090824170255368,0.11660957124710855,5947,22.59154987335205,247.24517798423767,,12,12,true
friedman_1M_bmlh168_n165__mem10__20260416_172734.jld2,parte1/resultados_Friedman/friedman_1M_bmlh168_n165__mem10__20260416_172734.jld2,w168,73,165,0.001,StrategySelective,Selective,1,2.470200873852884,11.67379579897391,382531.2935344296,-14050.139131845426,0.49775545489992,5947,136.27153301239014,358.53242588043213,,12,12,true
friedman_1M_bmlh168_n165__mem10__20260416_172734.jld2,parte1/resultados_Friedman/friedman_1M_bmlh168_n165__mem10__20260416_172734.jld2,w168,113,165,0.0001,StrategySelective,Selective,1,1.8076061080596282,3.187744950988028,445.76337588717234,-16.047960822156305,0.13338520514492902,5947,80.61776304244995,302.25893211364746,,12,12,true
friedman_1M_bmlh168_n165__mem10__20260416_172734.jld2,parte1/resultados_Friedman/friedman_1M_bmlh168_n165__mem10__20260416_172734.jld2,w168,153,165,1.0e-5,StrategySelective,Selective,1,2.017708511066248,6.03747233626075,24838.591755165944,-1015.0191993037292,0.25600819690499266,5947,118.85689616203308,340.33159279823303,,12,12,true
friedman_1M_bmlh168_n165__mem10__20260416_172734.jld2,parte1/resultados_Friedman/friedman_1M_bmlh168_n165__mem10__20260416_172734.jld2,w168,193,165,1.0e-6,StrategySelective,Selective,1,1.80831822315124,3.2901030770766715,98.3754050393415,-2.8749306241477504,0.1372043743759311,5947,188.34479880332947,409.78035402297974,,12,12,true
friedman_1M_bmlh168_n165__mem10__20260416_172734.jld2,parte1/resultados_Friedman/friedman_1M_bmlh168_n165__mem10__20260416_172734.jld2,w168,233,165,1.0e-7,StrategySelective,Selective,1,1.9025921599504885,4.467775189486147,1664.215479249507,-70.47119420271629,0.18839808281134066,5947,281.03229808807373,502.13189697265625,,12,12,true
friedman_1M_bmlh168_n165__mem10__20260416_172734.jld2,parte1/resultados_Friedman/friedman_1M_bmlh168_n165__mem10__20260416_172734.jld2,w168,273,165,0.01,StrategySelectiveWithConstantOptimization,Selective+ConstOpt,1,2.0667093532157987,3.3213777336292143,705.9349074072114,-30.442488004095008,0.13860127008792275,5947,8.430241823196411,229.85297083854675,,12,12,true
friedman_1M_bmlh168_n165__mem10__20260416_172734.jld2,parte1/resultados_Friedman/friedman_1M_bmlh168_n165__mem10__20260416_172734.jld2,w168,313,165,0.001,StrategySelectiveWithConstantOptimization,Selective+ConstOpt,1,2.1560672971662393,4.325212661685634,336.2190362261373,-14.081018528761259,0.1805687922943632,5947,124.65117692947388,345.75734400749207,,12,12,true
friedman_1M_bmlh168_n165__mem10__20260416_172734.jld2,parte1/resultados_Friedman/friedman_1M_bmlh168_n165__mem10__20260416_172734.jld2,w168,353,165,0.0001,StrategySelectiveWithConstantOptimization,Selective+ConstOpt,1,1.8634563395902637,3.8622632300583355,311.4039169663457,-11.1184259101737,0.16116362448909097,5947,76.7664749622345,298.0079491138458,,12,12,true
friedman_1M_bmlh168_n165__mem10__20260416_172734.jld2,parte1/resultados_Friedman/friedman_1M_bmlh168_n165__mem10__20260416_172734.jld2,w168,393,165,1.0e-5,StrategySelectiveWithConstantOptimization,Selective+ConstOpt,1,2.4906452175447535,7.607880279853925,5169.397411953222,-203.88192276583086,0.31818570518650424,5947,70.24869704246521,290.9156131744385,,12,12,true
friedman_1M_bmlh168_n165__mem10__20260416_172734.jld2,parte1/resultados_Friedman/friedman_1M_bmlh168_n165__mem10__20260416_172734.jld2,w168,433,165,1.0e-6,StrategySelectiveWithConstantOptimization,Selective+ConstOpt,1,1.8245261969450688,3.6112514893013974,1369.8644803543168,-57.52909582348201,0.15282601282415972,5947,79.52030682563782,300.4145519733429,,12,12,true
friedman_1M_bmlh168_n165__mem10__20260416_172734.jld2,parte1/resultados_Friedman/friedman_1M_bmlh168_n165__mem10__20260416_172734.jld2,w168,473,165,1.0e-7,StrategySelectiveWithConstantOptimization,Selective+ConstOpt,1,1.9186406946476744,4.590163249529885,1833.9118647616865,-73.69537155215644,0.19058787274154235,5947,92.52463293075562,313.55756998062134,,12,12,true
friedman_1M_bmlh168_n175__mem10__20260416_172734.jld2,parte1/resultados_Friedman/friedman_1M_bmlh168_n175__mem10__20260416_172734.jld2,w168,35,175,0.01,StrategySelective,Selective,1,2.0324466715861993,2.797360154569281,105.97826316755112,-3.090824170255368,0.11660957124710855,5947,22.66141700744629,234.16456604003906,,12,12,true
friedman_1M_bmlh168_n175__mem10__20260416_172734.jld2,parte1/resultados_Friedman/friedman_1M_bmlh168_n175__mem10__20260416_172734.jld2,w168,75,175,0.001,StrategySelective,Selective,1,1.8728526441168958,3.964487612111376,1038.952148293719,-41.16843407775751,0.1662350107519369,5947,159.82022094726562,368.3083918094635,,12,12,true
friedman_1M_bmlh168_n175__mem10__20260416_172734.jld2,parte1/resultados_Friedman/friedman_1M_bmlh168_n175__mem10__20260416_172734.jld2,w168,115,175,0.0001,StrategySelective,Selective,1,2.473373526254675,11.50832287395359,316016.4359234237,-13213.901075502341,0.4938176328302293,5947,94.79861187934875,302.974289894104,,12,12,true
friedman_1M_bmlh168_n175__mem10__20260416_172734.jld2,parte1/resultados_Friedman/friedman_1M_bmlh168_n175__mem10__20260416_172734.jld2,w168,155,175,1.0e-5,StrategySelective,Selective,1,1.8800684899656992,4.014556597293907,376.18117746975923,-14.758260733997886,0.16723623933220177,5947,141.0751130580902,348.98091197013855,,12,12,true
friedman_1M_bmlh168_n175__mem10__20260416_172734.jld2,parte1/resultados_Friedman/friedman_1M_bmlh168_n175__mem10__20260416_172734.jld2,w168,195,175,1.0e-6,StrategySelective,Selective,1,1.8487940419734095,3.7373986945151274,287.6558988367092,-11.31484948828489,0.15607431504256342,5947,213.15554404258728,421.1679301261902,,12,12,true
friedman_1M_bmlh168_n175__mem10__20260416_172734.jld2,parte1/resultados_Friedman/friedman_1M_bmlh168_n175__mem10__20260416_172734.jld2,w168,235,175,1.0e-7,StrategySelective,Selective,1,1.8779459810829608,4.028021936007218,670.4584029106777,-28.315714779712906,0.16891815521270998,5947,320.21006202697754,528.226261138916,,12,12,true
friedman_1M_bmlh168_n175__mem10__20260416_172734.jld2,parte1/resultados_Friedman/friedman_1M_bmlh168_n175__mem10__20260416_172734.jld2,w168,275,175,0.01,StrategySelectiveWithConstantOptimization,Selective+ConstOpt,1,2.0667093532157987,3.3213777336292143,705.9349074072114,-30.442488004095008,0.13860127008792275,5947,8.907417058944702,216.33974313735962,,12,12,true
friedman_1M_bmlh168_n175__mem10__20260416_172734.jld2,parte1/resultados_Friedman/friedman_1M_bmlh168_n175__mem10__20260416_172734.jld2,w168,315,175,0.001,StrategySelectiveWithConstantOptimization,Selective+ConstOpt,1,2.159146279923696,4.401383696744871,393.49409299750164,-16.717421119033787,0.18399302642566004,5947,152.98522305488586,360.729336977005,,12,12,true
friedman_1M_bmlh168_n175__mem10__20260416_172734.jld2,parte1/resultados_Friedman/friedman_1M_bmlh168_n175__mem10__20260416_172734.jld2,w168,355,175,0.0001,StrategySelectiveWithConstantOptimization,Selective+ConstOpt,1,1.8643005631114242,3.7895193226571835,153.17928112425335,-5.169248587252124,0.1577629302676316,5947,100.37398290634155,308.0827171802521,,12,12,true
friedman_1M_bmlh168_n175__mem10__20260416_172734.jld2,parte1/resultados_Friedman/friedman_1M_bmlh168_n175__mem10__20260416_172734.jld2,w168,395,175,1.0e-5,StrategySelectiveWithConstantOptimization,Selective+ConstOpt,1,2.4043277895811785,6.424897485976179,1024.9816030929906,-41.55952570703863,0.2704537629470992,5947,80.00132298469543,287.05762100219727,,12,12,true
friedman_1M_bmlh168_n175__mem10__20260416_172734.jld2,parte1/resultados_Friedman/friedman_1M_bmlh168_n175__mem10__20260416_172734.jld2,w168,435,175,1.0e-6,StrategySelectiveWithConstantOptimization,Selective+ConstOpt,1,1.8433575732512963,3.7205829877139145,598.2528565699625,-20.052101937752795,0.15371077263228997,5947,90.9925639629364,298.666867017746,,12,12,true
friedman_1M_bmlh168_n175__mem10__20260416_172734.jld2,parte1/resultados_Friedman/friedman_1M_bmlh168_n175__mem10__20260416_172734.jld2,w168,475,175,1.0e-7,StrategySelectiveWithConstantOptimization,Selective+ConstOpt,1,1.9379767710361662,4.700825860770282,1440.1052287525733,-64.82102187998775,0.19614063181566394,5947,110.33856678009033,316.4826490879059,,12,12,true
friedman_1M_bmlh168_n185__mem10__20260416_172734.jld2,parte1/resultados_Friedman/friedman_1M_bmlh168_n185__mem10__20260416_172734.jld2,w168,37,185,0.01,StrategySelective,Selective,1,2.0324466715861993,2.797360154569281,105.97826316755112,-3.090824170255368,0.11660957124710855,5947,24.001821041107178,220.53703999519348,,12,12,true
friedman_1M_bmlh168_n185__mem10__20260416_172734.jld2,parte1/resultados_Friedman/friedman_1M_bmlh168_n185__mem10__20260416_172734.jld2,w168,77,185,0.001,StrategySelective,Selective,1,1.8971760020240584,4.141128657857554,685.5620945543255,-26.676305420397085,0.17374066818979997,5947,168.58769488334656,362.2181718349457,,12,12,true
friedman_1M_bmlh168_n185__mem10__20260416_172734.jld2,parte1/resultados_Friedman/friedman_1M_bmlh168_n185__mem10__20260416_172734.jld2,w168,117,185,0.0001,StrategySelective,Selective,1,2.4515269671855253,11.283873224164997,315872.74058933125,-13206.409521578884,0.4846919550411192,5947,98.9059488773346,292.3358619213104,,12,12,true
friedman_1M_bmlh168_n185__mem10__20260416_172734.jld2,parte1/resultados_Friedman/friedman_1M_bmlh168_n185__mem10__20260416_172734.jld2,w168,157,185,1.0e-5,StrategySelective,Selective,1,1.8871881461795856,4.054772220254557,407.4952618148644,-16.2556057498162,0.1691093003980658,5947,164.52119612693787,358.28111696243286,,12,12,true
friedman_1M_bmlh168_n185__mem10__20260416_172734.jld2,parte1/resultados_Friedman/friedman_1M_bmlh168_n185__mem10__20260416_172734.jld2,w168,197,185,1.0e-6,StrategySelective,Selective,1,1.8551161354739998,3.7492883048370427,178.45087036502068,-6.207269698835661,0.15696597246125962,5947,235.07172393798828,428.4437758922577,,12,12,true
friedman_1M_bmlh168_n185__mem10__20260416_172734.jld2,parte1/resultados_Friedman/friedman_1M_bmlh168_n185__mem10__20260416_172734.jld2,w168,237,185,1.0e-7,StrategySelective,Selective,1,1.8746082199440637,4.0227360783892205,373.05588904669685,-15.479007851348344,0.1675740543621184,5947,368.0587909221649,561.5924570560455,,12,12,true
friedman_1M_bmlh168_n185__mem10__20260416_172734.jld2,parte1/resultados_Friedman/friedman_1M_bmlh168_n185__mem10__20260416_172734.jld2,w168,277,185,0.01,StrategySelectiveWithConstantOptimization,Selective+ConstOpt,1,2.0667093532157987,3.3213777336292143,705.9349074072114,-30.442488004095008,0.13860127008792275,5947,9.01193904876709,201.48573923110962,,12,12,true
friedman_1M_bmlh168_n185__mem10__20260416_172734.jld2,parte1/resultados_Friedman/friedman_1M_bmlh168_n185__mem10__20260416_172734.jld2,w168,317,185,0.001,StrategySelectiveWithConstantOptimization,Selective+ConstOpt,1,2.227521138242071,4.761560641126647,1111.795034923058,-46.11305987463636,0.20000666097043096,5947,167.79978895187378,359.9129559993744,,12,12,true
friedman_1M_bmlh168_n185__mem10__20260416_172734.jld2,parte1/resultados_Friedman/friedman_1M_bmlh168_n185__mem10__20260416_172734.jld2,w168,357,185,0.0001,StrategySelectiveWithConstantOptimization,Selective+ConstOpt,1,2.0353372231607305,5.987042154672814,15038.130951171901,-634.4444786638389,0.24558920505824114,5947,122.53310990333557,315.09261989593506,,12,12,true
friedman_1M_bmlh168_n185__mem10__20260416_172734.jld2,parte1/resultados_Friedman/friedman_1M_bmlh168_n185__mem10__20260416_172734.jld2,w168,397,185,1.0e-5,StrategySelectiveWithConstantOptimization,Selective+ConstOpt,1,2.4196043696867595,6.582907356193312,1056.9080326461624,-42.853250330793664,0.2772786922044834,5947,89.47393798828125,281.3164310455322,,12,12,true
friedman_1M_bmlh168_n185__mem10__20260416_172734.jld2,parte1/resultados_Friedman/friedman_1M_bmlh168_n185__mem10__20260416_172734.jld2,w168,437,185,1.0e-6,StrategySelectiveWithConstantOptimization,Selective+ConstOpt,1,1.8599728809614033,3.8478697026328907,487.1344405046701,-16.387034947875648,0.16017812059135153,5947,109.32865810394287,301.0105948448181,,12,12,true
friedman_1M_bmlh168_n185__mem10__20260416_172734.jld2,parte1/resultados_Friedman/friedman_1M_bmlh168_n185__mem10__20260416_172734.jld2,w168,477,185,1.0e-7,StrategySelectiveWithConstantOptimization,Selective+ConstOpt,1,2.052118221396101,6.014135205483036,11924.151018625218,-485.3027858033358,0.25236743406887746,5947,122.19667196273804,341.86805510520935,,12,12,true
friedman_1M_bmlh168_n195__mem10__20260416_172734.jld2,parte1/resultados_Friedman/friedman_1M_bmlh168_n195__mem10__20260416_172734.jld2,w168,39,195,0.01,StrategySelective,Selective,1,2.0324466715861993,2.797360154569281,105.97826316755112,-3.090824170255368,0.11660957124710855,5947,23.988967895507812,252.34430599212646,,12,12,true
friedman_1M_bmlh168_n195__mem10__20260416_172734.jld2,parte1/resultados_Friedman/friedman_1M_bmlh168_n195__mem10__20260416_172734.jld2,w168,79,195,0.001,StrategySelective,Selective,1,1.9959243015700505,5.493315964160412,12926.331180961568,-530.398003509908,0.2311085132392545,5947,194.46574807167053,420.23701190948486,,12,12,true
friedman_1M_bmlh168_n195__mem10__20260416_172734.jld2,parte1/resultados_Friedman/friedman_1M_bmlh168_n195__mem10__20260416_172734.jld2,w168,119,195,0.0001,StrategySelective,Selective,1,2.4640987845590603,11.366447580551911,315877.6431097598,-13206.65079290354,0.4882308240698122,5947,118.26644396781921,343.61770391464233,,12,12,true
friedman_1M_bmlh168_n195__mem10__20260416_172734.jld2,parte1/resultados_Friedman/friedman_1M_bmlh168_n195__mem10__20260416_172734.jld2,w168,159,195,1.0e-5,StrategySelective,Selective,1,2.2371744293333093,8.618293407124465,71622.9414649727,-2927.6587720864986,0.36616788722343935,5947,190.45222902297974,415.9704291820526,,12,12,true
friedman_1M_bmlh168_n195__mem10__20260416_172734.jld2,parte1/resultados_Friedman/friedman_1M_bmlh168_n195__mem10__20260416_172734.jld2,w168,199,195,1.0e-6,StrategySelective,Selective,1,1.886503809626225,4.172457569901262,940.4786936719262,-37.405972891711244,0.1744812545704368,5947,267.7850980758667,493.62180614471436,,12,12,true
friedman_1M_bmlh168_n195__mem10__20260416_172734.jld2,parte1/resultados_Friedman/friedman_1M_bmlh168_n195__mem10__20260416_172734.jld2,w168,239,195,1.0e-7,StrategySelective,Selective,1,2.0182173711860782,5.803261971811281,4825.833505670218,-200.66387571533278,0.24638674526304397,5947,462.10968494415283,687.506334066391,,12,12,true
friedman_1M_bmlh168_n195__mem10__20260416_172734.jld2,parte1/resultados_Friedman/friedman_1M_bmlh168_n195__mem10__20260416_172734.jld2,w168,279,195,0.01,StrategySelectiveWithConstantOptimization,Selective+ConstOpt,1,2.0667093532157987,3.3213777336292143,705.9349074072114,-30.442488004095008,0.13860127008792275,5947,8.978280067443848,232.95864582061768,,12,12,true
friedman_1M_bmlh168_n195__mem10__20260416_172734.jld2,parte1/resultados_Friedman/friedman_1M_bmlh168_n195__mem10__20260416_172734.jld2,w168,319,195,0.001,StrategySelectiveWithConstantOptimization,Selective+ConstOpt,1,2.1886767880260525,4.6433035453377585,1071.9399210339873,-39.63334803305001,0.19342175407176534,5947,197.9006860256195,422.7338972091675,,12,12,true
friedman_1M_bmlh168_n195__mem10__20260416_172734.jld2,parte1/resultados_Friedman/friedman_1M_bmlh168_n195__mem10__20260416_172734.jld2,w168,359,195,0.0001,StrategySelectiveWithConstantOptimization,Selective+ConstOpt,1,2.0370818912906783,5.750581936324031,6051.554922170263,-230.5858948133434,0.23669894803625247,5947,141.93052005767822,366.5045762062073,,12,12,true
friedman_1M_bmlh168_n195__mem10__20260416_172734.jld2,parte1/resultados_Friedman/friedman_1M_bmlh168_n195__mem10__20260416_172734.jld2,w168,399,195,1.0e-5,StrategySelectiveWithConstantOptimization,Selective+ConstOpt,1,2.6479305710501344,9.305824590319872,23686.14774931408,-972.4536935451666,0.3917434773217162,5947,104.28009390830994,328.95134806632996,,12,12,true
friedman_1M_bmlh168_n195__mem10__20260416_172734.jld2,parte1/resultados_Friedman/friedman_1M_bmlh168_n195__mem10__20260416_172734.jld2,w168,439,195,1.0e-6,StrategySelectiveWithConstantOptimization,Selective+ConstOpt,1,2.7665240505124373,15.418932771266705,644051.737690566,-24645.729446166326,0.6699364415583646,5947,121.19649195671082,343.12952709198,,12,12,true
friedman_1M_bmlh168_n195__mem10__20260416_172734.jld2,parte1/resultados_Friedman/friedman_1M_bmlh168_n195__mem10__20260416_172734.jld2,w168,479,195,1.0e-7,StrategySelectiveWithConstantOptimization,Selective+ConstOpt,1,2.068917440393322,6.182032341041077,12142.667443206388,-494.20642997995503,0.2593700988675677,5947,139.70495891571045,345.97344303131104,,12,12,true
friedman_1M_bmlh168_n200__mem10__20260416_161345.jld2,parte1/resultados_Friedman/friedman_1M_bmlh168_n200__mem10__20260416_161345.jld2,w168,40,200,0.01,StrategySelective,Selective,1,2.0324466715861993,2.797360154569281,105.97826316755112,-3.090824170255368,0.11660957124710855,5947,20.10698103904724,205.68550395965576,,12,12,true
friedman_1M_bmlh168_n200__mem10__20260416_161345.jld2,parte1/resultados_Friedman/friedman_1M_bmlh168_n200__mem10__20260416_161345.jld2,w168,80,200,0.001,StrategySelective,Selective,1,1.904503244249498,4.313534260897524,2772.1245027782497,-110.39552080699913,0.18116606310708305,5947,170.0167908668518,359.53404211997986,,12,12,true
friedman_1M_bmlh168_n200__mem10__20260416_161345.jld2,parte1/resultados_Friedman/friedman_1M_bmlh168_n200__mem10__20260416_161345.jld2,w168,120,200,0.0001,StrategySelective,Selective,1,2.4843312849169426,11.58537245858454,315910.8034709808,-13207.879630528356,0.4966399014758027,5947,109.17954707145691,294.47090101242065,,12,12,true
friedman_1M_bmlh168_n200__mem10__20260416_161345.jld2,parte1/resultados_Friedman/friedman_1M_bmlh168_n200__mem10__20260416_161345.jld2,w168,160,200,1.0e-5,StrategySelective,Selective,1,2.242673971345327,8.628984112568222,67995.56938460459,-2779.31158735249,0.36641823670308404,5947,170.1088228225708,354.04962491989136,,12,12,true
friedman_1M_bmlh168_n200__mem10__20260416_161345.jld2,parte1/resultados_Friedman/friedman_1M_bmlh168_n200__mem10__20260416_161345.jld2,w168,200,200,1.0e-6,StrategySelective,Selective,1,1.88660834516118,4.064508163765848,333.24956058030375,-12.527075443589819,0.16937425329935119,5947,284.3076500892639,468.49244713783264,,12,12,true
friedman_1M_bmlh168_n200__mem10__20260416_161345.jld2,parte1/resultados_Friedman/friedman_1M_bmlh168_n200__mem10__20260416_161345.jld2,w168,240,200,1.0e-7,StrategySelective,Selective,1,1.9651589706620214,5.102816046246792,1872.5821609640363,-71.7867397929869,0.21268128662941613,5947,403.09479308128357,585.4394788742065,,12,12,true
friedman_1M_bmlh168_n200__mem10__20260416_161345.jld2,parte1/resultados_Friedman/friedman_1M_bmlh168_n200__mem10__20260416_161345.jld2,w168,280,200,0.01,StrategySelectiveWithConstantOptimization,Selective+ConstOpt,1,2.0667093532157987,3.3213777336292143,705.9349074072114,-30.442488004095008,0.13860127008792275,5947,7.689839124679565,189.75202202796936,,12,12,true
friedman_1M_bmlh168_n200__mem10__20260416_161345.jld2,parte1/resultados_Friedman/friedman_1M_bmlh168_n200__mem10__20260416_161345.jld2,w168,320,200,0.001,StrategySelectiveWithConstantOptimization,Selective+ConstOpt,1,2.1872122698114143,4.705778000615544,699.9220482603297,-28.70485255643132,0.19736443613057658,5947,183.8183319568634,366.9963128566742,,12,12,true
friedman_1M_bmlh168_n200__mem10__20260416_161345.jld2,parte1/resultados_Friedman/friedman_1M_bmlh168_n200__mem10__20260416_161345.jld2,w168,360,200,0.0001,StrategySelectiveWithConstantOptimization,Selective+ConstOpt,1,1.9287308244355075,4.4696158138522,472.70083582126216,-16.550190433220457,0.18581394007474955,5947,133.16586589813232,317.17879605293274,,12,12,true
friedman_1M_bmlh168_n200__mem10__20260416_161345.jld2,parte1/resultados_Friedman/friedman_1M_bmlh168_n200__mem10__20260416_161345.jld2,w168,400,200,1.0e-5,StrategySelectiveWithConstantOptimization,Selective+ConstOpt,1,2.489884035727685,7.149351751872791,1398.088018327745,-54.64793900344047,0.30005501307115306,5947,125.25832986831665,308.74499583244324,,12,12,true
friedman_1M_bmlh168_n200__mem10__20260416_161345.jld2,parte1/resultados_Friedman/friedman_1M_bmlh168_n200__mem10__20260416_161345.jld2,w168,440,200,1.0e-6,StrategySelectiveWithConstantOptimization,Selective+ConstOpt,1,2.0907332494813886,6.425589623385693,13766.02875143355,-550.1781753236763,0.26874015551687425,5947,119.59308505058289,301.55920600891113,,12,12,true
friedman_1M_bmlh168_n200__mem10__20260416_161345.jld2,parte1/resultados_Friedman/friedman_1M_bmlh168_n200__mem10__20260416_161345.jld2,w168,480,200,1.0e-7,StrategySelectiveWithConstantOptimization,Selective+ConstOpt,1,2.8704897148653514,16.46149788560957,630464.9301010472,-29819.653570750008,0.6700505727768955,5947,129.98754906654358,312.02940487861633,,12,12,true
