file,full_path,window,config_id,max_nodes,min_improvement,strategy,strategy_short,n_success,mae,rmse,mse,r2,nrmse,batches,train_time_sec,total_time_sec,error,expected_total,done_total,file_complete
bike_hour_h168_n005__20260416_140035.jld2,parte1/resultados_Bike/bike_hour_h168_n005__20260416_140035.jld2,w168,1,5,0.01,StrategySelective,Selective,1,0.16743992042947178,0.22251557036904177,0.05140557936297168,-0.09370426622576236,0.2655059525827492,42,7.279154062271118,10.672872066497803,,12,12,true
bike_hour_h168_n005__20260416_140035.jld2,parte1/resultados_Bike/bike_hour_h168_n005__20260416_140035.jld2,w168,41,5,0.001,StrategySelective,Selective,1,0.16743992042947178,0.22251557036904177,0.05140557936297168,-0.09370426622576236,0.2655059525827492,42,0.04292011260986328,0.5811741352081299,,12,12,true
bike_hour_h168_n005__20260416_140035.jld2,parte1/resultados_Bike/bike_hour_h168_n005__20260416_140035.jld2,w168,81,5,0.0001,StrategySelective,Selective,1,0.167561658351373,0.222316750738655,0.051320808420845285,-0.09076625828780605,0.26524184005550805,42,0.24419403076171875,0.8036389350891113,,12,12,true
bike_hour_h168_n005__20260416_140035.jld2,parte1/resultados_Bike/bike_hour_h168_n005__20260416_140035.jld2,w168,121,5,1.0e-5,StrategySelective,Selective,1,0.16801034340650198,0.22289184318677874,0.0515937967228347,-0.09585747676759168,0.2659039470114129,42,0.035761117935180664,0.5578148365020752,,12,12,true
bike_hour_h168_n005__20260416_140035.jld2,parte1/resultados_Bike/bike_hour_h168_n005__20260416_140035.jld2,w168,161,5,1.0e-6,StrategySelective,Selective,1,0.1681512832508959,0.22307186484906424,0.051679146458591486,-0.09747392596317192,0.2661129174517417,42,0.045809030532836914,0.5466709136962891,,12,12,true
bike_hour_h168_n005__20260416_140035.jld2,parte1/resultados_Bike/bike_hour_h168_n005__20260416_140035.jld2,w168,201,5,1.0e-7,StrategySelective,Selective,1,0.16820188088161164,0.22314141883918198,0.05171208563498652,-0.09810879650625501,0.2661935001631309,42,0.047280073165893555,0.5502760410308838,,12,12,true
bike_hour_h168_n005__20260416_140035.jld2,parte1/resultados_Bike/bike_hour_h168_n005__20260416_140035.jld2,w168,241,5,0.01,StrategySelectiveWithConstantOptimization,Selective+ConstOpt,1,0.16743992042947178,0.22251557036904177,0.05140557936297168,-0.09370426622576236,0.2655059525827492,42,0.69063401222229,1.2517800331115723,,12,12,true
bike_hour_h168_n005__20260416_140035.jld2,parte1/resultados_Bike/bike_hour_h168_n005__20260416_140035.jld2,w168,281,5,0.001,StrategySelectiveWithConstantOptimization,Selective+ConstOpt,1,0.16743992042947178,0.22251557036904177,0.05140557936297168,-0.09370426622576236,0.2655059525827492,42,0.0374150276184082,0.5392041206359863,,12,12,true
bike_hour_h168_n005__20260416_140035.jld2,parte1/resultados_Bike/bike_hour_h168_n005__20260416_140035.jld2,w168,321,5,0.0001,StrategySelectiveWithConstantOptimization,Selective+ConstOpt,1,0.167561658351373,0.222316750738655,0.051320808420845285,-0.09076625828780605,0.26524184005550805,42,0.0634300708770752,0.5531392097473145,,12,12,true
bike_hour_h168_n005__20260416_140035.jld2,parte1/resultados_Bike/bike_hour_h168_n005__20260416_140035.jld2,w168,361,5,1.0e-5,StrategySelectiveWithConstantOptimization,Selective+ConstOpt,1,0.16801034340650198,0.22289184318677874,0.0515937967228347,-0.09585747676759168,0.2659039470114129,42,0.0345308780670166,0.5629971027374268,,12,12,true
bike_hour_h168_n005__20260416_140035.jld2,parte1/resultados_Bike/bike_hour_h168_n005__20260416_140035.jld2,w168,401,5,1.0e-6,StrategySelectiveWithConstantOptimization,Selective+ConstOpt,1,0.1681512832508959,0.22307186484906424,0.051679146458591486,-0.09747392596317192,0.2661129174517417,42,0.0339970588684082,0.5351481437683105,,12,12,true
bike_hour_h168_n005__20260416_140035.jld2,parte1/resultados_Bike/bike_hour_h168_n005__20260416_140035.jld2,w168,441,5,1.0e-7,StrategySelectiveWithConstantOptimization,Selective+ConstOpt,1,0.16820188088161164,0.22314141883918198,0.05171208563498652,-0.09810879650625501,0.2661935001631309,42,0.03854703903198242,0.5252408981323242,,12,12,true
bike_hour_h168_n005_cfg001__20260416_133811.jld2,parte1/resultados_Bike/bike_hour_h168_n005_cfg001__20260416_133811.jld2,w168,1,5,0.01,StrategySelective,Selective,1,0.16743992042947178,0.22251557036904177,0.05140557936297168,-0.09370426622576236,0.2655059525827492,42,7.554362058639526,10.939527988433838,,1,1,true
bike_hour_h168_n010__20260416_140035.jld2,parte1/resultados_Bike/bike_hour_h168_n010__20260416_140035.jld2,w168,2,10,0.01,StrategySelective,Selective,1,0.16743992042947178,0.22251557036904177,0.05140557936297168,-0.09370426622576236,0.2655059525827492,42,7.263581037521362,10.568202018737793,,12,12,true
bike_hour_h168_n010__20260416_140035.jld2,parte1/resultados_Bike/bike_hour_h168_n010__20260416_140035.jld2,w168,42,10,0.001,StrategySelective,Selective,1,0.16743992042947178,0.22251557036904177,0.05140557936297168,-0.09370426622576236,0.2655059525827492,42,0.03658890724182129,0.5412349700927734,,12,12,true
bike_hour_h168_n010__20260416_140035.jld2,parte1/resultados_Bike/bike_hour_h168_n010__20260416_140035.jld2,w168,82,10,0.0001,StrategySelective,Selective,1,0.14914304774489703,0.20787624932621104,0.04507743799755714,0.05397024742870142,0.24710699706415643,42,0.5796349048614502,1.1972830295562744,,12,12,true
bike_hour_h168_n010__20260416_140035.jld2,parte1/resultados_Bike/bike_hour_h168_n010__20260416_140035.jld2,w168,122,10,1.0e-5,StrategySelective,Selective,1,0.14927385316204225,0.20829807791598673,0.045262907305775514,0.05022889159381071,0.2476306763080291,42,0.11832499504089355,0.6127970218658447,,12,12,true
bike_hour_h168_n010__20260416_140035.jld2,parte1/resultados_Bike/bike_hour_h168_n010__20260416_140035.jld2,w168,162,10,1.0e-6,StrategySelective,Selective,1,0.14934658824705072,0.20849206850103344,0.04534833288474279,0.04849963060015107,0.2478667668601285,42,0.16522908210754395,0.6636829376220703,,12,12,true
bike_hour_h168_n010__20260416_140035.jld2,parte1/resultados_Bike/bike_hour_h168_n010__20260416_140035.jld2,w168,202,10,1.0e-7,StrategySelective,Selective,1,0.14934834426317284,0.20850290335397081,0.045352898294037804,0.048390008841658436,0.24788445475303433,42,0.14469599723815918,0.7953319549560547,,12,12,true
bike_hour_h168_n010__20260416_140035.jld2,parte1/resultados_Bike/bike_hour_h168_n010__20260416_140035.jld2,w168,242,10,0.01,StrategySelectiveWithConstantOptimization,Selective+ConstOpt,1,0.16743992042947178,0.22251557036904177,0.05140557936297168,-0.09370426622576236,0.2655059525827492,42,0.5385520458221436,1.0274829864501953,,12,12,true
bike_hour_h168_n010__20260416_140035.jld2,parte1/resultados_Bike/bike_hour_h168_n010__20260416_140035.jld2,w168,282,10,0.001,StrategySelectiveWithConstantOptimization,Selective+ConstOpt,1,0.16743992042947178,0.22251557036904177,0.05140557936297168,-0.09370426622576236,0.2655059525827492,42,0.04171419143676758,0.5786919593811035,,12,12,true
bike_hour_h168_n010__20260416_140035.jld2,parte1/resultados_Bike/bike_hour_h168_n010__20260416_140035.jld2,w168,322,10,0.0001,StrategySelectiveWithConstantOptimization,Selective+ConstOpt,1,0.14914304774489703,0.20787624932621104,0.04507743799755714,0.05397024742870142,0.24710699706415643,42,0.12096095085144043,0.6576700210571289,,12,12,true
bike_hour_h168_n010__20260416_140035.jld2,parte1/resultados_Bike/bike_hour_h168_n010__20260416_140035.jld2,w168,362,10,1.0e-5,StrategySelectiveWithConstantOptimization,Selective+ConstOpt,1,0.14929931539385807,0.2083239029584662,0.045274490514006255,0.05001392658808287,0.24765863555690712,42,0.12456989288330078,0.610496997833252,,12,12,true
bike_hour_h168_n010__20260416_140035.jld2,parte1/resultados_Bike/bike_hour_h168_n010__20260416_140035.jld2,w168,402,10,1.0e-6,StrategySelectiveWithConstantOptimization,Selective+ConstOpt,1,0.1493269532149015,0.2084442906816909,0.04532710443328014,0.04891488921856828,0.24781289253956076,42,0.09686112403869629,1.0737369060516357,,12,12,true
bike_hour_h168_n010__20260416_140035.jld2,parte1/resultados_Bike/bike_hour_h168_n010__20260416_140035.jld2,w168,442,10,1.0e-7,StrategySelectiveWithConstantOptimization,Selective+ConstOpt,1,0.14934338855975166,0.20848914607098834,0.04534678806801544,0.0485098765031525,0.24786893374258628,42,0.1466670036315918,0.644603967666626,,12,12,true
bike_hour_h168_n015__20260416_155336.jld2,parte1/resultados_Bike/bike_hour_h168_n015__20260416_155336.jld2,w168,3,15,0.01,StrategySelective,Selective,1,0.16743992042947178,0.22251557036904177,0.05140557936297168,-0.09370426622576236,0.2655059525827492,42,8.251337051391602,11.85679006576538,,12,12,true
bike_hour_h168_n015__20260416_155336.jld2,parte1/resultados_Bike/bike_hour_h168_n015__20260416_155336.jld2,w168,43,15,0.001,StrategySelective,Selective,1,0.16743992042947178,0.22251557036904177,0.05140557936297168,-0.09370426622576236,0.2655059525827492,42,0.04637908935546875,0.6044900417327881,,12,12,true
bike_hour_h168_n015__20260416_155336.jld2,parte1/resultados_Bike/bike_hour_h168_n015__20260416_155336.jld2,w168,83,15,0.0001,StrategySelective,Selective,1,0.12589394908098067,0.19003493899945065,0.037743752829906156,0.20626557922138952,0.22618722955250947,42,1.423948049545288,2.1806440353393555,,12,12,true
bike_hour_h168_n015__20260416_155336.jld2,parte1/resultados_Bike/bike_hour_h168_n015__20260416_155336.jld2,w168,123,15,1.0e-5,StrategySelective,Selective,1,0.12581881431366207,0.19002967806753088,0.0377407530355704,0.20625538189469708,0.22619148260736865,42,0.4035329818725586,0.9079339504241943,,12,12,true
bike_hour_h168_n015__20260416_155336.jld2,parte1/resultados_Bike/bike_hour_h168_n015__20260416_155336.jld2,w168,163,15,1.0e-6,StrategySelective,Selective,1,0.12581661931651894,0.19003136103151558,0.037744267976543504,0.20637473658986905,0.22616495724625202,42,0.4654099941253662,0.9625117778778076,,12,12,true
bike_hour_h168_n015__20260416_155336.jld2,parte1/resultados_Bike/bike_hour_h168_n015__20260416_155336.jld2,w168,203,15,1.0e-7,StrategySelective,Selective,1,0.1258171057022134,0.1899866056850899,0.03772694847593363,0.20676068811099355,0.22610635151740752,42,0.5626609325408936,1.0633008480072021,,12,12,true
bike_hour_h168_n015__20260416_155336.jld2,parte1/resultados_Bike/bike_hour_h168_n015__20260416_155336.jld2,w168,243,15,0.01,StrategySelectiveWithConstantOptimization,Selective+ConstOpt,1,0.16743992042947178,0.22251557036904177,0.05140557936297168,-0.09370426622576236,0.2655059525827492,42,0.6341040134429932,1.1331050395965576,,12,12,true
bike_hour_h168_n015__20260416_155336.jld2,parte1/resultados_Bike/bike_hour_h168_n015__20260416_155336.jld2,w168,283,15,0.001,StrategySelectiveWithConstantOptimization,Selective+ConstOpt,1,0.16743992042947178,0.22251557036904177,0.05140557936297168,-0.09370426622576236,0.2655059525827492,42,0.04115891456604004,0.9338481426239014,,12,12,true
bike_hour_h168_n015__20260416_155336.jld2,parte1/resultados_Bike/bike_hour_h168_n015__20260416_155336.jld2,w168,323,15,0.0001,StrategySelectiveWithConstantOptimization,Selective+ConstOpt,1,0.12578526039480328,0.18990164486618552,0.03769154432603785,0.2073769036760539,0.22602078408215226,42,0.35819315910339355,0.8534641265869141,,12,12,true
bike_hour_h168_n015__20260416_155336.jld2,parte1/resultados_Bike/bike_hour_h168_n015__20260416_155336.jld2,w168,363,15,1.0e-5,StrategySelectiveWithConstantOptimization,Selective+ConstOpt,1,0.12584954074522384,0.19015644804951973,0.037792575699174984,0.20528932929407614,0.2263296573470962,42,0.36523008346557617,0.8674540519714355,,12,12,true
bike_hour_h168_n015__20260416_155336.jld2,parte1/resultados_Bike/bike_hour_h168_n015__20260416_155336.jld2,w168,403,15,1.0e-6,StrategySelectiveWithConstantOptimization,Selective+ConstOpt,1,0.1258234628388558,0.19003636044797845,0.037746417833402664,0.20634301705201427,0.22616914297210738,42,0.4187300205230713,0.9258980751037598,,12,12,true
bike_hour_h168_n015__20260416_155336.jld2,parte1/resultados_Bike/bike_hour_h168_n015__20260416_155336.jld2,w168,443,15,1.0e-7,StrategySelectiveWithConstantOptimization,Selective+ConstOpt,1,0.13028412671212142,0.19430365647520734,0.03938717327764158,0.16839370936044798,0.2316415742443779,42,0.5993611812591553,1.4504659175872803,,12,12,true
bike_hour_h168_n020__20260416_140035.jld2,parte1/resultados_Bike/bike_hour_h168_n020__20260416_140035.jld2,w168,4,20,0.01,StrategySelective,Selective,1,0.16743992042947178,0.22251557036904177,0.05140557936297168,-0.09370426622576236,0.2655059525827492,42,7.279153108596802,10.604774951934814,,12,12,true
bike_hour_h168_n020__20260416_140035.jld2,parte1/resultados_Bike/bike_hour_h168_n020__20260416_140035.jld2,w168,44,20,0.001,StrategySelective,Selective,1,0.16743992042947178,0.22251557036904177,0.05140557936297168,-0.09370426622576236,0.2655059525827492,42,0.04122591018676758,0.6010479927062988,,12,12,true
bike_hour_h168_n020__20260416_140035.jld2,parte1/resultados_Bike/bike_hour_h168_n020__20260416_140035.jld2,w168,84,20,0.0001,StrategySelective,Selective,1,0.12557170727223646,0.18968613128580925,0.03753516377123166,0.20429958043370297,0.2264407273967587,42,1.6583540439605713,2.3761508464813232,,12,12,true
bike_hour_h168_n020__20260416_140035.jld2,parte1/resultados_Bike/bike_hour_h168_n020__20260416_140035.jld2,w168,124,20,1.0e-5,StrategySelective,Selective,1,0.12028987984459545,0.18701769662990828,0.03649620164445062,0.22635741194374398,0.22325248625843866,42,0.7481868267059326,1.2350900173187256,,12,12,true
bike_hour_h168_n020__20260416_140035.jld2,parte1/resultados_Bike/bike_hour_h168_n020__20260416_140035.jld2,w168,164,20,1.0e-6,StrategySelective,Selective,1,0.12016895669282365,0.18679291802301068,0.03640937627427662,0.22822009089849665,0.22297514763034085,42,0.708881139755249,1.1944458484649658,,12,12,true
bike_hour_h168_n020__20260416_140035.jld2,parte1/resultados_Bike/bike_hour_h168_n020__20260416_140035.jld2,w168,204,20,1.0e-7,StrategySelective,Selective,1,0.12580956756205217,0.18985318942094212,0.037673210798622805,0.20777850949298746,0.22594775918231264,42,0.7419331073760986,1.3243789672851562,,12,12,true
bike_hour_h168_n020__20260416_140035.jld2,parte1/resultados_Bike/bike_hour_h168_n020__20260416_140035.jld2,w168,244,20,0.01,StrategySelectiveWithConstantOptimization,Selective+ConstOpt,1,0.16743992042947178,0.22251557036904177,0.05140557936297168,-0.09370426622576236,0.2655059525827492,42,0.5662491321563721,1.5328528881072998,,12,12,true
bike_hour_h168_n020__20260416_140035.jld2,parte1/resultados_Bike/bike_hour_h168_n020__20260416_140035.jld2,w168,284,20,0.001,StrategySelectiveWithConstantOptimization,Selective+ConstOpt,1,0.16743992042947178,0.22251557036904177,0.05140557936297168,-0.09370426622576236,0.2655059525827492,42,0.03702497482299805,0.6871950626373291,,12,12,true
bike_hour_h168_n020__20260416_140035.jld2,parte1/resultados_Bike/bike_hour_h168_n020__20260416_140035.jld2,w168,324,20,0.0001,StrategySelectiveWithConstantOptimization,Selective+ConstOpt,1,0.12558584361486785,0.1896277329351629,0.0375167573610319,0.20513290474210924,0.2263242437806757,42,0.4648921489715576,0.9573190212249756,,12,12,true
bike_hour_h168_n020__20260416_140035.jld2,parte1/resultados_Bike/bike_hour_h168_n020__20260416_140035.jld2,w168,364,20,1.0e-5,StrategySelectiveWithConstantOptimization,Selective+ConstOpt,1,0.12014264905611242,0.18689598897602697,0.03644747818631918,0.22727068353565189,0.2231186793907692,42,0.49243807792663574,0.9765369892120361,,12,12,true
bike_hour_h168_n020__20260416_140035.jld2,parte1/resultados_Bike/bike_hour_h168_n020__20260416_140035.jld2,w168,404,20,1.0e-6,StrategySelectiveWithConstantOptimization,Selective+ConstOpt,1,0.12019445002455205,0.18683571377044794,0.03642674378456131,0.2279165971727651,0.22302011323713714,42,0.5555069446563721,1.519150972366333,,12,12,true
bike_hour_h168_n020__20260416_140035.jld2,parte1/resultados_Bike/bike_hour_h168_n020__20260416_140035.jld2,w168,444,20,1.0e-7,StrategySelectiveWithConstantOptimization,Selective+ConstOpt,1,0.13033191642724645,0.18694599513773483,0.03631835911279565,0.2184671620392054,0.2242296046965003,42,0.6321930885314941,1.2580900192260742,,12,12,true
bike_hour_h168_n025__20260416_155336.jld2,parte1/resultados_Bike/bike_hour_h168_n025__20260416_155336.jld2,w168,5,25,0.01,StrategySelective,Selective,1,0.16743992042947178,0.22251557036904177,0.05140557936297168,-0.09370426622576236,0.2655059525827492,42,8.369706153869629,11.991512060165405,,12,12,true
bike_hour_h168_n025__20260416_155336.jld2,parte1/resultados_Bike/bike_hour_h168_n025__20260416_155336.jld2,w168,45,25,0.001,StrategySelective,Selective,1,0.16743992042947178,0.22251557036904177,0.05140557936297168,-0.09370426622576236,0.2655059525827492,42,0.044135093688964844,0.5600540637969971,,12,12,true
bike_hour_h168_n025__20260416_155336.jld2,parte1/resultados_Bike/bike_hour_h168_n025__20260416_155336.jld2,w168,85,25,0.0001,StrategySelective,Selective,1,0.1205452386551148,0.18728563605445658,0.03657520564831962,0.22204763225688648,0.22384034038847275,42,2.199773073196411,2.945244073867798,,12,12,true
bike_hour_h168_n025__20260416_155336.jld2,parte1/resultados_Bike/bike_hour_h168_n025__20260416_155336.jld2,w168,125,25,1.0e-5,StrategySelective,Selective,1,0.11873228336917509,0.1840854513393936,0.03536402388761638,0.24965196735823772,0.21981922390945283,42,0.998878002166748,1.5541040897369385,,12,12,true
bike_hour_h168_n025__20260416_155336.jld2,parte1/resultados_Bike/bike_hour_h168_n025__20260416_155336.jld2,w168,165,25,1.0e-6,StrategySelective,Selective,1,0.11901859418691416,0.18392298783019378,0.03530012367967313,0.2511023468530788,0.21960666448541094,42,1.1667320728302002,1.6656830310821533,,12,12,true
bike_hour_h168_n025__20260416_155336.jld2,parte1/resultados_Bike/bike_hour_h168_n025__20260416_155336.jld2,w168,205,25,1.0e-7,StrategySelective,Selective,1,0.11868092818806804,0.18395569853407,0.03531515400807058,0.25069968434956114,0.21965076225453173,42,1.9196698665618896,2.4265730381011963,,12,12,true
bike_hour_h168_n025__20260416_155336.jld2,parte1/resultados_Bike/bike_hour_h168_n025__20260416_155336.jld2,w168,245,25,0.01,StrategySelectiveWithConstantOptimization,Selective+ConstOpt,1,0.16743992042947178,0.22251557036904177,0.05140557936297168,-0.09370426622576236,0.2655059525827492,42,0.6478641033172607,1.1496691703796387,,12,12,true
bike_hour_h168_n025__20260416_155336.jld2,parte1/resultados_Bike/bike_hour_h168_n025__20260416_155336.jld2,w168,285,25,0.001,StrategySelectiveWithConstantOptimization,Selective+ConstOpt,1,0.16743992042947178,0.22251557036904177,0.05140557936297168,-0.09370426622576236,0.2655059525827492,42,0.03968501091003418,0.5575780868530273,,12,12,true
bike_hour_h168_n025__20260416_155336.jld2,parte1/resultados_Bike/bike_hour_h168_n025__20260416_155336.jld2,w168,325,25,0.0001,StrategySelectiveWithConstantOptimization,Selective+ConstOpt,1,0.11873243045998319,0.17751715204038632,0.03279336145106005,0.29204773052431515,0.21311929381448272,42,1.2998270988464355,1.8138079643249512,,12,12,true
bike_hour_h168_n025__20260416_155336.jld2,parte1/resultados_Bike/bike_hour_h168_n025__20260416_155336.jld2,w168,365,25,1.0e-5,StrategySelectiveWithConstantOptimization,Selective+ConstOpt,1,0.11900244833921385,0.18395996259125166,0.035313580978237634,0.25078480282133053,0.21966341128899888,42,1.1256840229034424,1.657762050628662,,12,12,true
bike_hour_h168_n025__20260416_155336.jld2,parte1/resultados_Bike/bike_hour_h168_n025__20260416_155336.jld2,w168,405,25,1.0e-6,StrategySelectiveWithConstantOptimization,Selective+ConstOpt,1,0.1186762834489082,0.1839549554497674,0.035314149580811874,0.25067178733357776,0.21965740463322514,42,0.8646671772003174,1.3549079895019531,,12,12,true
bike_hour_h168_n025__20260416_155336.jld2,parte1/resultados_Bike/bike_hour_h168_n025__20260416_155336.jld2,w168,445,25,1.0e-7,StrategySelectiveWithConstantOptimization,Selective+ConstOpt,1,0.12094908161243267,0.18031473742162418,0.033820339127885034,0.2699189408528245,0.21648185590014052,42,1.2162129878997803,1.8412871360778809,,12,12,true
bike_hour_h168_n030__20260416_140035.jld2,parte1/resultados_Bike/bike_hour_h168_n030__20260416_140035.jld2,w168,6,30,0.01,StrategySelective,Selective,1,0.16743992042947178,0.22251557036904177,0.05140557936297168,-0.09370426622576236,0.2655059525827492,42,7.290400981903076,10.558162927627563,,12,12,true
bike_hour_h168_n030__20260416_140035.jld2,parte1/resultados_Bike/bike_hour_h168_n030__20260416_140035.jld2,w168,46,30,0.001,StrategySelective,Selective,1,0.16743992042947178,0.22251557036904177,0.05140557936297168,-0.09370426622576236,0.2655059525827492,42,0.04151582717895508,0.5666630268096924,,12,12,true
bike_hour_h168_n030__20260416_140035.jld2,parte1/resultados_Bike/bike_hour_h168_n030__20260416_140035.jld2,w168,86,30,0.0001,StrategySelective,Selective,1,0.11951580214366893,0.1761545801099654,0.03217852484609603,0.2926838681816467,0.2123533799584113,42,3.193495988845825,3.9082579612731934,,12,12,true
bike_hour_h168_n030__20260416_140035.jld2,parte1/resultados_Bike/bike_hour_h168_n030__20260416_140035.jld2,w168,126,30,1.0e-5,StrategySelective,Selective,1,0.11921303776715049,0.17775402340153235,0.03286983293935604,0.2898792678644669,0.2134702837401109,42,1.2580511569976807,1.7875251770019531,,12,12,true
bike_hour_h168_n030__20260416_140035.jld2,parte1/resultados_Bike/bike_hour_h168_n030__20260416_140035.jld2,w168,166,30,1.0e-6,StrategySelective,Selective,1,0.11928149985589334,0.17768382262485638,0.03284199941240202,0.290255198831128,0.21339983459540554,42,1.9026570320129395,2.390393018722534,,12,12,true
bike_hour_h168_n030__20260416_140035.jld2,parte1/resultados_Bike/bike_hour_h168_n030__20260416_140035.jld2,w168,206,30,1.0e-7,StrategySelective,Selective,1,0.11927157765906185,0.17765197513672343,0.03282973315090809,0.29047273913916966,0.21336501555950502,42,1.9338898658752441,2.431715965270996,,12,12,true
bike_hour_h168_n030__20260416_140035.jld2,parte1/resultados_Bike/bike_hour_h168_n030__20260416_140035.jld2,w168,246,30,0.01,StrategySelectiveWithConstantOptimization,Selective+ConstOpt,1,0.16743992042947178,0.22251557036904177,0.05140557936297168,-0.09370426622576236,0.2655059525827492,42,0.5325419902801514,1.0140960216522217,,12,12,true
bike_hour_h168_n030__20260416_140035.jld2,parte1/resultados_Bike/bike_hour_h168_n030__20260416_140035.jld2,w168,286,30,0.001,StrategySelectiveWithConstantOptimization,Selective+ConstOpt,1,0.16743992042947178,0.22251557036904177,0.05140557936297168,-0.09370426622576236,0.2655059525827492,42,0.03799915313720703,0.5355908870697021,,12,12,true
bike_hour_h168_n030__20260416_140035.jld2,parte1/resultados_Bike/bike_hour_h168_n030__20260416_140035.jld2,w168,326,30,0.0001,StrategySelectiveWithConstantOptimization,Selective+ConstOpt,1,0.11898062340002005,0.17752127696105893,0.03279590190805365,0.2924288053165374,0.2130836978393201,42,1.751345157623291,3.146545171737671,,12,12,true
bike_hour_h168_n030__20260416_140035.jld2,parte1/resultados_Bike/bike_hour_h168_n030__20260416_140035.jld2,w168,366,30,1.0e-5,StrategySelectiveWithConstantOptimization,Selective+ConstOpt,1,0.11540203276287125,0.17466420396936164,0.0318955686838185,0.3212992326629745,0.20901111065668396,42,1.1865320205688477,1.698918104171753,,12,12,true
bike_hour_h168_n030__20260416_140035.jld2,parte1/resultados_Bike/bike_hour_h168_n030__20260416_140035.jld2,w168,406,30,1.0e-6,StrategySelectiveWithConstantOptimization,Selective+ConstOpt,1,0.11928016279703653,0.17768006491541619,0.03284014270146361,0.29026631192789243,0.21339828331910088,42,1.6854901313781738,2.187221050262451,,12,12,true
bike_hour_h168_n030__20260416_140035.jld2,parte1/resultados_Bike/bike_hour_h168_n030__20260416_140035.jld2,w168,446,30,1.0e-7,StrategySelectiveWithConstantOptimization,Selective+ConstOpt,1,0.12092019213034796,0.18029186351769516,0.03381187060381706,0.2700920605217157,0.21645428036510125,42,1.4411540031433105,2.057279109954834,,12,12,true
bike_hour_h168_n030__20260416_155336.jld2,parte1/resultados_Bike/bike_hour_h168_n030__20260416_155336.jld2,w168,6,30,0.01,StrategySelective,Selective,1,0.16743992042947178,0.22251557036904177,0.05140557936297168,-0.09370426622576236,0.2655059525827492,42,8.337789058685303,11.952417135238647,,12,12,true
bike_hour_h168_n030__20260416_155336.jld2,parte1/resultados_Bike/bike_hour_h168_n030__20260416_155336.jld2,w168,46,30,0.001,StrategySelective,Selective,1,0.16743992042947178,0.22251557036904177,0.05140557936297168,-0.09370426622576236,0.2655059525827492,42,0.042333126068115234,0.5695390701293945,,12,12,true
bike_hour_h168_n030__20260416_155336.jld2,parte1/resultados_Bike/bike_hour_h168_n030__20260416_155336.jld2,w168,86,30,0.0001,StrategySelective,Selective,1,0.11951580214366893,0.1761545801099654,0.03217852484609603,0.2926838681816467,0.2123533799584113,42,3.2868058681488037,4.041074991226196,,12,12,true
bike_hour_h168_n030__20260416_155336.jld2,parte1/resultados_Bike/bike_hour_h168_n030__20260416_155336.jld2,w168,126,30,1.0e-5,StrategySelective,Selective,1,0.11921303776715049,0.17775402340153235,0.03286983293935604,0.2898792678644669,0.2134702837401109,42,1.3080978393554688,1.8626728057861328,,12,12,true
bike_hour_h168_n030__20260416_155336.jld2,parte1/resultados_Bike/bike_hour_h168_n030__20260416_155336.jld2,w168,166,30,1.0e-6,StrategySelective,Selective,1,0.11928149985589334,0.17768382262485638,0.03284199941240202,0.290255198831128,0.21339983459540554,42,2.049988031387329,2.5472500324249268,,12,12,true
bike_hour_h168_n030__20260416_155336.jld2,parte1/resultados_Bike/bike_hour_h168_n030__20260416_155336.jld2,w168,206,30,1.0e-7,StrategySelective,Selective,1,0.11927157765906185,0.17765197513672343,0.03282973315090809,0.29047273913916966,0.21336501555950502,42,2.137465000152588,2.6349499225616455,,12,12,true
bike_hour_h168_n030__20260416_155336.jld2,parte1/resultados_Bike/bike_hour_h168_n030__20260416_155336.jld2,w168,246,30,0.01,StrategySelectiveWithConstantOptimization,Selective+ConstOpt,1,0.16743992042947178,0.22251557036904177,0.05140557936297168,-0.09370426622576236,0.2655059525827492,42,0.6961190700531006,1.2041070461273193,,12,12,true
bike_hour_h168_n030__20260416_155336.jld2,parte1/resultados_Bike/bike_hour_h168_n030__20260416_155336.jld2,w168,286,30,0.001,StrategySelectiveWithConstantOptimization,Selective+ConstOpt,1,0.16743992042947178,0.22251557036904177,0.05140557936297168,-0.09370426622576236,0.2655059525827492,42,0.050292015075683594,0.5932261943817139,,12,12,true
bike_hour_h168_n030__20260416_155336.jld2,parte1/resultados_Bike/bike_hour_h168_n030__20260416_155336.jld2,w168,326,30,0.0001,StrategySelectiveWithConstantOptimization,Selective+ConstOpt,1,0.11898062340002005,0.17752127696105893,0.03279590190805365,0.2924288053165374,0.2130836978393201,42,1.5100619792938232,2.4601759910583496,,12,12,true
bike_hour_h168_n030__20260416_155336.jld2,parte1/resultados_Bike/bike_hour_h168_n030__20260416_155336.jld2,w168,366,30,1.0e-5,StrategySelectiveWithConstantOptimization,Selective+ConstOpt,1,0.11540203276287125,0.17466420396936164,0.0318955686838185,0.3212992326629745,0.20901111065668396,42,1.1970899105072021,1.6914949417114258,,12,12,true
bike_hour_h168_n030__20260416_155336.jld2,parte1/resultados_Bike/bike_hour_h168_n030__20260416_155336.jld2,w168,406,30,1.0e-6,StrategySelectiveWithConstantOptimization,Selective+ConstOpt,1,0.11928016279703653,0.17768006491541619,0.03284014270146361,0.29026631192789243,0.21339828331910088,42,1.4083251953125,1.8928189277648926,,12,12,true
bike_hour_h168_n030__20260416_155336.jld2,parte1/resultados_Bike/bike_hour_h168_n030__20260416_155336.jld2,w168,446,30,1.0e-7,StrategySelectiveWithConstantOptimization,Selective+ConstOpt,1,0.12092019213034796,0.18029186351769516,0.03381187060381706,0.2700920605217157,0.21645428036510125,42,1.4363429546356201,2.056040048599243,,12,12,true
bike_hour_h168_n035__20260416_155336.jld2,parte1/resultados_Bike/bike_hour_h168_n035__20260416_155336.jld2,w168,7,35,0.01,StrategySelective,Selective,1,0.16743992042947178,0.22251557036904177,0.05140557936297168,-0.09370426622576236,0.2655059525827492,42,8.288086891174316,11.896713018417358,,12,12,true
bike_hour_h168_n035__20260416_155336.jld2,parte1/resultados_Bike/bike_hour_h168_n035__20260416_155336.jld2,w168,47,35,0.001,StrategySelective,Selective,1,0.16743992042947178,0.22251557036904177,0.05140557936297168,-0.09370426622576236,0.2655059525827492,42,0.04121994972229004,0.5624549388885498,,12,12,true
bike_hour_h168_n035__20260416_155336.jld2,parte1/resultados_Bike/bike_hour_h168_n035__20260416_155336.jld2,w168,87,35,0.0001,StrategySelective,Selective,1,0.11902256891106264,0.17735721098784218,0.032681895930302476,0.28959013158394054,0.2133183435131608,42,3.3364198207855225,4.234198093414307,,12,12,true
bike_hour_h168_n035__20260416_155336.jld2,parte1/resultados_Bike/bike_hour_h168_n035__20260416_155336.jld2,w168,127,35,1.0e-5,StrategySelective,Selective,1,0.11544242899448239,0.17467645728521775,0.031900089936916384,0.3212181435511412,0.209022117623308,42,1.6469950675964355,2.1567389965057373,,12,12,true
bike_hour_h168_n035__20260416_155336.jld2,parte1/resultados_Bike/bike_hour_h168_n035__20260416_155336.jld2,w168,167,35,1.0e-6,StrategySelective,Selective,1,0.11643334584000455,0.17393925949604702,0.031586769230297115,0.32397529970516,0.20846784764574136,42,2.8941268920898438,3.3940601348876953,,12,12,true
bike_hour_h168_n035__20260416_155336.jld2,parte1/resultados_Bike/bike_hour_h168_n035__20260416_155336.jld2,w168,207,35,1.0e-7,StrategySelective,Selective,1,0.1164537557067881,0.17393082438821525,0.03158303206113313,0.3239974848201482,0.20846156081395945,42,3.6939139366149902,4.203660011291504,,12,12,true
bike_hour_h168_n035__20260416_155336.jld2,parte1/resultados_Bike/bike_hour_h168_n035__20260416_155336.jld2,w168,247,35,0.01,StrategySelectiveWithConstantOptimization,Selective+ConstOpt,1,0.16743992042947178,0.22251557036904177,0.05140557936297168,-0.09370426622576236,0.2655059525827492,42,0.551239013671875,1.0408148765563965,,12,12,true
bike_hour_h168_n035__20260416_155336.jld2,parte1/resultados_Bike/bike_hour_h168_n035__20260416_155336.jld2,w168,287,35,0.001,StrategySelectiveWithConstantOptimization,Selective+ConstOpt,1,0.16743992042947178,0.22251557036904177,0.05140557936297168,-0.09370426622576236,0.2655059525827492,42,0.0372920036315918,0.8630161285400391,,12,12,true
bike_hour_h168_n035__20260416_155336.jld2,parte1/resultados_Bike/bike_hour_h168_n035__20260416_155336.jld2,w168,327,35,0.0001,StrategySelectiveWithConstantOptimization,Selective+ConstOpt,1,0.1189633969928146,0.17718406879567916,0.03266310686684352,0.29488116172484924,0.21269813524478678,42,1.285207986831665,1.866528034210205,,12,12,true
bike_hour_h168_n035__20260416_155336.jld2,parte1/resultados_Bike/bike_hour_h168_n035__20260416_155336.jld2,w168,367,35,1.0e-5,StrategySelectiveWithConstantOptimization,Selective+ConstOpt,1,0.11514496032874266,0.1686135508551445,0.02960694946005591,0.3557229186580066,0.20294904432416982,42,1.9870381355285645,2.48055100440979,,12,12,true
bike_hour_h168_n035__20260416_155336.jld2,parte1/resultados_Bike/bike_hour_h168_n035__20260416_155336.jld2,w168,407,35,1.0e-6,StrategySelectiveWithConstantOptimization,Selective+ConstOpt,1,0.11648357254672122,0.17395889100929343,0.03159375997704185,0.32381589954136947,0.20849282208734962,42,1.820101022720337,2.2998788356781006,,12,12,true
bike_hour_h168_n035__20260416_155336.jld2,parte1/resultados_Bike/bike_hour_h168_n035__20260416_155336.jld2,w168,447,35,1.0e-7,StrategySelectiveWithConstantOptimization,Selective+ConstOpt,1,0.11704648550773962,0.1757691061815478,0.03218871801904889,0.31013255725569155,0.21059156412486665,42,2.472172975540161,3.2427759170532227,,12,12,true
bike_hour_h168_n040__20260416_140035.jld2,parte1/resultados_Bike/bike_hour_h168_n040__20260416_140035.jld2,w168,8,40,0.01,StrategySelective,Selective,1,0.16743992042947178,0.22251557036904177,0.05140557936297168,-0.09370426622576236,0.2655059525827492,42,7.780410051345825,11.185173034667969,,12,12,true
bike_hour_h168_n040__20260416_140035.jld2,parte1/resultados_Bike/bike_hour_h168_n040__20260416_140035.jld2,w168,48,40,0.001,StrategySelective,Selective,1,0.16743992042947178,0.22251557036904177,0.05140557936297168,-0.09370426622576236,0.2655059525827492,42,0.04134798049926758,0.5557460784912109,,12,12,true
bike_hour_h168_n040__20260416_140035.jld2,parte1/resultados_Bike/bike_hour_h168_n040__20260416_140035.jld2,w168,88,40,0.0001,StrategySelective,Selective,1,0.11620129413085853,0.1738509285261356,0.03153787050494189,0.32362989610716586,0.20849313865493235,42,3.479203939437866,4.355865001678467,,12,12,true
bike_hour_h168_n040__20260416_140035.jld2,parte1/resultados_Bike/bike_hour_h168_n040__20260416_140035.jld2,w168,128,40,1.0e-5,StrategySelective,Selective,1,0.11676423467964266,0.17196797504099565,0.03085384438815026,0.33673919338572206,0.20637258906736855,42,2.807347059249878,3.4374701976776123,,12,12,true
bike_hour_h168_n040__20260416_140035.jld2,parte1/resultados_Bike/bike_hour_h168_n040__20260416_140035.jld2,w168,168,40,1.0e-6,StrategySelective,Selective,1,0.11473220685547163,0.17170315457143492,0.030846910488432293,0.34506695692085404,0.2053172028656626,42,2.586884021759033,3.919721841812134,,12,12,true
bike_hour_h168_n040__20260416_140035.jld2,parte1/resultados_Bike/bike_hour_h168_n040__20260416_140035.jld2,w168,208,40,1.0e-7,StrategySelective,Selective,1,0.1147236251945129,0.1717218817486772,0.030854500484020407,0.34500850333888106,0.20533188885737882,42,3.62062406539917,4.164506196975708,,12,12,true
bike_hour_h168_n040__20260416_140035.jld2,parte1/resultados_Bike/bike_hour_h168_n040__20260416_140035.jld2,w168,248,40,0.01,StrategySelectiveWithConstantOptimization,Selective+ConstOpt,1,0.16743992042947178,0.22251557036904177,0.05140557936297168,-0.09370426622576236,0.2655059525827492,42,0.7485561370849609,1.57539701461792,,12,12,true
bike_hour_h168_n040__20260416_140035.jld2,parte1/resultados_Bike/bike_hour_h168_n040__20260416_140035.jld2,w168,288,40,0.001,StrategySelectiveWithConstantOptimization,Selective+ConstOpt,1,0.16743992042947178,0.22251557036904177,0.05140557936297168,-0.09370426622576236,0.2655059525827492,42,0.039379119873046875,0.5553171634674072,,12,12,true
bike_hour_h168_n040__20260416_140035.jld2,parte1/resultados_Bike/bike_hour_h168_n040__20260416_140035.jld2,w168,328,40,0.0001,StrategySelectiveWithConstantOptimization,Selective+ConstOpt,1,0.11782122169957161,0.1750518107122306,0.03184977025767389,0.3078163456847917,0.21051279284557642,42,1.9848790168762207,2.6850428581237793,,12,12,true
bike_hour_h168_n040__20260416_140035.jld2,parte1/resultados_Bike/bike_hour_h168_n040__20260416_140035.jld2,w168,368,40,1.0e-5,StrategySelectiveWithConstantOptimization,Selective+ConstOpt,1,0.1135260391960818,0.16629135361996256,0.028825382250531318,0.37409811420592776,0.20002455916108208,42,2.7606420516967773,3.2819859981536865,,12,12,true
bike_hour_h168_n040__20260416_140035.jld2,parte1/resultados_Bike/bike_hour_h168_n040__20260416_140035.jld2,w168,408,40,1.0e-6,StrategySelectiveWithConstantOptimization,Selective+ConstOpt,1,0.11483060521058054,0.17163452323677256,0.030815283786991096,0.3461947302804831,0.20517300376950717,42,2.155977964401245,2.6423020362854004,,12,12,true
bike_hour_h168_n040__20260416_140035.jld2,parte1/resultados_Bike/bike_hour_h168_n040__20260416_140035.jld2,w168,448,40,1.0e-7,StrategySelectiveWithConstantOptimization,Selective+ConstOpt,1,0.11719891826223175,0.1753281151837158,0.032017882517052676,0.31242254110160816,0.21019008329121971,42,11.778278112411499,12.433539152145386,,12,12,true
bike_hour_h168_n045__20260416_155336.jld2,parte1/resultados_Bike/bike_hour_h168_n045__20260416_155336.jld2,w168,9,45,0.01,StrategySelective,Selective,1,0.16743992042947178,0.22251557036904177,0.05140557936297168,-0.09370426622576236,0.2655059525827492,42,8.359050035476685,11.981306076049805,,12,12,true
bike_hour_h168_n045__20260416_155336.jld2,parte1/resultados_Bike/bike_hour_h168_n045__20260416_155336.jld2,w168,49,45,0.001,StrategySelective,Selective,1,0.16743992042947178,0.22251557036904177,0.05140557936297168,-0.09370426622576236,0.2655059525827492,42,0.04318594932556152,0.5700538158416748,,12,12,true
bike_hour_h168_n045__20260416_155336.jld2,parte1/resultados_Bike/bike_hour_h168_n045__20260416_155336.jld2,w168,89,45,0.0001,StrategySelective,Selective,1,0.1143017573183826,0.16829738343236683,0.029461841500612304,0.35344758680564176,0.2029848678715532,42,4.088477849960327,5.0092480182647705,,12,12,true
bike_hour_h168_n045__20260416_155336.jld2,parte1/resultados_Bike/bike_hour_h168_n045__20260416_155336.jld2,w168,129,45,1.0e-5,StrategySelective,Selective,1,0.11507799881707857,0.16839253732553794,0.029528620728393202,0.35708868936863286,0.20270814808345733,42,3.3902859687805176,3.973335027694702,,12,12,true
bike_hour_h168_n045__20260416_155336.jld2,parte1/resultados_Bike/bike_hour_h168_n045__20260416_155336.jld2,w168,169,45,1.0e-6,StrategySelective,Selective,1,0.11331698146239898,0.16618037435934677,0.028822430694910448,0.37780813993338935,0.1996182029614445,42,4.790849924087524,5.295711994171143,,12,12,true
bike_hour_h168_n045__20260416_155336.jld2,parte1/resultados_Bike/bike_hour_h168_n045__20260416_155336.jld2,w168,209,45,1.0e-7,StrategySelective,Selective,1,0.11333219003867362,0.1661756144862038,0.028820603273602797,0.3777793973301988,0.1996172609599362,42,5.4950971603393555,5.992588043212891,,12,12,true
bike_hour_h168_n045__20260416_155336.jld2,parte1/resultados_Bike/bike_hour_h168_n045__20260416_155336.jld2,w168,249,45,0.01,StrategySelectiveWithConstantOptimization,Selective+ConstOpt,1,0.16743992042947178,0.22251557036904177,0.05140557936297168,-0.09370426622576236,0.2655059525827492,42,0.5212059020996094,1.0137381553649902,,12,12,true
bike_hour_h168_n045__20260416_155336.jld2,parte1/resultados_Bike/bike_hour_h168_n045__20260416_155336.jld2,w168,289,45,0.001,StrategySelectiveWithConstantOptimization,Selective+ConstOpt,1,0.16743992042947178,0.22251557036904177,0.05140557936297168,-0.09370426622576236,0.2655059525827492,42,0.03657698631286621,0.5347850322723389,,12,12,true
bike_hour_h168_n045__20260416_155336.jld2,parte1/resultados_Bike/bike_hour_h168_n045__20260416_155336.jld2,w168,329,45,0.0001,StrategySelectiveWithConstantOptimization,Selective+ConstOpt,1,0.11645634065693483,0.16778711555563067,0.029165615335072132,0.34835056290275884,0.20307687395239896,42,2.8001298904418945,3.7055768966674805,,12,12,true
bike_hour_h168_n045__20260416_155336.jld2,parte1/resultados_Bike/bike_hour_h168_n045__20260416_155336.jld2,w168,369,45,1.0e-5,StrategySelectiveWithConstantOptimization,Selective+ConstOpt,1,0.10426683299142821,0.14986298087186492,0.023272501779226715,0.46654237039175783,0.1825726680459478,42,3.028477191925049,3.5245251655578613,,12,12,true
bike_hour_h168_n045__20260416_155336.jld2,parte1/resultados_Bike/bike_hour_h168_n045__20260416_155336.jld2,w168,409,45,1.0e-6,StrategySelectiveWithConstantOptimization,Selective+ConstOpt,1,0.11331659832294176,0.1661917170322807,0.02882671090966759,0.37775249290270424,0.199628248652231,42,2.8787269592285156,3.519665002822876,,12,12,true
bike_hour_h168_n045__20260416_155336.jld2,parte1/resultados_Bike/bike_hour_h168_n045__20260416_155336.jld2,w168,449,45,1.0e-7,StrategySelectiveWithConstantOptimization,Selective+ConstOpt,1,0.10373675088826467,0.15289610428937964,0.02414927251525213,0.4572419249873255,0.18533567067188597,42,41.409828901290894,42.178378105163574,,12,12,true
bike_hour_h168_n050__20260416_140035.jld2,parte1/resultados_Bike/bike_hour_h168_n050__20260416_140035.jld2,w168,10,50,0.01,StrategySelective,Selective,1,0.16743992042947178,0.22251557036904177,0.05140557936297168,-0.09370426622576236,0.2655059525827492,42,7.638793230056763,11.029723167419434,,12,12,true
bike_hour_h168_n050__20260416_140035.jld2,parte1/resultados_Bike/bike_hour_h168_n050__20260416_140035.jld2,w168,50,50,0.001,StrategySelective,Selective,1,0.16743992042947178,0.22251557036904177,0.05140557936297168,-0.09370426622576236,0.2655059525827492,42,0.04300403594970703,0.564903974533081,,12,12,true
bike_hour_h168_n050__20260416_140035.jld2,parte1/resultados_Bike/bike_hour_h168_n050__20260416_140035.jld2,w168,90,50,0.0001,StrategySelective,Selective,1,0.11386451488706015,0.1663950781219727,0.02878708107297536,0.36481573379652665,0.2009427249175797,42,4.815743923187256,5.813780069351196,,12,12,true
bike_hour_h168_n050__20260416_140035.jld2,parte1/resultados_Bike/bike_hour_h168_n050__20260416_140035.jld2,w168,130,50,1.0e-5,StrategySelective,Selective,1,0.1142451668326563,0.16636397139502784,0.028806156254168994,0.3696447737904925,0.20051537380476803,42,4.592626094818115,5.078774929046631,,12,12,true
bike_hour_h168_n050__20260416_140035.jld2,parte1/resultados_Bike/bike_hour_h168_n050__20260416_140035.jld2,w168,170,50,1.0e-6,StrategySelective,Selective,1,0.1133424431411269,0.1661657345164957,0.028818290084451574,0.3778917016575627,0.1995985534061553,42,4.253751039505005,4.743618965148926,,12,12,true
bike_hour_h168_n050__20260416_140035.jld2,parte1/resultados_Bike/bike_hour_h168_n050__20260416_140035.jld2,w168,210,50,1.0e-7,StrategySelective,Selective,1,0.11113279304434422,0.16330617291815788,0.027833280743391156,0.3985481637397932,0.1962354203518187,42,7.646759033203125,8.170582056045532,,12,12,true
bike_hour_h168_n050__20260416_140035.jld2,parte1/resultados_Bike/bike_hour_h168_n050__20260416_140035.jld2,w168,250,50,0.01,StrategySelectiveWithConstantOptimization,Selective+ConstOpt,1,0.16743992042947178,0.22251557036904177,0.05140557936297168,-0.09370426622576236,0.2655059525827492,42,0.5659329891204834,1.078657865524292,,12,12,true
bike_hour_h168_n050__20260416_140035.jld2,parte1/resultados_Bike/bike_hour_h168_n050__20260416_140035.jld2,w168,290,50,0.001,StrategySelectiveWithConstantOptimization,Selective+ConstOpt,1,0.16743992042947178,0.22251557036904177,0.05140557936297168,-0.09370426622576236,0.2655059525827492,42,0.035774946212768555,0.5330078601837158,,12,12,true
bike_hour_h168_n050__20260416_140035.jld2,parte1/resultados_Bike/bike_hour_h168_n050__20260416_140035.jld2,w168,330,50,0.0001,StrategySelectiveWithConstantOptimization,Selective+ConstOpt,1,0.11600720757673948,0.1655960685160568,0.028491615940801344,0.3727936360214962,0.19973694050618399,42,3.72249698638916,4.56038498878479,,12,12,true
bike_hour_h168_n050__20260416_140035.jld2,parte1/resultados_Bike/bike_hour_h168_n050__20260416_140035.jld2,w168,370,50,1.0e-5,StrategySelectiveWithConstantOptimization,Selective+ConstOpt,1,0.10480754942902097,0.149766299132585,0.02324272429070276,0.4677949162436058,0.18241153486716558,42,3.663957118988037,4.154428958892822,,12,12,true
bike_hour_h168_n050__20260416_140035.jld2,parte1/resultados_Bike/bike_hour_h168_n050__20260416_140035.jld2,w168,410,50,1.0e-6,StrategySelectiveWithConstantOptimization,Selective+ConstOpt,1,0.11110004932478226,0.163269574729553,0.02782044950495389,0.39876701311210205,0.19619672492832457,42,3.904340982437134,4.3974809646606445,,12,12,true
bike_hour_h168_n050__20260416_140035.jld2,parte1/resultados_Bike/bike_hour_h168_n050__20260416_140035.jld2,w168,450,50,1.0e-7,StrategySelectiveWithConstantOptimization,Selective+ConstOpt,1,0.1032107241126244,0.1507032862689098,0.023397909242599994,0.4643077963057633,0.1833726230649241,42,54.44337511062622,55.13991713523865,,12,12,true
bike_hour_h168_n055__20260416_155336.jld2,parte1/resultados_Bike/bike_hour_h168_n055__20260416_155336.jld2,w168,11,55,0.01,StrategySelective,Selective,1,0.16743992042947178,0.22251557036904177,0.05140557936297168,-0.09370426622576236,0.2655059525827492,42,8.384292840957642,12.003632068634033,,12,12,true
bike_hour_h168_n055__20260416_155336.jld2,parte1/resultados_Bike/bike_hour_h168_n055__20260416_155336.jld2,w168,51,55,0.001,StrategySelective,Selective,1,0.16743992042947178,0.22251557036904177,0.05140557936297168,-0.09370426622576236,0.2655059525827492,42,0.04260110855102539,0.5637140274047852,,12,12,true
bike_hour_h168_n055__20260416_155336.jld2,parte1/resultados_Bike/bike_hour_h168_n055__20260416_155336.jld2,w168,91,55,0.0001,StrategySelective,Selective,1,0.11282653777683922,0.1643459533027535,0.02809985359413803,0.3821016008937911,0.19826725389184532,42,6.058526039123535,7.128866910934448,,12,12,true
bike_hour_h168_n055__20260416_155336.jld2,parte1/resultados_Bike/bike_hour_h168_n055__20260416_155336.jld2,w168,131,55,1.0e-5,StrategySelective,Selective,1,0.11116035690057685,0.16290036686672685,0.02766636314392556,0.397757380281976,0.19609599790223925,42,6.321142911911011,6.840115785598755,,12,12,true
bike_hour_h168_n055__20260416_155336.jld2,parte1/resultados_Bike/bike_hour_h168_n055__20260416_155336.jld2,w168,171,55,1.0e-6,StrategySelective,Selective,1,0.11204526379850338,0.16333318582246334,0.027820311459433353,0.3967929053809933,0.19639779271645644,42,9.235061883926392,9.728691101074219,,12,12,true
bike_hour_h168_n055__20260416_155336.jld2,parte1/resultados_Bike/bike_hour_h168_n055__20260416_155336.jld2,w168,211,55,1.0e-7,StrategySelective,Selective,1,0.11112273261374088,0.16304757598629424,0.027738509666847783,0.40000903458544024,0.19595598420582286,42,8.804366111755371,9.297329187393188,,12,12,true
bike_hour_h168_n055__20260416_155336.jld2,parte1/resultados_Bike/bike_hour_h168_n055__20260416_155336.jld2,w168,251,55,0.01,StrategySelectiveWithConstantOptimization,Selective+ConstOpt,1,0.16743992042947178,0.22251557036904177,0.05140557936297168,-0.09370426622576236,0.2655059525827492,42,0.5854029655456543,1.0871200561523438,,12,12,true
bike_hour_h168_n055__20260416_155336.jld2,parte1/resultados_Bike/bike_hour_h168_n055__20260416_155336.jld2,w168,291,55,0.001,StrategySelectiveWithConstantOptimization,Selective+ConstOpt,1,0.16743992042947178,0.22251557036904177,0.05140557936297168,-0.09370426622576236,0.2655059525827492,42,0.042027950286865234,0.5423798561096191,,12,12,true
bike_hour_h168_n055__20260416_155336.jld2,parte1/resultados_Bike/bike_hour_h168_n055__20260416_155336.jld2,w168,331,55,0.0001,StrategySelectiveWithConstantOptimization,Selective+ConstOpt,1,0.11737979836577639,0.16444485924674987,0.02809521933746396,0.38005934728505397,0.1984730035483426,42,4.3808629512786865,5.245144844055176,,12,12,true
bike_hour_h168_n055__20260416_155336.jld2,parte1/resultados_Bike/bike_hour_h168_n055__20260416_155336.jld2,w168,371,55,1.0e-5,StrategySelectiveWithConstantOptimization,Selective+ConstOpt,1,0.10355261727099853,0.14451335161095452,0.021605788450752155,0.49985860368887236,0.17639418332924522,42,4.615401029586792,5.219178915023804,,12,12,true
bike_hour_h168_n055__20260416_155336.jld2,parte1/resultados_Bike/bike_hour_h168_n055__20260416_155336.jld2,w168,411,55,1.0e-6,StrategySelectiveWithConstantOptimization,Selective+ConstOpt,1,0.10995260400912639,0.16126604553274468,0.027132442205305512,0.41041936599189743,0.1940718560494035,42,5.333664894104004,5.8380818367004395,,12,12,true
bike_hour_h168_n055__20260416_155336.jld2,parte1/resultados_Bike/bike_hour_h168_n055__20260416_155336.jld2,w168,451,55,1.0e-7,StrategySelectiveWithConstantOptimization,Selective+ConstOpt,1,0.1002368312144726,0.1441948039993372,0.021315477274874466,0.4838551642747071,0.17720035775143414,42,72.75287699699402,73.35294198989868,,12,12,true
bike_hour_h168_n060__20260416_140035.jld2,parte1/resultados_Bike/bike_hour_h168_n060__20260416_140035.jld2,w168,12,60,0.01,StrategySelective,Selective,1,0.16743992042947178,0.22251557036904177,0.05140557936297168,-0.09370426622576236,0.2655059525827492,42,7.780396223068237,11.18513298034668,,12,12,true
bike_hour_h168_n060__20260416_140035.jld2,parte1/resultados_Bike/bike_hour_h168_n060__20260416_140035.jld2,w168,52,60,0.001,StrategySelective,Selective,1,0.16743992042947178,0.22251557036904177,0.05140557936297168,-0.09370426622576236,0.2655059525827492,42,0.04146695137023926,0.5702228546142578,,12,12,true
bike_hour_h168_n060__20260416_140035.jld2,parte1/resultados_Bike/bike_hour_h168_n060__20260416_140035.jld2,w168,92,60,0.0001,StrategySelective,Selective,1,0.11299675437738854,0.16471637570743805,0.02823292747383844,0.3802584216586578,0.19863234173813862,42,5.937910079956055,6.970088005065918,,12,12,true
bike_hour_h168_n060__20260416_140035.jld2,parte1/resultados_Bike/bike_hour_h168_n060__20260416_140035.jld2,w168,132,60,1.0e-5,StrategySelective,Selective,1,0.1112073065461785,0.16290035166741731,0.02766534039775578,0.3977736885095754,0.1960958242820876,42,7.184821844100952,7.689352035522461,,12,12,true
bike_hour_h168_n060__20260416_140035.jld2,parte1/resultados_Bike/bike_hour_h168_n060__20260416_140035.jld2,w168,172,60,1.0e-6,StrategySelective,Selective,1,0.10287288570555947,0.13831624242858614,0.01963886771345636,0.545737115362613,0.1686669608046736,42,10.825502157211304,11.388120889663696,,12,12,true
bike_hour_h168_n060__20260416_140035.jld2,parte1/resultados_Bike/bike_hour_h168_n060__20260416_140035.jld2,w168,212,60,1.0e-7,StrategySelective,Selective,1,0.11051721240006597,0.16240950630544998,0.027520591567725964,0.4042837615511874,0.1952202307835276,42,15.120419979095459,15.615658044815063,,12,12,true
bike_hour_h168_n060__20260416_140035.jld2,parte1/resultados_Bike/bike_hour_h168_n060__20260416_140035.jld2,w168,252,60,0.01,StrategySelectiveWithConstantOptimization,Selective+ConstOpt,1,0.16743992042947178,0.22251557036904177,0.05140557936297168,-0.09370426622576236,0.2655059525827492,42,0.5755000114440918,1.0884721279144287,,12,12,true
bike_hour_h168_n060__20260416_140035.jld2,parte1/resultados_Bike/bike_hour_h168_n060__20260416_140035.jld2,w168,292,60,0.001,StrategySelectiveWithConstantOptimization,Selective+ConstOpt,1,0.16743992042947178,0.22251557036904177,0.05140557936297168,-0.09370426622576236,0.2655059525827492,42,0.04003596305847168,0.542294979095459,,12,12,true
bike_hour_h168_n060__20260416_140035.jld2,parte1/resultados_Bike/bike_hour_h168_n060__20260416_140035.jld2,w168,332,60,0.0001,StrategySelectiveWithConstantOptimization,Selective+ConstOpt,1,0.11686338192010105,0.16471382296248682,0.02816962945994799,0.37813729537991625,0.19878845901549294,42,4.696507930755615,5.53621506690979,,12,12,true
bike_hour_h168_n060__20260416_140035.jld2,parte1/resultados_Bike/bike_hour_h168_n060__20260416_140035.jld2,w168,372,60,1.0e-5,StrategySelectiveWithConstantOptimization,Selective+ConstOpt,1,0.10192371013037761,0.13925347795485493,0.020006164140142595,0.5317327702628573,0.1703155112186981,42,5.814183950424194,6.427538156509399,,12,12,true
bike_hour_h168_n060__20260416_140035.jld2,parte1/resultados_Bike/bike_hour_h168_n060__20260416_140035.jld2,w168,412,60,1.0e-6,StrategySelectiveWithConstantOptimization,Selective+ConstOpt,1,0.110259537791152,0.16126117547630592,0.027125587976312066,0.41051674288805856,0.19406706787210443,42,5.406101942062378,6.340536832809448,,12,12,true
bike_hour_h168_n060__20260416_140035.jld2,parte1/resultados_Bike/bike_hour_h168_n060__20260416_140035.jld2,w168,452,60,1.0e-7,StrategySelectiveWithConstantOptimization,Selective+ConstOpt,1,0.09587768037738212,0.13448602703687632,0.01863461396278966,0.5530398554353666,0.165068171290794,42,114.94725608825684,115.53831911087036,,12,12,true
bike_hour_h168_n065__20260416_155336.jld2,parte1/resultados_Bike/bike_hour_h168_n065__20260416_155336.jld2,w168,13,65,0.01,StrategySelective,Selective,1,0.16743992042947178,0.22251557036904177,0.05140557936297168,-0.09370426622576236,0.2655059525827492,42,8.288480043411255,11.890444040298462,,12,12,true
bike_hour_h168_n065__20260416_155336.jld2,parte1/resultados_Bike/bike_hour_h168_n065__20260416_155336.jld2,w168,53,65,0.001,StrategySelective,Selective,1,0.16743992042947178,0.22251557036904177,0.05140557936297168,-0.09370426622576236,0.2655059525827492,42,0.04198002815246582,0.5687720775604248,,12,12,true
bike_hour_h168_n065__20260416_155336.jld2,parte1/resultados_Bike/bike_hour_h168_n065__20260416_155336.jld2,w168,93,65,0.0001,StrategySelective,Selective,1,0.10987620359253727,0.1595631978975533,0.026505883854854445,0.41433374341806717,0.19275631038858834,42,7.519453048706055,8.671995162963867,,12,12,true
bike_hour_h168_n065__20260416_155336.jld2,parte1/resultados_Bike/bike_hour_h168_n065__20260416_155336.jld2,w168,133,65,1.0e-5,StrategySelective,Selective,1,0.10292992702650285,0.1452184608073685,0.021790841478985995,0.48337253916823464,0.17805608797258224,42,7.3492701053619385,7.926526069641113,,12,12,true
bike_hour_h168_n065__20260416_155336.jld2,parte1/resultados_Bike/bike_hour_h168_n065__20260416_155336.jld2,w168,173,65,1.0e-6,StrategySelective,Selective,1,0.11646966061827323,0.14149485824062044,0.02067029511991892,0.5267875914321433,0.17197270553742255,42,19.17319893836975,19.661582946777344,,12,12,true
bike_hour_h168_n065__20260416_155336.jld2,parte1/resultados_Bike/bike_hour_h168_n065__20260416_155336.jld2,w168,213,65,1.0e-7,StrategySelective,Selective,1,0.11056008170175025,0.16230052496233707,0.027491753557830137,0.4055926888435694,0.1950244748580535,42,16.56373381614685,17.08181405067444,,12,12,true
bike_hour_h168_n065__20260416_155336.jld2,parte1/resultados_Bike/bike_hour_h168_n065__20260416_155336.jld2,w168,253,65,0.01,StrategySelectiveWithConstantOptimization,Selective+ConstOpt,1,0.16743992042947178,0.22251557036904177,0.05140557936297168,-0.09370426622576236,0.2655059525827492,42,0.5607969760894775,1.0549061298370361,,12,12,true
bike_hour_h168_n065__20260416_155336.jld2,parte1/resultados_Bike/bike_hour_h168_n065__20260416_155336.jld2,w168,293,65,0.001,StrategySelectiveWithConstantOptimization,Selective+ConstOpt,1,0.16743992042947178,0.22251557036904177,0.05140557936297168,-0.09370426622576236,0.2655059525827492,42,0.038681983947753906,0.5287690162658691,,12,12,true
bike_hour_h168_n065__20260416_155336.jld2,parte1/resultados_Bike/bike_hour_h168_n065__20260416_155336.jld2,w168,333,65,0.0001,StrategySelectiveWithConstantOptimization,Selective+ConstOpt,1,0.11502983836653569,0.15920640305569528,0.026327923048212038,0.4120837891819864,0.192692053107068,42,5.375329971313477,6.094448089599609,,12,12,true
bike_hour_h168_n065__20260416_155336.jld2,parte1/resultados_Bike/bike_hour_h168_n065__20260416_155336.jld2,w168,373,65,1.0e-5,StrategySelectiveWithConstantOptimization,Selective+ConstOpt,1,0.10191640900123355,0.1407896560626821,0.02045735189496547,0.5243302263992939,0.17195391704843382,42,7.7299017906188965,8.328853130340576,,12,12,true
bike_hour_h168_n065__20260416_155336.jld2,parte1/resultados_Bike/bike_hour_h168_n065__20260416_155336.jld2,w168,413,65,1.0e-6,StrategySelectiveWithConstantOptimization,Selective+ConstOpt,1,0.09933002605563396,0.1394900369850887,0.0201571228313697,0.5285406134650978,0.1707357115713185,42,7.705659866333008,8.201738834381104,,12,12,true
bike_hour_h168_n065__20260416_155336.jld2,parte1/resultados_Bike/bike_hour_h168_n065__20260416_155336.jld2,w168,453,65,1.0e-7,StrategySelectiveWithConstantOptimization,Selective+ConstOpt,1,0.09453017589450956,0.13345765993985162,0.018349422373394864,0.5581777935558981,0.16387976850129973,42,136.27840995788574,136.86004996299744,,12,12,true
bike_hour_h168_n070__20260416_140035.jld2,parte1/resultados_Bike/bike_hour_h168_n070__20260416_140035.jld2,w168,14,70,0.01,StrategySelective,Selective,1,0.16743992042947178,0.22251557036904177,0.05140557936297168,-0.09370426622576236,0.2655059525827492,42,7.7888970375061035,11.123019933700562,,12,12,true
bike_hour_h168_n070__20260416_140035.jld2,parte1/resultados_Bike/bike_hour_h168_n070__20260416_140035.jld2,w168,54,70,0.001,StrategySelective,Selective,1,0.16743992042947178,0.22251557036904177,0.05140557936297168,-0.09370426622576236,0.2655059525827492,42,0.043949127197265625,0.5553359985351562,,12,12,true
bike_hour_h168_n070__20260416_140035.jld2,parte1/resultados_Bike/bike_hour_h168_n070__20260416_140035.jld2,w168,94,70,0.0001,StrategySelective,Selective,1,0.10911073704471394,0.15723115134192586,0.02578332685437061,0.4353117759797806,0.1895643811706927,42,9.394973039627075,10.61218810081482,,12,12,true
bike_hour_h168_n070__20260416_140035.jld2,parte1/resultados_Bike/bike_hour_h168_n070__20260416_140035.jld2,w168,134,70,1.0e-5,StrategySelective,Selective,1,0.10493100781420071,0.1504089874716951,0.02343732611340777,0.4572637436955048,0.183533696919992,42,9.60450792312622,10.317162036895752,,12,12,true
bike_hour_h168_n070__20260416_140035.jld2,parte1/resultados_Bike/bike_hour_h168_n070__20260416_140035.jld2,w168,174,70,1.0e-6,StrategySelective,Selective,1,0.140433225051584,0.15904666511475957,0.0260785474382589,0.4005881765413905,0.1933990054596217,42,23.192662000656128,23.70737600326538,,12,12,true
bike_hour_h168_n070__20260416_140035.jld2,parte1/resultados_Bike/bike_hour_h168_n070__20260416_140035.jld2,w168,214,70,1.0e-7,StrategySelective,Selective,1,0.10964733573598417,0.16030344547623537,0.026815669676256933,0.4178884655472797,0.1928372917182022,42,22.140979051589966,22.685872077941895,,12,12,true
bike_hour_h168_n070__20260416_140035.jld2,parte1/resultados_Bike/bike_hour_h168_n070__20260416_140035.jld2,w168,254,70,0.01,StrategySelectiveWithConstantOptimization,Selective+ConstOpt,1,0.16743992042947178,0.22251557036904177,0.05140557936297168,-0.09370426622576236,0.2655059525827492,42,0.541719913482666,1.0558888912200928,,12,12,true
bike_hour_h168_n070__20260416_140035.jld2,parte1/resultados_Bike/bike_hour_h168_n070__20260416_140035.jld2,w168,294,70,0.001,StrategySelectiveWithConstantOptimization,Selective+ConstOpt,1,0.16743992042947178,0.22251557036904177,0.05140557936297168,-0.09370426622576236,0.2655059525827492,42,0.03637886047363281,0.6412150859832764,,12,12,true
bike_hour_h168_n070__20260416_140035.jld2,parte1/resultados_Bike/bike_hour_h168_n070__20260416_140035.jld2,w168,334,70,0.0001,StrategySelectiveWithConstantOptimization,Selective+ConstOpt,1,0.11466096212566354,0.15840319222285024,0.02608223123857485,0.41948016025111245,0.1915974624195711,42,7.8970818519592285,9.194833993911743,,12,12,true
bike_hour_h168_n070__20260416_140035.jld2,parte1/resultados_Bike/bike_hour_h168_n070__20260416_140035.jld2,w168,374,70,1.0e-5,StrategySelectiveWithConstantOptimization,Selective+ConstOpt,1,0.10105074524044166,0.14009537855782406,0.020258376391405947,0.5297743863618986,0.17107014314479935,42,8.122700929641724,8.6404550075531,,12,12,true
bike_hour_h168_n070__20260416_140035.jld2,parte1/resultados_Bike/bike_hour_h168_n070__20260416_140035.jld2,w168,414,70,1.0e-6,StrategySelectiveWithConstantOptimization,Selective+ConstOpt,1,0.09194207469721079,0.13339849070585105,0.01842005243388053,0.5594993256206837,0.1639333325237766,42,11.738942861557007,12.296023845672607,,12,12,true
bike_hour_h168_n070__20260416_140035.jld2,parte1/resultados_Bike/bike_hour_h168_n070__20260416_140035.jld2,w168,454,70,1.0e-7,StrategySelectiveWithConstantOptimization,Selective+ConstOpt,1,0.09397026400067607,0.13299267914876226,0.01821954792398768,0.560445037961041,0.16335211678325695,42,146.8152720928192,147.4094431400299,,12,12,true
bike_hour_h168_n075__20260416_155336.jld2,parte1/resultados_Bike/bike_hour_h168_n075__20260416_155336.jld2,w168,15,75,0.01,StrategySelective,Selective,1,0.16743992042947178,0.22251557036904177,0.05140557936297168,-0.09370426622576236,0.2655059525827492,42,7.239766836166382,10.432168960571289,,12,12,true
bike_hour_h168_n075__20260416_155336.jld2,parte1/resultados_Bike/bike_hour_h168_n075__20260416_155336.jld2,w168,55,75,0.001,StrategySelective,Selective,1,0.16743992042947178,0.22251557036904177,0.05140557936297168,-0.09370426622576236,0.2655059525827492,42,0.0410921573638916,0.542910099029541,,12,12,true
bike_hour_h168_n075__20260416_155336.jld2,parte1/resultados_Bike/bike_hour_h168_n075__20260416_155336.jld2,w168,95,75,0.0001,StrategySelective,Selective,1,0.1078251270152893,0.15361299046592317,0.024629848533553274,0.45804390895178126,0.18543990174982689,42,9.902788162231445,11.055485010147095,,12,12,true
bike_hour_h168_n075__20260416_155336.jld2,parte1/resultados_Bike/bike_hour_h168_n075__20260416_155336.jld2,w168,135,75,1.0e-5,StrategySelective,Selective,1,0.10382796764899072,0.14973465211731177,0.023246416425043586,0.46409273245366967,0.18252687618109037,42,9.810625076293945,10.511745929718018,,12,12,true
bike_hour_h168_n075__20260416_155336.jld2,parte1/resultados_Bike/bike_hour_h168_n075__20260416_155336.jld2,w168,175,75,1.0e-6,StrategySelective,Selective,1,0.1402784769968012,0.15885295695414423,0.02601039374743499,0.402447787025966,0.19313488854993863,42,24.241671800613403,24.735780954360962,,12,12,true
bike_hour_h168_n075__20260416_155336.jld2,parte1/resultados_Bike/bike_hour_h168_n075__20260416_155336.jld2,w168,215,75,1.0e-7,StrategySelective,Selective,1,0.1090987570894075,0.1592419854364436,0.026490119463923503,0.42777274904414,0.19130054279333056,42,32.01582407951355,32.49348592758179,,12,12,true
bike_hour_h168_n075__20260416_155336.jld2,parte1/resultados_Bike/bike_hour_h168_n075__20260416_155336.jld2,w168,255,75,0.01,StrategySelectiveWithConstantOptimization,Selective+ConstOpt,1,0.16743992042947178,0.22251557036904177,0.05140557936297168,-0.09370426622576236,0.2655059525827492,42,0.6675100326538086,1.3273348808288574,,12,12,true
bike_hour_h168_n075__20260416_155336.jld2,parte1/resultados_Bike/bike_hour_h168_n075__20260416_155336.jld2,w168,295,75,0.001,StrategySelectiveWithConstantOptimization,Selective+ConstOpt,1,0.16743992042947178,0.22251557036904177,0.05140557936297168,-0.09370426622576236,0.2655059525827492,42,0.03734087944030762,0.5290360450744629,,12,12,true
bike_hour_h168_n075__20260416_155336.jld2,parte1/resultados_Bike/bike_hour_h168_n075__20260416_155336.jld2,w168,335,75,0.0001,StrategySelectiveWithConstantOptimization,Selective+ConstOpt,1,0.11362505695597201,0.15713903769754767,0.02565238777082375,0.425592258571583,0.19033144923435727,42,7.792479038238525,8.365235090255737,,12,12,true
bike_hour_h168_n075__20260416_155336.jld2,parte1/resultados_Bike/bike_hour_h168_n075__20260416_155336.jld2,w168,375,75,1.0e-5,StrategySelectiveWithConstantOptimization,Selective+ConstOpt,1,0.09908511526598314,0.13808494176141414,0.019689168217152702,0.5399986376246029,0.1688620270549604,42,7.824141025543213,8.305243015289307,,12,12,true
bike_hour_h168_n075__20260416_155336.jld2,parte1/resultados_Bike/bike_hour_h168_n075__20260416_155336.jld2,w168,415,75,1.0e-6,StrategySelectiveWithConstantOptimization,Selective+ConstOpt,1,0.08989133241186657,0.13212375004565238,0.018073340312578443,0.5826741770786031,0.16120726781842545,42,19.725453853607178,20.20317792892456,,12,12,true
bike_hour_h168_n075__20260416_155336.jld2,parte1/resultados_Bike/bike_hour_h168_n075__20260416_155336.jld2,w168,455,75,1.0e-7,StrategySelectiveWithConstantOptimization,Selective+ConstOpt,1,0.0940759905278276,0.1315249794349232,0.017837505433331895,0.5704797108078924,0.16149712521716356,42,229.45911598205566,230.02225399017334,,12,12,true
bike_hour_h168_n080__20260416_140035.jld2,parte1/resultados_Bike/bike_hour_h168_n080__20260416_140035.jld2,w168,16,80,0.01,StrategySelective,Selective,1,0.16743992042947178,0.22251557036904177,0.05140557936297168,-0.09370426622576236,0.2655059525827492,42,12.870792865753174,20.146090984344482,,12,12,true
bike_hour_h168_n080__20260416_140035.jld2,parte1/resultados_Bike/bike_hour_h168_n080__20260416_140035.jld2,w168,56,80,0.001,StrategySelective,Selective,1,0.16743992042947178,0.22251557036904177,0.05140557936297168,-0.09370426622576236,0.2655059525827492,42,0.04229998588562012,0.6030950546264648,,12,12,true
bike_hour_h168_n080__20260416_140035.jld2,parte1/resultados_Bike/bike_hour_h168_n080__20260416_140035.jld2,w168,96,80,0.0001,StrategySelective,Selective,1,0.10777779687306642,0.15276085610714174,0.024351004584402165,0.4614706594220778,0.1846388781558963,42,10.911436080932617,12.187087059020996,,12,12,true
bike_hour_h168_n080__20260416_140035.jld2,parte1/resultados_Bike/bike_hour_h168_n080__20260416_140035.jld2,w168,136,80,1.0e-5,StrategySelective,Selective,1,0.10300958434340905,0.14853535033063262,0.022897018589921683,0.47666282574984464,0.1807627448606918,42,11.337020874023438,12.055500030517578,,12,12,true
bike_hour_h168_n080__20260416_140035.jld2,parte1/resultados_Bike/bike_hour_h168_n080__20260416_140035.jld2,w168,176,80,1.0e-6,StrategySelective,Selective,1,0.13585409845393576,0.1544779689585219,0.024541052121660738,0.4247771436124349,0.18864237590686506,42,31.8910231590271,32.62676787376404,,12,12,true
bike_hour_h168_n080__20260416_140035.jld2,parte1/resultados_Bike/bike_hour_h168_n080__20260416_140035.jld2,w168,216,80,1.0e-7,StrategySelective,Selective,1,0.11141577155657241,0.15105886008498792,0.023693241485730484,0.47411383372823906,0.18266791778095057,42,42.79607605934143,43.29509902000427,,12,12,true
bike_hour_h168_n080__20260416_140035.jld2,parte1/resultados_Bike/bike_hour_h168_n080__20260416_140035.jld2,w168,256,80,0.01,StrategySelectiveWithConstantOptimization,Selective+ConstOpt,1,0.16743992042947178,0.22251557036904177,0.05140557936297168,-0.09370426622576236,0.2655059525827492,42,0.5319108963012695,1.0190668106079102,,12,12,true
bike_hour_h168_n080__20260416_140035.jld2,parte1/resultados_Bike/bike_hour_h168_n080__20260416_140035.jld2,w168,296,80,0.001,StrategySelectiveWithConstantOptimization,Selective+ConstOpt,1,0.16743992042947178,0.22251557036904177,0.05140557936297168,-0.09370426622576236,0.2655059525827492,42,0.03509688377380371,0.5259158611297607,,12,12,true
bike_hour_h168_n080__20260416_140035.jld2,parte1/resultados_Bike/bike_hour_h168_n080__20260416_140035.jld2,w168,336,80,0.0001,StrategySelectiveWithConstantOptimization,Selective+ConstOpt,1,0.11215946880776222,0.15584277983287403,0.02526096245879688,0.4393371576697048,0.18838199462270913,42,10.233646869659424,10.722970962524414,,12,12,true
bike_hour_h168_n080__20260416_140035.jld2,parte1/resultados_Bike/bike_hour_h168_n080__20260416_140035.jld2,w168,376,80,1.0e-5,StrategySelectiveWithConstantOptimization,Selective+ConstOpt,1,0.09861272838579278,0.13610079732961328,0.019094265112269967,0.5506738517949822,0.16666067728904055,42,10.103790998458862,10.590403079986572,,12,12,true
bike_hour_h168_n080__20260416_140035.jld2,parte1/resultados_Bike/bike_hour_h168_n080__20260416_140035.jld2,w168,416,80,1.0e-6,StrategySelectiveWithConstantOptimization,Selective+ConstOpt,1,0.08767831571634589,0.12752299000442782,0.01675612877243052,0.599640886310026,0.15660083749070933,42,29.20725107192993,29.69038701057434,,12,12,true
bike_hour_h168_n080__20260416_140035.jld2,parte1/resultados_Bike/bike_hour_h168_n080__20260416_140035.jld2,w168,456,80,1.0e-7,StrategySelectiveWithConstantOptimization,Selective+ConstOpt,1,0.09333074609789957,0.13078570460602892,0.017642208090621097,0.5775686696126264,0.16045799574190464,42,198.64066100120544,199.2121479511261,,12,12,true
bike_hour_h168_n085__20260416_155336.jld2,parte1/resultados_Bike/bike_hour_h168_n085__20260416_155336.jld2,w168,17,85,0.01,StrategySelective,Selective,1,0.16743992042947178,0.22251557036904177,0.05140557936297168,-0.09370426622576236,0.2655059525827492,42,7.233687162399292,10.393232107162476,,12,12,true
bike_hour_h168_n085__20260416_155336.jld2,parte1/resultados_Bike/bike_hour_h168_n085__20260416_155336.jld2,w168,57,85,0.001,StrategySelective,Selective,1,0.16743992042947178,0.22251557036904177,0.05140557936297168,-0.09370426622576236,0.2655059525827492,42,0.04131197929382324,0.5434410572052002,,12,12,true
bike_hour_h168_n085__20260416_155336.jld2,parte1/resultados_Bike/bike_hour_h168_n085__20260416_155336.jld2,w168,97,85,0.0001,StrategySelective,Selective,1,0.09984294297586163,0.14167905580402124,0.0208745120486722,0.5204739753387352,0.17262529640767196,42,10.50394892692566,11.753216028213501,,12,12,true
bike_hour_h168_n085__20260416_155336.jld2,parte1/resultados_Bike/bike_hour_h168_n085__20260416_155336.jld2,w168,137,85,1.0e-5,StrategySelective,Selective,1,0.09981177626773181,0.14038537331115772,0.02046523402468912,0.5205980745572422,0.17170873822130805,42,20.052016019821167,20.756293058395386,,12,12,true
bike_hour_h168_n085__20260416_155336.jld2,parte1/resultados_Bike/bike_hour_h168_n085__20260416_155336.jld2,w168,177,85,1.0e-6,StrategySelective,Selective,1,0.13579431815246434,0.15417280362294444,0.024447197239307678,0.42799085184589103,0.18818292797307934,42,38.28571701049805,38.83444881439209,,12,12,true
bike_hour_h168_n085__20260416_155336.jld2,parte1/resultados_Bike/bike_hour_h168_n085__20260416_155336.jld2,w168,217,85,1.0e-7,StrategySelective,Selective,1,0.11249362902568534,0.1498891315291956,0.02327691560535349,0.483826433760009,0.18116335161808853,42,60.505560874938965,60.99248218536377,,12,12,true
bike_hour_h168_n085__20260416_155336.jld2,parte1/resultados_Bike/bike_hour_h168_n085__20260416_155336.jld2,w168,257,85,0.01,StrategySelectiveWithConstantOptimization,Selective+ConstOpt,1,0.16743992042947178,0.22251557036904177,0.05140557936297168,-0.09370426622576236,0.2655059525827492,42,0.5239331722259521,0.9965758323669434,,12,12,true
bike_hour_h168_n085__20260416_155336.jld2,parte1/resultados_Bike/bike_hour_h168_n085__20260416_155336.jld2,w168,297,85,0.001,StrategySelectiveWithConstantOptimization,Selective+ConstOpt,1,0.16743992042947178,0.22251557036904177,0.05140557936297168,-0.09370426622576236,0.2655059525827492,42,0.038194894790649414,0.5157680511474609,,12,12,true
bike_hour_h168_n085__20260416_155336.jld2,parte1/resultados_Bike/bike_hour_h168_n085__20260416_155336.jld2,w168,337,85,0.0001,StrategySelectiveWithConstantOptimization,Selective+ConstOpt,1,0.11210809261905286,0.15560064600069157,0.025182297863924168,0.44013526688559035,0.1881740871152988,42,10.028021097183228,10.501465082168579,,12,12,true
bike_hour_h168_n085__20260416_155336.jld2,parte1/resultados_Bike/bike_hour_h168_n085__20260416_155336.jld2,w168,377,85,1.0e-5,StrategySelectiveWithConstantOptimization,Selective+ConstOpt,1,0.09791762295848393,0.13552668925473585,0.01893388829355393,0.5554913489965647,0.16588263885723728,42,11.096994161605835,11.575803995132446,,12,12,true
bike_hour_h168_n085__20260416_155336.jld2,parte1/resultados_Bike/bike_hour_h168_n085__20260416_155336.jld2,w168,417,85,1.0e-6,StrategySelectiveWithConstantOptimization,Selective+ConstOpt,1,0.08712827166399129,0.11962318959614737,0.014666976494075765,0.6335254654330014,0.14808994449863502,42,49.96463489532471,50.488616943359375,,12,12,true
bike_hour_h168_n085__20260416_155336.jld2,parte1/resultados_Bike/bike_hour_h168_n085__20260416_155336.jld2,w168,457,85,1.0e-7,StrategySelectiveWithConstantOptimization,Selective+ConstOpt,1,0.09308881712608452,0.124696324180015,0.016030246261931617,0.6056390364582134,0.15375866740876176,42,357.13865303993225,357.70569896698,,12,12,true
bike_hour_h168_n090__20260416_140035.jld2,parte1/resultados_Bike/bike_hour_h168_n090__20260416_140035.jld2,w168,18,90,0.01,StrategySelective,Selective,1,0.16743992042947178,0.22251557036904177,0.05140557936297168,-0.09370426622576236,0.2655059525827492,42,8.162451028823853,11.680798053741455,,12,12,true
bike_hour_h168_n090__20260416_140035.jld2,parte1/resultados_Bike/bike_hour_h168_n090__20260416_140035.jld2,w168,58,90,0.001,StrategySelective,Selective,1,0.16743992042947178,0.22251557036904177,0.05140557936297168,-0.09370426622576236,0.2655059525827492,42,0.04263901710510254,0.5702540874481201,,12,12,true
bike_hour_h168_n090__20260416_140035.jld2,parte1/resultados_Bike/bike_hour_h168_n090__20260416_140035.jld2,w168,98,90,0.0001,StrategySelective,Selective,1,0.09846683077044985,0.13909753655761142,0.020097600494869375,0.5385509758911942,0.1694577722295337,42,13.381227970123291,14.727596044540405,,12,12,true
bike_hour_h168_n090__20260416_140035.jld2,parte1/resultados_Bike/bike_hour_h168_n090__20260416_140035.jld2,w168,138,90,1.0e-5,StrategySelective,Selective,1,0.09922180466139914,0.13998412903892252,0.020344945760373753,0.5233193445527659,0.17121056638165977,42,22.271934986114502,22.99011206626892,,12,12,true
bike_hour_h168_n090__20260416_140035.jld2,parte1/resultados_Bike/bike_hour_h168_n090__20260416_140035.jld2,w168,178,90,1.0e-6,StrategySelective,Selective,1,0.13722778895517532,0.15560466186180713,0.024888158467844645,0.4196389232342116,0.18980104819294125,42,37.10208296775818,37.59501600265503,,12,12,true
bike_hour_h168_n090__20260416_140035.jld2,parte1/resultados_Bike/bike_hour_h168_n090__20260416_140035.jld2,w168,218,90,1.0e-7,StrategySelective,Selective,1,0.11436836675198284,0.14941186200025655,0.023096701898514378,0.48646632008093704,0.18072108733958728,42,69.52148103713989,70.0068850517273,,12,12,true
bike_hour_h168_n090__20260416_140035.jld2,parte1/resultados_Bike/bike_hour_h168_n090__20260416_140035.jld2,w168,258,90,0.01,StrategySelectiveWithConstantOptimization,Selective+ConstOpt,1,0.16743992042947178,0.22251557036904177,0.05140557936297168,-0.09370426622576236,0.2655059525827492,42,0.5350329875946045,1.027163028717041,,12,12,true
bike_hour_h168_n090__20260416_140035.jld2,parte1/resultados_Bike/bike_hour_h168_n090__20260416_140035.jld2,w168,298,90,0.001,StrategySelectiveWithConstantOptimization,Selective+ConstOpt,1,0.16743992042947178,0.22251557036904177,0.05140557936297168,-0.09370426622576236,0.2655059525827492,42,0.21404719352722168,0.7332630157470703,,12,12,true
bike_hour_h168_n090__20260416_140035.jld2,parte1/resultados_Bike/bike_hour_h168_n090__20260416_140035.jld2,w168,338,90,0.0001,StrategySelectiveWithConstantOptimization,Selective+ConstOpt,1,0.10748354157302108,0.14969686740802596,0.02324250827366479,0.4707337281481327,0.18195093457339473,42,13.145435094833374,13.788880109786987,,12,12,true
bike_hour_h168_n090__20260416_140035.jld2,parte1/resultados_Bike/bike_hour_h168_n090__20260416_140035.jld2,w168,378,90,1.0e-5,StrategySelectiveWithConstantOptimization,Selective+ConstOpt,1,0.09783644843652439,0.13531536066888675,0.018869242105711004,0.5566506972067752,0.16564564797401446,42,11.633204936981201,12.12562608718872,,12,12,true
bike_hour_h168_n090__20260416_140035.jld2,parte1/resultados_Bike/bike_hour_h168_n090__20260416_140035.jld2,w168,418,90,1.0e-6,StrategySelectiveWithConstantOptimization,Selective+ConstOpt,1,0.08622813373672499,0.1185305728176966,0.014411726036040781,0.6443495935076561,0.1464381245404426,42,53.890790939331055,54.42671298980713,,12,12,true
bike_hour_h168_n090__20260416_140035.jld2,parte1/resultados_Bike/bike_hour_h168_n090__20260416_140035.jld2,w168,458,90,1.0e-7,StrategySelectiveWithConstantOptimization,Selective+ConstOpt,1,0.09286792048821553,0.12416913486495341,0.015894098207864416,0.6079582415484245,0.1531670714950384,42,382.1413221359253,382.7236819267273,,12,12,true
bike_hour_h168_n095__20260416_155336.jld2,parte1/resultados_Bike/bike_hour_h168_n095__20260416_155336.jld2,w168,19,95,0.01,StrategySelective,Selective,1,0.16743992042947178,0.22251557036904177,0.05140557936297168,-0.09370426622576236,0.2655059525827492,42,7.23841118812561,10.459265947341919,,12,12,true
bike_hour_h168_n095__20260416_155336.jld2,parte1/resultados_Bike/bike_hour_h168_n095__20260416_155336.jld2,w168,59,95,0.001,StrategySelective,Selective,1,0.16743992042947178,0.22251557036904177,0.05140557936297168,-0.09370426622576236,0.2655059525827492,42,0.04150390625,0.5478579998016357,,12,12,true
bike_hour_h168_n095__20260416_155336.jld2,parte1/resultados_Bike/bike_hour_h168_n095__20260416_155336.jld2,w168,99,95,0.0001,StrategySelective,Selective,1,0.09331576647738274,0.13234968148644133,0.018176390828737975,0.5707089975951515,0.16206968955108655,42,15.282269954681396,16.551392078399658,,12,12,true
bike_hour_h168_n095__20260416_155336.jld2,parte1/resultados_Bike/bike_hour_h168_n095__20260416_155336.jld2,w168,139,95,1.0e-5,StrategySelective,Selective,1,0.09709299389694352,0.1347257375568035,0.018875431383237218,0.54948343873061,0.16532749598915392,42,25.32903218269348,26.021878957748413,,12,12,true
bike_hour_h168_n095__20260416_155336.jld2,parte1/resultados_Bike/bike_hour_h168_n095__20260416_155336.jld2,w168,179,95,1.0e-6,StrategySelective,Selective,1,0.13691028690771737,0.15521150356699687,0.024759946039944376,0.425391706428439,0.1891346518029305,42,40.21967315673828,40.70909285545349,,12,12,true
bike_hour_h168_n095__20260416_155336.jld2,parte1/resultados_Bike/bike_hour_h168_n095__20260416_155336.jld2,w168,219,95,1.0e-7,StrategySelective,Selective,1,0.10423142014289721,0.14305388848525696,0.021075947299896022,0.5201036936392389,0.17388577336327318,42,97.89642691612244,98.3768560886383,,12,12,true
bike_hour_h168_n095__20260416_155336.jld2,parte1/resultados_Bike/bike_hour_h168_n095__20260416_155336.jld2,w168,259,95,0.01,StrategySelectiveWithConstantOptimization,Selective+ConstOpt,1,0.16743992042947178,0.22251557036904177,0.05140557936297168,-0.09370426622576236,0.2655059525827492,42,0.520745038986206,0.9923410415649414,,12,12,true
bike_hour_h168_n095__20260416_155336.jld2,parte1/resultados_Bike/bike_hour_h168_n095__20260416_155336.jld2,w168,299,95,0.001,StrategySelectiveWithConstantOptimization,Selective+ConstOpt,1,0.16743992042947178,0.22251557036904177,0.05140557936297168,-0.09370426622576236,0.2655059525827492,42,0.034388065338134766,0.5168099403381348,,12,12,true
bike_hour_h168_n095__20260416_155336.jld2,parte1/resultados_Bike/bike_hour_h168_n095__20260416_155336.jld2,w168,339,95,0.0001,StrategySelectiveWithConstantOptimization,Selective+ConstOpt,1,0.09406008361894723,0.13171456648657523,0.0180712630259755,0.5866880407758812,0.1604164115845459,42,16.47965097427368,17.100462913513184,,12,12,true
bike_hour_h168_n095__20260416_155336.jld2,parte1/resultados_Bike/bike_hour_h168_n095__20260416_155336.jld2,w168,379,95,1.0e-5,StrategySelectiveWithConstantOptimization,Selective+ConstOpt,1,0.09293164656993474,0.13082707130545615,0.017626595046259536,0.5806124910714731,0.160486413018331,42,14.367221117019653,14.84561800956726,,12,12,true
bike_hour_h168_n095__20260416_155336.jld2,parte1/resultados_Bike/bike_hour_h168_n095__20260416_155336.jld2,w168,419,95,1.0e-6,StrategySelectiveWithConstantOptimization,Selective+ConstOpt,1,0.08585225977524014,0.11781497105884005,0.01423072951660607,0.6478592719022812,0.14561252135826427,42,59.101032972335815,59.68448209762573,,12,12,true
bike_hour_h168_n095__20260416_155336.jld2,parte1/resultados_Bike/bike_hour_h168_n095__20260416_155336.jld2,w168,459,95,1.0e-7,StrategySelectiveWithConstantOptimization,Selective+ConstOpt,1,0.0906161121317496,0.12014036655805169,0.014805570631175088,0.6271553228381483,0.1486678638720849,42,328.2516589164734,328.7279939651489,,12,12,true
bike_hour_h168_n100__20260416_140035.jld2,parte1/resultados_Bike/bike_hour_h168_n100__20260416_140035.jld2,w168,20,100,0.01,StrategySelective,Selective,1,0.16743992042947178,0.22251557036904177,0.05140557936297168,-0.09370426622576236,0.2655059525827492,42,8.417382001876831,11.947326898574829,,12,12,true
bike_hour_h168_n100__20260416_140035.jld2,parte1/resultados_Bike/bike_hour_h168_n100__20260416_140035.jld2,w168,60,100,0.001,StrategySelective,Selective,1,0.16743992042947178,0.22251557036904177,0.05140557936297168,-0.09370426622576236,0.2655059525827492,42,0.04303693771362305,0.5672340393066406,,12,12,true
bike_hour_h168_n100__20260416_140035.jld2,parte1/resultados_Bike/bike_hour_h168_n100__20260416_140035.jld2,w168,100,100,0.0001,StrategySelective,Selective,1,0.092928921439139,0.13177215314858376,0.018020460838771825,0.5708600766335863,0.16164428442998777,42,18.476142168045044,19.83811902999878,,12,12,true
bike_hour_h168_n100__20260416_140035.jld2,parte1/resultados_Bike/bike_hour_h168_n100__20260416_140035.jld2,w168,140,100,1.0e-5,StrategySelective,Selective,1,0.09571435767167918,0.13325704522205398,0.01849219812491554,0.5627703791927261,0.1633000770611815,42,26.862786054611206,27.57845687866211,,12,12,true
bike_hour_h168_n100__20260416_140035.jld2,parte1/resultados_Bike/bike_hour_h168_n100__20260416_140035.jld2,w168,180,100,1.0e-6,StrategySelective,Selective,1,0.133519694142344,0.15223095052601132,0.02376463480388243,0.4436899446405113,0.18583489162156072,42,48.20675182342529,48.70052886009216,,12,12,true
bike_hour_h168_n100__20260416_140035.jld2,parte1/resultados_Bike/bike_hour_h168_n100__20260416_140035.jld2,w168,220,100,1.0e-7,StrategySelective,Selective,1,0.09106086677938292,0.1293578526102934,0.017157448007436155,0.581508373448605,0.15935558719176784,42,130.64380598068237,131.12540793418884,,12,12,true
bike_hour_h168_n100__20260416_140035.jld2,parte1/resultados_Bike/bike_hour_h168_n100__20260416_140035.jld2,w168,260,100,0.01,StrategySelectiveWithConstantOptimization,Selective+ConstOpt,1,0.16743992042947178,0.22251557036904177,0.05140557936297168,-0.09370426622576236,0.2655059525827492,42,0.528087854385376,1.0055878162384033,,12,12,true
bike_hour_h168_n100__20260416_140035.jld2,parte1/resultados_Bike/bike_hour_h168_n100__20260416_140035.jld2,w168,300,100,0.001,StrategySelectiveWithConstantOptimization,Selective+ConstOpt,1,0.16743992042947178,0.22251557036904177,0.05140557936297168,-0.09370426622576236,0.2655059525827492,42,0.03858304023742676,0.5325119495391846,,12,12,true
bike_hour_h168_n100__20260416_140035.jld2,parte1/resultados_Bike/bike_hour_h168_n100__20260416_140035.jld2,w168,340,100,0.0001,StrategySelectiveWithConstantOptimization,Selective+ConstOpt,1,0.09137266577108392,0.1281837543547845,0.017080790843287463,0.6033459647350712,0.15658718422972517,42,17.70843005180359,18.33724021911621,,12,12,true
bike_hour_h168_n100__20260416_140035.jld2,parte1/resultados_Bike/bike_hour_h168_n100__20260416_140035.jld2,w168,380,100,1.0e-5,StrategySelectiveWithConstantOptimization,Selective+ConstOpt,1,0.09125993137399736,0.12958070858804463,0.017269804588649646,0.5835435283106397,0.15929702873387988,42,17.914999961853027,18.400923013687134,,12,12,true
bike_hour_h168_n100__20260416_140035.jld2,parte1/resultados_Bike/bike_hour_h168_n100__20260416_140035.jld2,w168,420,100,1.0e-6,StrategySelectiveWithConstantOptimization,Selective+ConstOpt,1,0.08318495383805581,0.11290288674383395,0.013081989550734483,0.6725121274406257,0.13985520902736853,42,66.12511086463928,66.80958700180054,,12,12,true
bike_hour_h168_n100__20260416_140035.jld2,parte1/resultados_Bike/bike_hour_h168_n100__20260416_140035.jld2,w168,460,100,1.0e-7,StrategySelectiveWithConstantOptimization,Selective+ConstOpt,1,0.09035824523791883,0.11964962549348813,0.014676937190349541,0.6318290632298793,0.14797618982839605,42,391.54275012016296,392.0286500453949,,12,12,true
bike_hour_h168_n105__20260416_155336.jld2,parte1/resultados_Bike/bike_hour_h168_n105__20260416_155336.jld2,w168,21,105,0.01,StrategySelective,Selective,1,0.16743992042947178,0.22251557036904177,0.05140557936297168,-0.09370426622576236,0.2655059525827492,42,7.270160913467407,10.406459093093872,,12,12,true
bike_hour_h168_n105__20260416_155336.jld2,parte1/resultados_Bike/bike_hour_h168_n105__20260416_155336.jld2,w168,61,105,0.001,StrategySelective,Selective,1,0.16743992042947178,0.22251557036904177,0.05140557936297168,-0.09370426622576236,0.2655059525827492,42,0.04477190971374512,0.5444061756134033,,12,12,true
bike_hour_h168_n105__20260416_155336.jld2,parte1/resultados_Bike/bike_hour_h168_n105__20260416_155336.jld2,w168,101,105,0.0001,StrategySelective,Selective,1,0.09071159805544296,0.1301686022894463,0.017601158582580823,0.5855724510161449,0.1593354660091984,42,17.863801956176758,19.29544711112976,,12,12,true
bike_hour_h168_n105__20260416_155336.jld2,parte1/resultados_Bike/bike_hour_h168_n105__20260416_155336.jld2,w168,141,105,1.0e-5,StrategySelective,Selective,1,0.09658733705272435,0.12958576885963494,0.017433537071060778,0.5736804846499511,0.15972860473792339,42,30.87985610961914,31.416785955429077,,12,12,true
bike_hour_h168_n105__20260416_155336.jld2,parte1/resultados_Bike/bike_hour_h168_n105__20260416_155336.jld2,w168,181,105,1.0e-6,StrategySelective,Selective,1,0.13028194535398546,0.1493601277492283,0.022821426749254435,0.457990395598379,0.18285859114448763,42,60.833487033843994,61.31305193901062,,12,12,true
bike_hour_h168_n105__20260416_155336.jld2,parte1/resultados_Bike/bike_hour_h168_n105__20260416_155336.jld2,w168,221,105,1.0e-7,StrategySelective,Selective,1,0.08822212479249847,0.12705708981858171,0.016537233977475002,0.5963549762027706,0.15650292993874593,42,172.42435121536255,172.90474891662598,,12,12,true
bike_hour_h168_n105__20260416_155336.jld2,parte1/resultados_Bike/bike_hour_h168_n105__20260416_155336.jld2,w168,261,105,0.01,StrategySelectiveWithConstantOptimization,Selective+ConstOpt,1,0.16743992042947178,0.22251557036904177,0.05140557936297168,-0.09370426622576236,0.2655059525827492,42,0.5181789398193359,0.9928278923034668,,12,12,true
bike_hour_h168_n105__20260416_155336.jld2,parte1/resultados_Bike/bike_hour_h168_n105__20260416_155336.jld2,w168,301,105,0.001,StrategySelectiveWithConstantOptimization,Selective+ConstOpt,1,0.16743992042947178,0.22251557036904177,0.05140557936297168,-0.09370426622576236,0.2655059525827492,42,0.0348050594329834,0.519136905670166,,12,12,true
bike_hour_h168_n105__20260416_155336.jld2,parte1/resultados_Bike/bike_hour_h168_n105__20260416_155336.jld2,w168,341,105,0.0001,StrategySelectiveWithConstantOptimization,Selective+ConstOpt,1,0.08186650605765299,0.11267626705036819,0.01311845262700633,0.6730157602607669,0.13937419298130715,42,18.271908044815063,18.891310930252075,,12,12,true
bike_hour_h168_n105__20260416_155336.jld2,parte1/resultados_Bike/bike_hour_h168_n105__20260416_155336.jld2,w168,381,105,1.0e-5,StrategySelectiveWithConstantOptimization,Selective+ConstOpt,1,0.0910189848624675,0.12408755923410666,0.015802309116909788,0.6134643765379433,0.15286787947699962,42,21.005499124526978,21.486366033554077,,12,12,true
bike_hour_h168_n105__20260416_155336.jld2,parte1/resultados_Bike/bike_hour_h168_n105__20260416_155336.jld2,w168,421,105,1.0e-6,StrategySelectiveWithConstantOptimization,Selective+ConstOpt,1,0.07702254975134071,0.10601250912990297,0.011594936483507831,0.6990765868549511,0.1321468081848982,42,92.24233198165894,92.85501003265381,,12,12,true
bike_hour_h168_n105__20260416_155336.jld2,parte1/resultados_Bike/bike_hour_h168_n105__20260416_155336.jld2,w168,461,105,1.0e-7,StrategySelectiveWithConstantOptimization,Selective+ConstOpt,1,0.08946150709203479,0.11919609854204155,0.014586906443154801,0.644429025366347,0.14670089153680368,42,589.8875730037689,590.3740200996399,,12,12,true
bike_hour_h168_n115__20260416_155336.jld2,parte1/resultados_Bike/bike_hour_h168_n115__20260416_155336.jld2,w168,23,115,0.01,StrategySelective,Selective,1,0.11422874122513334,0.1618683185146629,0.027126081435380017,0.4047144287424057,0.1951024550675163,42,15.17684292793274,18.931447982788086,,12,12,true
bike_hour_h168_n115__20260416_155336.jld2,parte1/resultados_Bike/bike_hour_h168_n115__20260416_155336.jld2,w168,63,115,0.001,StrategySelective,Selective,1,0.11091662247325353,0.1567579680101184,0.025334688962396282,0.4285406465330712,0.19017592403827296,42,7.695543050765991,8.327161073684692,,12,12,true
bike_hour_h168_n115__20260416_155336.jld2,parte1/resultados_Bike/bike_hour_h168_n115__20260416_155336.jld2,w168,103,115,0.0001,StrategySelective,Selective,1,0.08638791394818475,0.12331281900606772,0.015793277068854583,0.6259805964931688,0.151141445067334,42,22.329187870025635,23.46456813812256,,12,12,true
bike_hour_h168_n115__20260416_155336.jld2,parte1/resultados_Bike/bike_hour_h168_n115__20260416_155336.jld2,w168,143,115,1.0e-5,StrategySelective,Selective,1,0.09642116693004699,0.1294325663558483,0.01739024414486515,0.5749621275740667,0.1595260090078189,42,35.438950061798096,36.0205020904541,,12,12,true
bike_hour_h168_n115__20260416_155336.jld2,parte1/resultados_Bike/bike_hour_h168_n115__20260416_155336.jld2,w168,183,115,1.0e-6,StrategySelective,Selective,1,0.11834797987808625,0.13724120312090446,0.019183240800274125,0.5320869403321263,0.16893650037662858,42,94.38614702224731,94.93302202224731,,12,12,true
bike_hour_h168_n115__20260416_155336.jld2,parte1/resultados_Bike/bike_hour_h168_n115__20260416_155336.jld2,w168,223,115,1.0e-7,StrategySelective,Selective,1,0.08685207738115107,0.12313933266822634,0.015526582386836903,0.6190672620667935,0.15178101736648253,42,260.4233660697937,260.91796803474426,,12,12,true
bike_hour_h168_n115__20260416_155336.jld2,parte1/resultados_Bike/bike_hour_h168_n115__20260416_155336.jld2,w168,263,115,0.01,StrategySelectiveWithConstantOptimization,Selective+ConstOpt,1,0.11321534005530892,0.16562365593693273,0.028469707586774765,0.38427940995365273,0.19890417309381403,42,5.195775985717773,5.69439697265625,,12,12,true
bike_hour_h168_n115__20260416_155336.jld2,parte1/resultados_Bike/bike_hour_h168_n115__20260416_155336.jld2,w168,303,115,0.001,StrategySelectiveWithConstantOptimization,Selective+ConstOpt,1,0.10784528492506312,0.15361960965751678,0.024341373478106398,0.4518717769089574,0.18631756268117242,42,5.566560983657837,6.065804958343506,,12,12,true
bike_hour_h168_n115__20260416_155336.jld2,parte1/resultados_Bike/bike_hour_h168_n115__20260416_155336.jld2,w168,343,115,0.0001,StrategySelectiveWithConstantOptimization,Selective+ConstOpt,1,0.07927390277712335,0.1074502317750223,0.011929439751457957,0.7007276581097636,0.133035664820871,42,23.941346883773804,24.617188930511475,,12,12,true
bike_hour_h168_n115__20260416_155336.jld2,parte1/resultados_Bike/bike_hour_h168_n115__20260416_155336.jld2,w168,383,115,1.0e-5,StrategySelectiveWithConstantOptimization,Selective+ConstOpt,1,0.10046178032297093,0.14294043700461975,0.021933222792991473,0.5295535839584303,0.17162977312716704,42,24.209464073181152,24.717206954956055,,12,12,true
bike_hour_h168_n115__20260416_155336.jld2,parte1/resultados_Bike/bike_hour_h168_n115__20260416_155336.jld2,w168,423,115,1.0e-6,StrategySelectiveWithConstantOptimization,Selective+ConstOpt,1,0.07225069430560206,0.09868779206698983,0.010071736943450614,0.7295855628272302,0.12367074375948313,42,142.50261998176575,143.01129794120789,,12,12,true
bike_hour_h168_n115__20260416_155336.jld2,parte1/resultados_Bike/bike_hour_h168_n115__20260416_155336.jld2,w168,463,115,1.0e-7,StrategySelectiveWithConstantOptimization,Selective+ConstOpt,1,0.08984774967710803,0.11969046946207997,0.014702968781201656,0.640906013922772,0.14736149520405212,42,590.2631189823151,590.7805049419403,,12,12,true
bike_hour_h168_n125__20260416_155336.jld2,parte1/resultados_Bike/bike_hour_h168_n125__20260416_155336.jld2,w168,25,125,0.01,StrategySelective,Selective,1,0.11422874122513334,0.1618683185146629,0.027126081435380017,0.4047144287424057,0.1951024550675163,42,16.848389148712158,20.586565017700195,,12,12,true
bike_hour_h168_n125__20260416_155336.jld2,parte1/resultados_Bike/bike_hour_h168_n125__20260416_155336.jld2,w168,65,125,0.001,StrategySelective,Selective,1,0.11168236051331706,0.15665238294970685,0.02533512633433674,0.4344282721637354,0.1895287196947478,42,9.80607295036316,10.514186143875122,,12,12,true
bike_hour_h168_n125__20260416_155336.jld2,parte1/resultados_Bike/bike_hour_h168_n125__20260416_155336.jld2,w168,105,125,0.0001,StrategySelective,Selective,1,0.08418025768491282,0.11846327994655491,0.01456607978829002,0.654080233223187,0.14519584883422595,42,23.275478839874268,24.330794095993042,,12,12,true
bike_hour_h168_n125__20260416_155336.jld2,parte1/resultados_Bike/bike_hour_h168_n125__20260416_155336.jld2,w168,145,125,1.0e-5,StrategySelective,Selective,1,0.09503510125355398,0.12769225678764348,0.016847514377422095,0.5774766840846353,0.15804578643435144,42,39.66449499130249,40.21585416793823,,12,12,true
bike_hour_h168_n125__20260416_155336.jld2,parte1/resultados_Bike/bike_hour_h168_n125__20260416_155336.jld2,w168,185,125,1.0e-6,StrategySelective,Selective,1,0.1166661840961245,0.13536652796195303,0.018676538691757106,0.5430433576035362,0.16672825553669013,42,109.75139093399048,110.31159687042236,,12,12,true
bike_hour_h168_n125__20260416_155336.jld2,parte1/resultados_Bike/bike_hour_h168_n125__20260416_155336.jld2,w168,225,125,1.0e-7,StrategySelective,Selective,1,0.0899276381541289,0.11947077358019598,0.01478373996667563,0.6394479828666846,0.14717320757470734,42,876.6740238666534,877.161495923996,,12,12,true
bike_hour_h168_n125__20260416_155336.jld2,parte1/resultados_Bike/bike_hour_h168_n125__20260416_155336.jld2,w168,265,125,0.01,StrategySelectiveWithConstantOptimization,Selective+ConstOpt,1,0.11321534005530892,0.16562365593693273,0.028469707586774765,0.38427940995365273,0.19890417309381403,42,7.236806154251099,7.7319419384002686,,12,12,true
bike_hour_h168_n125__20260416_155336.jld2,parte1/resultados_Bike/bike_hour_h168_n125__20260416_155336.jld2,w168,305,125,0.001,StrategySelectiveWithConstantOptimization,Selective+ConstOpt,1,0.1004430196541132,0.1419592239445961,0.020744731894942144,0.5159444956272273,0.1734045931527417,42,7.70571494102478,8.205806016921997,,12,12,true
bike_hour_h168_n125__20260416_155336.jld2,parte1/resultados_Bike/bike_hour_h168_n125__20260416_155336.jld2,w168,345,125,0.0001,StrategySelectiveWithConstantOptimization,Selective+ConstOpt,1,0.07438519250698954,0.10123069898997317,0.010557684917050314,0.7269797151636924,0.12596000229994053,42,26.309514045715332,26.909526109695435,,12,12,true
bike_hour_h168_n125__20260416_155336.jld2,parte1/resultados_Bike/bike_hour_h168_n125__20260416_155336.jld2,w168,385,125,1.0e-5,StrategySelectiveWithConstantOptimization,Selective+ConstOpt,1,0.09947568576479274,0.14120799621295546,0.02137870398327197,0.5377160403382051,0.16985261303969107,42,26.66520404815674,27.156702041625977,,12,12,true
bike_hour_h168_n125__20260416_155336.jld2,parte1/resultados_Bike/bike_hour_h168_n125__20260416_155336.jld2,w168,425,125,1.0e-6,StrategySelectiveWithConstantOptimization,Selective+ConstOpt,1,0.07494491888177425,0.10164733817695384,0.010684353180138105,0.7138516507294929,0.12733555709202377,42,137.46550011634827,138.047513961792,,12,12,true
bike_hour_h168_n125__20260416_155336.jld2,parte1/resultados_Bike/bike_hour_h168_n125__20260416_155336.jld2,w168,465,125,1.0e-7,StrategySelectiveWithConstantOptimization,Selective+ConstOpt,1,0.08241453419617585,0.1130996925425844,0.013091677381435015,0.6636196996436101,0.14040970896667807,42,702.2260398864746,702.729266166687,,12,12,true
bike_hour_h168_n135__20260416_155336.jld2,parte1/resultados_Bike/bike_hour_h168_n135__20260416_155336.jld2,w168,27,135,0.01,StrategySelective,Selective,1,0.11422874122513334,0.1618683185146629,0.027126081435380017,0.4047144287424057,0.1951024550675163,42,16.79083013534546,20.525377988815308,,12,12,true
bike_hour_h168_n135__20260416_155336.jld2,parte1/resultados_Bike/bike_hour_h168_n135__20260416_155336.jld2,w168,67,135,0.001,StrategySelective,Selective,1,0.10110442262071936,0.13970025885535994,0.02010703897178294,0.5338943151194765,0.1703660100840147,42,13.807785034179688,14.579498052597046,,12,12,true
bike_hour_h168_n135__20260416_155336.jld2,parte1/resultados_Bike/bike_hour_h168_n135__20260416_155336.jld2,w168,107,135,0.0001,StrategySelective,Selective,1,0.07612454950449898,0.10702945271938066,0.011877001868961864,0.7021901972743232,0.13238067772545414,42,26.987081050872803,27.931096076965332,,12,12,true
bike_hour_h168_n135__20260416_155336.jld2,parte1/resultados_Bike/bike_hour_h168_n135__20260416_155336.jld2,w168,147,135,1.0e-5,StrategySelective,Selective,1,0.09450104897886977,0.1267251071413117,0.016565695269591247,0.5838711314808738,0.15687725143159995,42,46.53752589225769,47.096972942352295,,12,12,true
bike_hour_h168_n135__20260416_155336.jld2,parte1/resultados_Bike/bike_hour_h168_n135__20260416_155336.jld2,w168,187,135,1.0e-6,StrategySelective,Selective,1,0.1152873539127121,0.13416306442114864,0.018391426672381188,0.5491677914965931,0.16529010376305506,42,119.87762999534607,120.4327027797699,,12,12,true
bike_hour_h168_n135__20260416_155336.jld2,parte1/resultados_Bike/bike_hour_h168_n135__20260416_155336.jld2,w168,227,135,1.0e-7,StrategySelective,Selective,1,0.0900421738758193,0.11851682893939593,0.014539943894146338,0.6429542200826999,0.14616825473098297,42,1330.1536440849304,1330.64684009552,,12,12,true
bike_hour_h168_n135__20260416_155336.jld2,parte1/resultados_Bike/bike_hour_h168_n135__20260416_155336.jld2,w168,267,135,0.01,StrategySelectiveWithConstantOptimization,Selective+ConstOpt,1,0.11321534005530892,0.16562365593693273,0.028469707586774765,0.38427940995365273,0.19890417309381403,42,6.98767614364624,7.488301038742065,,12,12,true
bike_hour_h168_n135__20260416_155336.jld2,parte1/resultados_Bike/bike_hour_h168_n135__20260416_155336.jld2,w168,307,135,0.001,StrategySelectiveWithConstantOptimization,Selective+ConstOpt,1,0.0964656241683705,0.12635331786389492,0.016359215875979233,0.6051888824884603,0.15535711453303297,42,14.215923070907593,14.780558109283447,,12,12,true
bike_hour_h168_n135__20260416_155336.jld2,parte1/resultados_Bike/bike_hour_h168_n135__20260416_155336.jld2,w168,347,135,0.0001,StrategySelectiveWithConstantOptimization,Selective+ConstOpt,1,0.07365660006083763,0.09857767933798152,0.00996910811143381,0.7322337349996177,0.12336382631175248,42,31.52040696144104,32.13793611526489,,12,12,true
bike_hour_h168_n135__20260416_155336.jld2,parte1/resultados_Bike/bike_hour_h168_n135__20260416_155336.jld2,w168,387,135,1.0e-5,StrategySelectiveWithConstantOptimization,Selective+ConstOpt,1,0.0954441432221124,0.1359464462143757,0.019837616882715736,0.563401700607467,0.1642193725906514,42,31.18524193763733,31.696230173110962,,12,12,true
bike_hour_h168_n135__20260416_155336.jld2,parte1/resultados_Bike/bike_hour_h168_n135__20260416_155336.jld2,w168,427,135,1.0e-6,StrategySelectiveWithConstantOptimization,Selective+ConstOpt,1,0.07538375325246419,0.10087980140584744,0.010517836256334309,0.7181335460028644,0.1263921694403198,42,165.06090688705444,165.65738606452942,,12,12,true
bike_hour_h168_n135__20260416_155336.jld2,parte1/resultados_Bike/bike_hour_h168_n135__20260416_155336.jld2,w168,467,135,1.0e-7,StrategySelectiveWithConstantOptimization,Selective+ConstOpt,1,0.07966692760557584,0.10946300213020012,0.012223017223479352,0.6818883867947675,0.13621719878595737,42,721.6139540672302,722.1346890926361,,12,12,true
bike_hour_h168_n145__20260416_155336.jld2,parte1/resultados_Bike/bike_hour_h168_n145__20260416_155336.jld2,w168,29,145,0.01,StrategySelective,Selective,1,0.11422874122513334,0.1618683185146629,0.027126081435380017,0.4047144287424057,0.1951024550675163,42,16.960304021835327,20.69425392150879,,12,12,true
bike_hour_h168_n145__20260416_155336.jld2,parte1/resultados_Bike/bike_hour_h168_n145__20260416_155336.jld2,w168,69,145,0.001,StrategySelective,Selective,1,0.0964627685464287,0.1343122926185351,0.018565510621852768,0.5640253334879181,0.1642393885397196,42,16.843449115753174,17.616113901138306,,12,12,true
bike_hour_h168_n145__20260416_155336.jld2,parte1/resultados_Bike/bike_hour_h168_n145__20260416_155336.jld2,w168,109,145,0.0001,StrategySelective,Selective,1,0.07471333421281344,0.10476874612026432,0.011361577637536598,0.7069165669015761,0.13017502345687282,42,32.63308095932007,33.554091930389404,,12,12,true
bike_hour_h168_n145__20260416_155336.jld2,parte1/resultados_Bike/bike_hour_h168_n145__20260416_155336.jld2,w168,149,145,1.0e-5,StrategySelective,Selective,1,0.09324948150776569,0.12502515630290786,0.016121592507860785,0.5933184749417085,0.15493700454221396,42,52.76056385040283,53.40863609313965,,12,12,true
bike_hour_h168_n145__20260416_155336.jld2,parte1/resultados_Bike/bike_hour_h168_n145__20260416_155336.jld2,w168,189,145,1.0e-6,StrategySelective,Selective,1,0.11493423499914897,0.133504915980261,0.018235368048104522,0.5498455489350507,0.1646973458904973,42,157.96453309059143,158.52533197402954,,12,12,true
bike_hour_h168_n145__20260416_155336.jld2,parte1/resultados_Bike/bike_hour_h168_n145__20260416_155336.jld2,w168,229,145,1.0e-7,StrategySelective,Selective,1,0.08990087493846846,0.11803202938063329,0.014412846887467098,0.6457538614229003,0.14559570474586678,42,1399.768805027008,1400.261234998703,,12,12,true
bike_hour_h168_n145__20260416_155336.jld2,parte1/resultados_Bike/bike_hour_h168_n145__20260416_155336.jld2,w168,269,145,0.01,StrategySelectiveWithConstantOptimization,Selective+ConstOpt,1,0.11321534005530892,0.16562365593693273,0.028469707586774765,0.38427940995365273,0.19890417309381403,42,7.000539064407349,7.507265090942383,,12,12,true
bike_hour_h168_n145__20260416_155336.jld2,parte1/resultados_Bike/bike_hour_h168_n145__20260416_155336.jld2,w168,309,145,0.001,StrategySelectiveWithConstantOptimization,Selective+ConstOpt,1,0.09386308752781697,0.12362657059888685,0.015687891037888774,0.6261035788551469,0.15163271660593028,42,19.087557792663574,19.654098987579346,,12,12,true
bike_hour_h168_n145__20260416_155336.jld2,parte1/resultados_Bike/bike_hour_h168_n145__20260416_155336.jld2,w168,349,145,0.0001,StrategySelectiveWithConstantOptimization,Selective+ConstOpt,1,0.07363037920444432,0.09872027513536505,0.010014925547669388,0.7305989179171033,0.12360052371759289,42,36.48098587989807,37.000478982925415,,12,12,true
bike_hour_h168_n145__20260416_155336.jld2,parte1/resultados_Bike/bike_hour_h168_n145__20260416_155336.jld2,w168,389,145,1.0e-5,StrategySelectiveWithConstantOptimization,Selective+ConstOpt,1,0.08588666213541678,0.11235348025497775,0.012913310511652657,0.6595317112599388,0.1400996300388358,42,37.98966908454895,38.51220703125,,12,12,true
bike_hour_h168_n145__20260416_155336.jld2,parte1/resultados_Bike/bike_hour_h168_n145__20260416_155336.jld2,w168,429,145,1.0e-6,StrategySelectiveWithConstantOptimization,Selective+ConstOpt,1,0.0750698495181084,0.10071977660645808,0.010492209280286265,0.7239509379985494,0.1258119128215177,42,171.55196595191956,172.0817050933838,,12,12,true
bike_hour_h168_n145__20260416_155336.jld2,parte1/resultados_Bike/bike_hour_h168_n145__20260416_155336.jld2,w168,469,145,1.0e-7,StrategySelectiveWithConstantOptimization,Selective+ConstOpt,1,0.07976021064835927,0.10766403086653217,0.011827680183212983,0.6930443057075321,0.13392853094988907,42,826.848484992981,827.3656439781189,,12,12,true
bike_hour_h168_n150__20260416_140035.jld2,parte1/resultados_Bike/bike_hour_h168_n150__20260416_140035.jld2,w168,30,150,0.01,StrategySelective,Selective,1,0.11422874122513334,0.1618683185146629,0.027126081435380017,0.4047144287424057,0.1951024550675163,42,17.56552505493164,21.539262056350708,,12,12,true
bike_hour_h168_n150__20260416_140035.jld2,parte1/resultados_Bike/bike_hour_h168_n150__20260416_140035.jld2,w168,70,150,0.001,StrategySelective,Selective,1,0.09595962918302907,0.13358036066330822,0.01834950669873812,0.5700369341482603,0.16326192485176122,42,19.20312190055847,20.060698986053467,,12,12,true
bike_hour_h168_n150__20260416_140035.jld2,parte1/resultados_Bike/bike_hour_h168_n150__20260416_140035.jld2,w168,110,150,0.0001,StrategySelective,Selective,1,0.07457743695261163,0.10472089022155122,0.011358065834629984,0.7080725712356274,0.13002982571097835,42,33.48023295402527,34.32361817359924,,12,12,true
bike_hour_h168_n150__20260416_140035.jld2,parte1/resultados_Bike/bike_hour_h168_n150__20260416_140035.jld2,w168,150,150,1.0e-5,StrategySelective,Selective,1,0.0923771775660537,0.12388270259727958,0.01577162480432211,0.6042203320517748,0.1534152462684909,42,52.492549896240234,53.03586483001709,,12,12,true
bike_hour_h168_n150__20260416_140035.jld2,parte1/resultados_Bike/bike_hour_h168_n150__20260416_140035.jld2,w168,190,150,1.0e-6,StrategySelective,Selective,1,0.11493684579775308,0.1334777882158486,0.018227179751408102,0.5497096051655831,0.16469072641461063,42,157.5604109764099,158.108736038208,,12,12,true
bike_hour_h168_n150__20260416_140035.jld2,parte1/resultados_Bike/bike_hour_h168_n150__20260416_140035.jld2,w168,230,150,1.0e-7,StrategySelective,Selective,1,0.08990688449047796,0.11801959060126119,0.014408266888590133,0.6456922149890687,0.14559055476232224,42,1326.3072419166565,1326.8069231510162,,12,12,true
bike_hour_h168_n150__20260416_140035.jld2,parte1/resultados_Bike/bike_hour_h168_n150__20260416_140035.jld2,w168,270,150,0.01,StrategySelectiveWithConstantOptimization,Selective+ConstOpt,1,0.11321534005530892,0.16562365593693273,0.028469707586774765,0.38427940995365273,0.19890417309381403,42,6.5301289558410645,7.039332151412964,,12,12,true
bike_hour_h168_n150__20260416_140035.jld2,parte1/resultados_Bike/bike_hour_h168_n150__20260416_140035.jld2,w168,310,150,0.001,StrategySelectiveWithConstantOptimization,Selective+ConstOpt,1,0.09376700880401073,0.12314299357100175,0.01555815810787018,0.6290161322055192,0.15107032147536945,42,21.129860877990723,21.682963848114014,,12,12,true
bike_hour_h168_n150__20260416_140035.jld2,parte1/resultados_Bike/bike_hour_h168_n150__20260416_140035.jld2,w168,350,150,0.0001,StrategySelectiveWithConstantOptimization,Selective+ConstOpt,1,0.07330136203431221,0.09834151982066809,0.009942572444931227,0.7322049466160161,0.12316718207327107,42,34.5159809589386,35.113527059555054,,12,12,true
bike_hour_h168_n150__20260416_140035.jld2,parte1/resultados_Bike/bike_hour_h168_n150__20260416_140035.jld2,w168,390,150,1.0e-5,StrategySelectiveWithConstantOptimization,Selective+ConstOpt,1,0.08264138741413811,0.10877724530485153,0.012117606607217061,0.6719537081807088,0.1361978563540444,42,35.242839097976685,35.75462794303894,,12,12,true
bike_hour_h168_n150__20260416_140035.jld2,parte1/resultados_Bike/bike_hour_h168_n150__20260416_140035.jld2,w168,430,150,1.0e-6,StrategySelectiveWithConstantOptimization,Selective+ConstOpt,1,0.07364120459812676,0.10012869750887483,0.010393516037665033,0.7305457654959855,0.12475682409062076,42,211.25885486602783,211.76662397384644,,12,12,true
bike_hour_h168_n150__20260416_140035.jld2,parte1/resultados_Bike/bike_hour_h168_n150__20260416_140035.jld2,w168,470,150,1.0e-7,StrategySelectiveWithConstantOptimization,Selective+ConstOpt,1,0.07739291698015098,0.10599790987019782,0.011457419018114812,0.697981433725412,0.13220274427549333,42,779.8355770111084,780.3464729785919,,12,12,true
bike_hour_h168_n155__20260416_155336.jld2,parte1/resultados_Bike/bike_hour_h168_n155__20260416_155336.jld2,w168,31,155,0.01,StrategySelective,Selective,1,0.11422874122513334,0.1618683185146629,0.027126081435380017,0.4047144287424057,0.1951024550675163,42,16.68621301651001,20.422422885894775,,12,12,true
bike_hour_h168_n155__20260416_155336.jld2,parte1/resultados_Bike/bike_hour_h168_n155__20260416_155336.jld2,w168,71,155,0.001,StrategySelective,Selective,1,0.09531133635043568,0.13297477415995684,0.0181844008334845,0.57448374143794,0.162480047844976,42,21.76769781112671,22.613976001739502,,12,12,true
bike_hour_h168_n155__20260416_155336.jld2,parte1/resultados_Bike/bike_hour_h168_n155__20260416_155336.jld2,w168,111,155,0.0001,StrategySelective,Selective,1,0.09396460536996326,0.1296115149232906,0.018380507894907302,0.5939511304089711,0.15680641208806292,42,38.539830923080444,39.40442991256714,,12,12,true
bike_hour_h168_n155__20260416_155336.jld2,parte1/resultados_Bike/bike_hour_h168_n155__20260416_155336.jld2,w168,151,155,1.0e-5,StrategySelective,Selective,1,0.0880672131537528,0.11899797143471436,0.014526897176925301,0.6368309649802926,0.14725081211175728,42,59.65557408332825,60.21392893791199,,12,12,true
bike_hour_h168_n155__20260416_155336.jld2,parte1/resultados_Bike/bike_hour_h168_n155__20260416_155336.jld2,w168,191,155,1.0e-6,StrategySelective,Selective,1,0.11461362429757971,0.13319529004968855,0.018145525022688208,0.5506524948087547,0.16440233804002874,42,178.89182996749878,179.44801712036133,,12,12,true
bike_hour_h168_n155__20260416_155336.jld2,parte1/resultados_Bike/bike_hour_h168_n155__20260416_155336.jld2,w168,231,155,1.0e-7,StrategySelective,Selective,1,0.08943327345960085,0.11710908120782253,0.01417453998984419,0.6463335599295801,0.14475248753005077,42,1478.18683385849,1478.6828768253326,,12,12,true
bike_hour_h168_n155__20260416_155336.jld2,parte1/resultados_Bike/bike_hour_h168_n155__20260416_155336.jld2,w168,271,155,0.01,StrategySelectiveWithConstantOptimization,Selective+ConstOpt,1,0.11321534005530892,0.16562365593693273,0.028469707586774765,0.38427940995365273,0.19890417309381403,42,7.397729158401489,7.96672511100769,,12,12,true
bike_hour_h168_n155__20260416_155336.jld2,parte1/resultados_Bike/bike_hour_h168_n155__20260416_155336.jld2,w168,311,155,0.001,StrategySelectiveWithConstantOptimization,Selective+ConstOpt,1,0.09306062824683416,0.12183223404179347,0.01523123966932556,0.6394940343141122,0.14928495095619437,42,27.641874074935913,28.245593070983887,,12,12,true
bike_hour_h168_n155__20260416_155336.jld2,parte1/resultados_Bike/bike_hour_h168_n155__20260416_155336.jld2,w168,351,155,0.0001,StrategySelectiveWithConstantOptimization,Selective+ConstOpt,1,0.07172432659447285,0.09571072233190533,0.0094275891664025,0.7429357853876282,0.12007375985163027,42,38.81413388252258,39.42707395553589,,12,12,true
bike_hour_h168_n155__20260416_155336.jld2,parte1/resultados_Bike/bike_hour_h168_n155__20260416_155336.jld2,w168,391,155,1.0e-5,StrategySelectiveWithConstantOptimization,Selective+ConstOpt,1,0.07803435401965637,0.10413177875737893,0.011183584188418846,0.6920192932057655,0.13068452933141708,42,52.915481090545654,53.427468061447144,,12,12,true
bike_hour_h168_n155__20260416_155336.jld2,parte1/resultados_Bike/bike_hour_h168_n155__20260416_155336.jld2,w168,431,155,1.0e-6,StrategySelectiveWithConstantOptimization,Selective+ConstOpt,1,0.07378689482537429,0.10015399453945556,0.010396088498560373,0.7306000906652377,0.12478344419568962,42,225.7051010131836,226.21370601654053,,12,12,true
bike_hour_h168_n155__20260416_155336.jld2,parte1/resultados_Bike/bike_hour_h168_n155__20260416_155336.jld2,w168,471,155,1.0e-7,StrategySelectiveWithConstantOptimization,Selective+ConstOpt,1,0.07427430038041759,0.10078087711833897,0.010384547243141338,0.7201374555686606,0.12612988830106375,42,890.2670509815216,890.7757911682129,,12,12,true
bike_hour_h168_n165__20260416_155336.jld2,parte1/resultados_Bike/bike_hour_h168_n165__20260416_155336.jld2,w168,33,165,0.01,StrategySelective,Selective,1,0.11422874122513334,0.1618683185146629,0.027126081435380017,0.4047144287424057,0.1951024550675163,42,16.753688097000122,20.498106002807617,,12,12,true
bike_hour_h168_n165__20260416_155336.jld2,parte1/resultados_Bike/bike_hour_h168_n165__20260416_155336.jld2,w168,73,165,0.001,StrategySelective,Selective,1,0.08983993462909616,0.12799280170744107,0.01686315175903247,0.6019163829979192,0.1566435881377257,42,27.21559500694275,28.07393217086792,,12,12,true
bike_hour_h168_n165__20260416_155336.jld2,parte1/resultados_Bike/bike_hour_h168_n165__20260416_155336.jld2,w168,113,165,0.0001,StrategySelective,Selective,1,0.09254835031698493,0.1275208487442244,0.017744220739495494,0.6045900749042522,0.15456249243553621,42,42.27009701728821,43.26419496536255,,12,12,true
bike_hour_h168_n165__20260416_155336.jld2,parte1/resultados_Bike/bike_hour_h168_n165__20260416_155336.jld2,w168,153,165,1.0e-5,StrategySelective,Selective,1,0.0878771757569381,0.11864130411827013,0.014442459386885311,0.6378494659748081,0.14689026662002688,42,62.25756597518921,62.809329986572266,,12,12,true
bike_hour_h168_n165__20260416_155336.jld2,parte1/resultados_Bike/bike_hour_h168_n165__20260416_155336.jld2,w168,193,165,1.0e-6,StrategySelective,Selective,1,0.11477442992813128,0.13333628131015113,0.018206660907029878,0.5538824251122787,0.16423815199556588,42,210.91351294517517,211.42278814315796,,12,12,true
bike_hour_h168_n165__20260416_155336.jld2,parte1/resultados_Bike/bike_hour_h168_n165__20260416_155336.jld2,w168,233,165,1.0e-7,StrategySelective,Selective,1,0.08875925840995946,0.11646345811330686,0.014006615777945616,0.6500908697139953,0.14391994116194062,42,1706.953360080719,1707.4539728164673,,12,12,true
bike_hour_h168_n165__20260416_155336.jld2,parte1/resultados_Bike/bike_hour_h168_n165__20260416_155336.jld2,w168,273,165,0.01,StrategySelectiveWithConstantOptimization,Selective+ConstOpt,1,0.11321534005530892,0.16562365593693273,0.028469707586774765,0.38427940995365273,0.19890417309381403,42,6.703559875488281,7.203127145767212,,12,12,true
bike_hour_h168_n165__20260416_155336.jld2,parte1/resultados_Bike/bike_hour_h168_n165__20260416_155336.jld2,w168,313,165,0.001,StrategySelectiveWithConstantOptimization,Selective+ConstOpt,1,0.09001954645917937,0.11837215657669786,0.014338570972733394,0.6552483858313197,0.14543716635245735,42,30.355865001678467,30.90612506866455,,12,12,true
bike_hour_h168_n165__20260416_155336.jld2,parte1/resultados_Bike/bike_hour_h168_n165__20260416_155336.jld2,w168,353,165,0.0001,StrategySelectiveWithConstantOptimization,Selective+ConstOpt,1,0.07140023619663542,0.09509545686616049,0.009304413487207628,0.744332017891939,0.1194609027984854,42,43.871806144714355,44.54978013038635,,12,12,true
bike_hour_h168_n165__20260416_155336.jld2,parte1/resultados_Bike/bike_hour_h168_n165__20260416_155336.jld2,w168,393,165,1.0e-5,StrategySelectiveWithConstantOptimization,Selective+ConstOpt,1,0.07698162457777323,0.10222136967522066,0.010774109145443881,0.7094935712203337,0.1279392404711226,42,59.207010984420776,59.71286201477051,,12,12,true
bike_hour_h168_n165__20260416_155336.jld2,parte1/resultados_Bike/bike_hour_h168_n165__20260416_155336.jld2,w168,433,165,1.0e-6,StrategySelectiveWithConstantOptimization,Selective+ConstOpt,1,0.07057853653910962,0.09697955012259486,0.009746561198246803,0.7442108154535413,0.12104798396524603,42,286.36243295669556,286.87056708335876,,12,12,true
bike_hour_h168_n165__20260416_155336.jld2,parte1/resultados_Bike/bike_hour_h168_n165__20260416_155336.jld2,w168,473,165,1.0e-7,StrategySelectiveWithConstantOptimization,Selective+ConstOpt,1,0.07415519894053654,0.10070734735954485,0.010371325890058222,0.7207606210276416,0.12602112492658257,42,900.0359029769897,900.5694060325623,,12,12,true
bike_hour_h168_n175__20260416_155336.jld2,parte1/resultados_Bike/bike_hour_h168_n175__20260416_155336.jld2,w168,35,175,0.01,StrategySelective,Selective,1,0.11422874122513334,0.1618683185146629,0.027126081435380017,0.4047144287424057,0.1951024550675163,42,16.78007197380066,20.518234968185425,,12,12,true
bike_hour_h168_n175__20260416_155336.jld2,parte1/resultados_Bike/bike_hour_h168_n175__20260416_155336.jld2,w168,75,175,0.001,StrategySelective,Selective,1,0.08842455885335243,0.12490695949795431,0.016087694296313234,0.6255997340883963,0.1524798161641016,42,35.05846810340881,35.91179418563843,,12,12,true
bike_hour_h168_n175__20260416_155336.jld2,parte1/resultados_Bike/bike_hour_h168_n175__20260416_155336.jld2,w168,115,175,0.0001,StrategySelective,Selective,1,0.09303789751347283,0.12703236664302256,0.017732933710516617,0.6059087740614467,0.15391617459315773,42,48.803696155548096,49.78125810623169,,12,12,true
bike_hour_h168_n175__20260416_155336.jld2,parte1/resultados_Bike/bike_hour_h168_n175__20260416_155336.jld2,w168,155,175,1.0e-5,StrategySelective,Selective,1,0.08702026460569987,0.11755304271841925,0.014165073340466823,0.6436914008857241,0.1456341979502553,42,70.37146997451782,70.98544192314148,,12,12,true
bike_hour_h168_n175__20260416_155336.jld2,parte1/resultados_Bike/bike_hour_h168_n175__20260416_155336.jld2,w168,195,175,1.0e-6,StrategySelective,Selective,1,0.11281506934469472,0.13229938140283268,0.01796866877989258,0.5607484251726138,0.16292145580939693,42,238.77410912513733,239.29753518104553,,12,12,true
bike_hour_h168_n175__20260416_155336.jld2,parte1/resultados_Bike/bike_hour_h168_n175__20260416_155336.jld2,w168,235,175,1.0e-7,StrategySelective,Selective,1,0.08832573944666107,0.1143003884936071,0.013505869423301155,0.6594586553843333,0.1414685304751428,42,2099.3756918907166,2099.877534866333,,12,12,true
bike_hour_h168_n175__20260416_155336.jld2,parte1/resultados_Bike/bike_hour_h168_n175__20260416_155336.jld2,w168,275,175,0.01,StrategySelectiveWithConstantOptimization,Selective+ConstOpt,1,0.11321534005530892,0.16562365593693273,0.028469707586774765,0.38427940995365273,0.19890417309381403,42,7.147144079208374,7.666862964630127,,12,12,true
bike_hour_h168_n175__20260416_155336.jld2,parte1/resultados_Bike/bike_hour_h168_n175__20260416_155336.jld2,w168,315,175,0.001,StrategySelectiveWithConstantOptimization,Selective+ConstOpt,1,0.09636048871922978,0.12724572445894397,0.01685065686005609,0.618001160549199,0.15458880140469772,42,54.60895109176636,55.21475791931152,,12,12,true
bike_hour_h168_n175__20260416_155336.jld2,parte1/resultados_Bike/bike_hour_h168_n175__20260416_155336.jld2,w168,355,175,0.0001,StrategySelectiveWithConstantOptimization,Selective+ConstOpt,1,0.07021743243976582,0.09325922781780271,0.008956374253698853,0.7469589029217791,0.11764360363175311,42,64.32268691062927,64.95644903182983,,12,12,true
bike_hour_h168_n175__20260416_155336.jld2,parte1/resultados_Bike/bike_hour_h168_n175__20260416_155336.jld2,w168,395,175,1.0e-5,StrategySelectiveWithConstantOptimization,Selective+ConstOpt,1,0.07744420705727348,0.10224664289081833,0.010788015468914095,0.7115893969782808,0.12779225660482607,42,63.384400844573975,63.89977216720581,,12,12,true
bike_hour_h168_n175__20260416_155336.jld2,parte1/resultados_Bike/bike_hour_h168_n175__20260416_155336.jld2,w168,435,175,1.0e-6,StrategySelectiveWithConstantOptimization,Selective+ConstOpt,1,0.0705873481834897,0.09702695855191895,0.009755049173513056,0.7440520104633855,0.12110364923772668,42,291.07635498046875,291.5825209617615,,12,12,true
bike_hour_h168_n175__20260416_155336.jld2,parte1/resultados_Bike/bike_hour_h168_n175__20260416_155336.jld2,w168,475,175,1.0e-7,StrategySelectiveWithConstantOptimization,Selective+ConstOpt,1,0.07406404744910573,0.10127598551604347,0.01052355787354666,0.7178684332986306,0.126653983057393,42,931.0450549125671,931.5511250495911,,12,12,true
bike_hour_h168_n185__20260416_155336.jld2,parte1/resultados_Bike/bike_hour_h168_n185__20260416_155336.jld2,w168,37,185,0.01,StrategySelective,Selective,1,0.11422874122513334,0.1618683185146629,0.027126081435380017,0.4047144287424057,0.1951024550675163,42,16.783343076705933,20.525242805480957,,12,12,true
bike_hour_h168_n185__20260416_155336.jld2,parte1/resultados_Bike/bike_hour_h168_n185__20260416_155336.jld2,w168,77,185,0.001,StrategySelective,Selective,1,0.08270599675982408,0.11540620260659426,0.013665558400665776,0.6786478475900218,0.14119900228060225,42,45.10898399353027,45.95478796958923,,12,12,true
bike_hour_h168_n185__20260416_155336.jld2,parte1/resultados_Bike/bike_hour_h168_n185__20260416_155336.jld2,w168,117,185,0.0001,StrategySelective,Selective,1,0.0934617283109028,0.1274383973166594,0.01792490066116342,0.6049456841228663,0.15411761744009425,42,56.49186182022095,57.49708700180054,,12,12,true
bike_hour_h168_n185__20260416_155336.jld2,parte1/resultados_Bike/bike_hour_h168_n185__20260416_155336.jld2,w168,157,185,1.0e-5,StrategySelective,Selective,1,0.08671910382386613,0.11715491454245089,0.014062144103338888,0.6438618802577724,0.1453223111824813,42,79.89857292175293,80.51476216316223,,12,12,true
bike_hour_h168_n185__20260416_155336.jld2,parte1/resultados_Bike/bike_hour_h168_n185__20260416_155336.jld2,w168,197,185,1.0e-6,StrategySelective,Selective,1,0.11528823453845446,0.1348302323768077,0.01873935671516351,0.5500519735922603,0.16544009014515917,42,269.4618980884552,270.0377359390259,,12,12,true
bike_hour_h168_n185__20260416_155336.jld2,parte1/resultados_Bike/bike_hour_h168_n185__20260416_155336.jld2,w168,237,185,1.0e-7,StrategySelective,Selective,1,0.08273733991899494,0.10482636382619107,0.011290977089043261,0.7082621556200972,0.13030107527600446,42,2281.223905801773,2281.729296207428,,12,12,true
bike_hour_h168_n185__20260416_155336.jld2,parte1/resultados_Bike/bike_hour_h168_n185__20260416_155336.jld2,w168,277,185,0.01,StrategySelectiveWithConstantOptimization,Selective+ConstOpt,1,0.11321534005530892,0.16562365593693273,0.028469707586774765,0.38427940995365273,0.19890417309381403,42,6.774688005447388,7.2628700733184814,,12,12,true
bike_hour_h168_n185__20260416_155336.jld2,parte1/resultados_Bike/bike_hour_h168_n185__20260416_155336.jld2,w168,317,185,0.001,StrategySelectiveWithConstantOptimization,Selective+ConstOpt,1,0.0942160316565612,0.12344358560339402,0.015888163708206504,0.6387937127608085,0.15008105059691945,42,152.6921169757843,153.23157501220703,,12,12,true
bike_hour_h168_n185__20260416_155336.jld2,parte1/resultados_Bike/bike_hour_h168_n185__20260416_155336.jld2,w168,357,185,0.0001,StrategySelectiveWithConstantOptimization,Selective+ConstOpt,1,0.0691392303639867,0.09201314148766908,0.008729601661570293,0.7514609150542944,0.1161924477433334,42,78.58350896835327,79.20930194854736,,12,12,true
bike_hour_h168_n185__20260416_155336.jld2,parte1/resultados_Bike/bike_hour_h168_n185__20260416_155336.jld2,w168,397,185,1.0e-5,StrategySelectiveWithConstantOptimization,Selective+ConstOpt,1,0.07770993472394105,0.10264361348088367,0.010827417208756815,0.6982713371285713,0.1290580085594565,42,64.92903089523315,65.51093101501465,,12,12,true
bike_hour_h168_n185__20260416_155336.jld2,parte1/resultados_Bike/bike_hour_h168_n185__20260416_155336.jld2,w168,437,185,1.0e-6,StrategySelectiveWithConstantOptimization,Selective+ConstOpt,1,0.0693845657979423,0.09535876942171388,0.009440978743483524,0.7548837807352017,0.11886992040822789,42,359.6319971084595,360.14883279800415,,12,12,true
bike_hour_h168_n185__20260416_155336.jld2,parte1/resultados_Bike/bike_hour_h168_n185__20260416_155336.jld2,w168,477,185,1.0e-7,StrategySelectiveWithConstantOptimization,Selective+ConstOpt,1,0.07381483677291,0.10076906712414486,0.010406036549448237,0.7246571888412167,0.12576290193316852,42,1061.6962571144104,1063.9987728595734,,12,12,true
bike_hour_h168_n195__20260416_155336.jld2,parte1/resultados_Bike/bike_hour_h168_n195__20260416_155336.jld2,w168,39,195,0.01,StrategySelective,Selective,1,0.11422874122513334,0.1618683185146629,0.027126081435380017,0.4047144287424057,0.1951024550675163,42,16.806286096572876,20.537222146987915,,12,12,true
bike_hour_h168_n195__20260416_155336.jld2,parte1/resultados_Bike/bike_hour_h168_n195__20260416_155336.jld2,w168,79,195,0.001,StrategySelective,Selective,1,0.08208459954530281,0.1153283311712176,0.013657476092609562,0.6826903542995721,0.14074512408806666,42,50.50721216201782,51.35731911659241,,12,12,true
bike_hour_h168_n195__20260416_155336.jld2,parte1/resultados_Bike/bike_hour_h168_n195__20260416_155336.jld2,w168,119,195,0.0001,StrategySelective,Selective,1,0.09166138693754826,0.1253367006507817,0.017048445030148077,0.6167333950366687,0.15212570829518998,42,63.37473011016846,64.3591821193695,,12,12,true
bike_hour_h168_n195__20260416_155336.jld2,parte1/resultados_Bike/bike_hour_h168_n195__20260416_155336.jld2,w168,159,195,1.0e-5,StrategySelective,Selective,1,0.09393595016882225,0.13943578842996243,0.021921526953677092,0.4930979591314947,0.1697146128369883,42,89.20479989051819,89.82237601280212,,12,12,true
bike_hour_h168_n195__20260416_155336.jld2,parte1/resultados_Bike/bike_hour_h168_n195__20260416_155336.jld2,w168,199,195,1.0e-6,StrategySelective,Selective,1,0.1156315826663359,0.1351989593660887,0.018840949704385185,0.5461285818394538,0.16599935031096277,42,294.8384699821472,295.4247739315033,,12,12,true
bike_hour_h168_n195__20260416_155336.jld2,parte1/resultados_Bike/bike_hour_h168_n195__20260416_155336.jld2,w168,239,195,1.0e-7,StrategySelective,Selective,1,0.08426107069766976,0.1040525947306244,0.011097054501648844,0.708768514146949,0.12960016138398342,42,2497.1957190036774,2497.7032091617584,,12,12,true
bike_hour_h168_n195__20260416_155336.jld2,parte1/resultados_Bike/bike_hour_h168_n195__20260416_155336.jld2,w168,279,195,0.01,StrategySelectiveWithConstantOptimization,Selective+ConstOpt,1,0.11321534005530892,0.16562365593693273,0.028469707586774765,0.38427940995365273,0.19890417309381403,42,6.569349050521851,7.076877117156982,,12,12,true
bike_hour_h168_n195__20260416_155336.jld2,parte1/resultados_Bike/bike_hour_h168_n195__20260416_155336.jld2,w168,319,195,0.001,StrategySelectiveWithConstantOptimization,Selective+ConstOpt,1,0.08852500146438878,0.1165213947696132,0.014186921948592007,0.6753265544392953,0.14191375243542903,42,244.08643794059753,244.61017394065857,,12,12,true
bike_hour_h168_n195__20260416_155336.jld2,parte1/resultados_Bike/bike_hour_h168_n195__20260416_155336.jld2,w168,359,195,0.0001,StrategySelectiveWithConstantOptimization,Selective+ConstOpt,1,0.06895989376067885,0.09180928208348423,0.008678817491894803,0.7542775524062361,0.11583416152021074,42,103.7862799167633,104.45208406448364,,12,12,true
bike_hour_h168_n195__20260416_155336.jld2,parte1/resultados_Bike/bike_hour_h168_n195__20260416_155336.jld2,w168,399,195,1.0e-5,StrategySelectiveWithConstantOptimization,Selective+ConstOpt,1,0.07647869909796051,0.10137548623277251,0.010515421287458648,0.7009863214732184,0.1278540769410104,42,82.56652784347534,83.18745684623718,,12,12,true
bike_hour_h168_n195__20260416_155336.jld2,parte1/resultados_Bike/bike_hour_h168_n195__20260416_155336.jld2,w168,439,195,1.0e-6,StrategySelectiveWithConstantOptimization,Selective+ConstOpt,1,0.06833008418388446,0.09415233549271862,0.009192229965521907,0.7531373223034086,0.11801146381642531,42,458.60860800743103,459.1271860599518,,12,12,true
bike_hour_h168_n195__20260416_155336.jld2,parte1/resultados_Bike/bike_hour_h168_n195__20260416_155336.jld2,w168,479,195,1.0e-7,StrategySelectiveWithConstantOptimization,Selective+ConstOpt,1,0.07487178539617971,0.1013929283625119,0.01060074436536341,0.7176745747239848,0.1267125796712551,42,1148.0562930107117,1148.569401025772,,12,12,true
bike_hour_h168_n200__20260416_140035.jld2,parte1/resultados_Bike/bike_hour_h168_n200__20260416_140035.jld2,w168,40,200,0.01,StrategySelective,Selective,1,0.11422874122513334,0.1618683185146629,0.027126081435380017,0.4047144287424057,0.1951024550675163,42,17.581672191619873,21.61825394630432,,12,12,true
bike_hour_h168_n200__20260416_140035.jld2,parte1/resultados_Bike/bike_hour_h168_n200__20260416_140035.jld2,w168,80,200,0.001,StrategySelective,Selective,1,0.08147413154063578,0.11446009836128901,0.013450616324990849,0.6886000067123323,0.13958969972708457,42,51.2442409992218,52.08617687225342,,12,12,true
bike_hour_h168_n200__20260416_140035.jld2,parte1/resultados_Bike/bike_hour_h168_n200__20260416_140035.jld2,w168,120,200,0.0001,StrategySelective,Selective,1,0.09146346416959751,0.12475275883974993,0.016879721583097747,0.6189270315737413,0.15153388678247587,42,63.476531982421875,64.44036889076233,,12,12,true
bike_hour_h168_n200__20260416_140035.jld2,parte1/resultados_Bike/bike_hour_h168_n200__20260416_140035.jld2,w168,160,200,1.0e-5,StrategySelective,Selective,1,0.09675711883328414,0.14693843204353887,0.02554549305439421,0.42194324619958123,0.17798191022050544,42,88.30411386489868,88.90746688842773,,12,12,true
bike_hour_h168_n200__20260416_140035.jld2,parte1/resultados_Bike/bike_hour_h168_n200__20260416_140035.jld2,w168,200,200,1.0e-6,StrategySelective,Selective,1,0.1155025404173361,0.13508210836743423,0.018808222056989773,0.5467689485346087,0.16586673422701115,42,282.0969648361206,282.6731779575348,,12,12,true
bike_hour_h168_n200__20260416_140035.jld2,parte1/resultados_Bike/bike_hour_h168_n200__20260416_140035.jld2,w168,240,200,1.0e-7,StrategySelective,Selective,1,0.08401356534026118,0.10394034362269174,0.011078831795340574,0.7094312345705385,0.12943690044046688,42,2330.5352578163147,2331.035815000534,,12,12,true
bike_hour_h168_n200__20260416_140035.jld2,parte1/resultados_Bike/bike_hour_h168_n200__20260416_140035.jld2,w168,280,200,0.01,StrategySelectiveWithConstantOptimization,Selective+ConstOpt,1,0.11321534005530892,0.16562365593693273,0.028469707586774765,0.38427940995365273,0.19890417309381403,42,6.463604927062988,6.9541261196136475,,12,12,true
bike_hour_h168_n200__20260416_140035.jld2,parte1/resultados_Bike/bike_hour_h168_n200__20260416_140035.jld2,w168,320,200,0.001,StrategySelectiveWithConstantOptimization,Selective+ConstOpt,1,0.08875300039403942,0.11697790473066043,0.014307417445799608,0.6736291748265709,0.1423664621107951,42,254.18120098114014,254.7436671257019,,12,12,true
bike_hour_h168_n200__20260416_140035.jld2,parte1/resultados_Bike/bike_hour_h168_n200__20260416_140035.jld2,w168,360,200,0.0001,StrategySelectiveWithConstantOptimization,Selective+ConstOpt,1,0.06884501613139522,0.09146045292032798,0.008604308726045782,0.755441851667298,0.11547557377416885,42,106.383780002594,107.02692794799805,,12,12,true
bike_hour_h168_n200__20260416_140035.jld2,parte1/resultados_Bike/bike_hour_h168_n200__20260416_140035.jld2,w168,400,200,1.0e-5,StrategySelectiveWithConstantOptimization,Selective+ConstOpt,1,0.07631260719789126,0.10122341919351395,0.010479830099670774,0.7013661735352055,0.12770216491850178,42,80.9597601890564,81.48365807533264,,12,12,true
bike_hour_h168_n200__20260416_140035.jld2,parte1/resultados_Bike/bike_hour_h168_n200__20260416_140035.jld2,w168,440,200,1.0e-6,StrategySelectiveWithConstantOptimization,Selective+ConstOpt,1,0.06815963588953036,0.09423015167800289,0.009201540623715202,0.7537526297373575,0.11804929936893799,42,439.534343957901,440.0471351146698,,12,12,true
bike_hour_h168_n200__20260416_140035.jld2,parte1/resultados_Bike/bike_hour_h168_n200__20260416_140035.jld2,w168,480,200,1.0e-7,StrategySelectiveWithConstantOptimization,Selective+ConstOpt,1,0.07289720242385461,0.09887324319210664,0.01009589358827164,0.7275491948324084,0.12383730906576967,42,1191.7062079906464,1192.2205219268799,,12,12,true
bike_hour_h192_n005__20260417_161356.jld2,parte1/resultados_Bike/bike_hour_h192_n005__20260417_161356.jld2,w192,1,5,0.01,StrategySelective,Selective,1,0.16679739531949478,0.22159432828347622,0.05112026691205316,-0.09660085576963169,0.26476695983493903,37,7.125011920928955,10.19307804107666,,12,12,true
bike_hour_h192_n005__20260417_161356.jld2,parte1/resultados_Bike/bike_hour_h192_n005__20260417_161356.jld2,w192,41,5,0.001,StrategySelective,Selective,1,0.16679739531949478,0.22159432828347622,0.05112026691205316,-0.09660085576963169,0.26476695983493903,37,0.04078102111816406,0.5451440811157227,,12,12,true
bike_hour_h192_n005__20260417_161356.jld2,parte1/resultados_Bike/bike_hour_h192_n005__20260417_161356.jld2,w192,81,5,0.0001,StrategySelective,Selective,1,0.1668908099638874,0.22136111488162635,0.05102943748008138,-0.09276320298933842,0.26439239798449427,37,0.23770809173583984,0.7831671237945557,,12,12,true
bike_hour_h192_n005__20260417_161356.jld2,parte1/resultados_Bike/bike_hour_h192_n005__20260417_161356.jld2,w192,121,5,1.0e-5,StrategySelective,Selective,1,0.16732696098948016,0.22191938974152975,0.05129821599352544,-0.09751638928557624,0.2650062359974954,37,0.03518795967102051,0.5405130386352539,,12,12,true
bike_hour_h192_n005__20260417_161356.jld2,parte1/resultados_Bike/bike_hour_h192_n005__20260417_161356.jld2,w192,161,5,1.0e-6,StrategySelective,Selective,1,0.16746404159603848,0.22209429085145266,0.05138228650659722,-0.0990323342065082,0.2652005200549395,37,0.04488801956176758,0.5410969257354736,,12,12,true
bike_hour_h192_n005__20260417_161356.jld2,parte1/resultados_Bike/bike_hour_h192_n005__20260417_161356.jld2,w192,201,5,1.0e-7,StrategySelective,Selective,1,0.16751360808326252,0.22216243034369965,0.05141483147776773,-0.0996418231106691,0.2652772108571533,37,0.04910087585449219,0.7601590156555176,,12,12,true
bike_hour_h192_n005__20260417_161356.jld2,parte1/resultados_Bike/bike_hour_h192_n005__20260417_161356.jld2,w192,241,5,0.01,StrategySelectiveWithConstantOptimization,Selective+ConstOpt,1,0.16679739531949478,0.22159432828347622,0.05112026691205316,-0.09660085576963169,0.26476695983493903,37,0.5148749351501465,1.1401820182800293,,12,12,true
bike_hour_h192_n005__20260417_161356.jld2,parte1/resultados_Bike/bike_hour_h192_n005__20260417_161356.jld2,w192,281,5,0.001,StrategySelectiveWithConstantOptimization,Selective+ConstOpt,1,0.16679739531949478,0.22159432828347622,0.05112026691205316,-0.09660085576963169,0.26476695983493903,37,0.038324832916259766,0.5224959850311279,,12,12,true
bike_hour_h192_n005__20260417_161356.jld2,parte1/resultados_Bike/bike_hour_h192_n005__20260417_161356.jld2,w192,321,5,0.0001,StrategySelectiveWithConstantOptimization,Selective+ConstOpt,1,0.1668908099638874,0.22136111488162635,0.05102943748008138,-0.09276320298933842,0.26439239798449427,37,0.057900190353393555,0.5422699451446533,,12,12,true
bike_hour_h192_n005__20260417_161356.jld2,parte1/resultados_Bike/bike_hour_h192_n005__20260417_161356.jld2,w192,361,5,1.0e-5,StrategySelectiveWithConstantOptimization,Selective+ConstOpt,1,0.16732696098948016,0.22191938974152975,0.05129821599352544,-0.09751638928557624,0.2650062359974954,37,0.03598284721374512,0.5176188945770264,,12,12,true
bike_hour_h192_n005__20260417_161356.jld2,parte1/resultados_Bike/bike_hour_h192_n005__20260417_161356.jld2,w192,401,5,1.0e-6,StrategySelectiveWithConstantOptimization,Selective+ConstOpt,1,0.16746404159603848,0.22209429085145266,0.05138228650659722,-0.0990323342065082,0.2652005200549395,37,0.034013986587524414,0.5206019878387451,,12,12,true
bike_hour_h192_n005__20260417_161356.jld2,parte1/resultados_Bike/bike_hour_h192_n005__20260417_161356.jld2,w192,441,5,1.0e-7,StrategySelectiveWithConstantOptimization,Selective+ConstOpt,1,0.16751360808326252,0.22216243034369965,0.05141483147776773,-0.0996418231106691,0.2652772108571533,37,0.037989139556884766,0.5255599021911621,,12,12,true
bike_hour_h192_n010__20260417_161356.jld2,parte1/resultados_Bike/bike_hour_h192_n010__20260417_161356.jld2,w192,2,10,0.01,StrategySelective,Selective,1,0.16679739531949478,0.22159432828347622,0.05112026691205316,-0.09660085576963169,0.26476695983493903,37,7.097743988037109,10.162861108779907,,12,12,true
bike_hour_h192_n010__20260417_161356.jld2,parte1/resultados_Bike/bike_hour_h192_n010__20260417_161356.jld2,w192,42,10,0.001,StrategySelective,Selective,1,0.16679739531949478,0.22159432828347622,0.05112026691205316,-0.09660085576963169,0.26476695983493903,37,0.04207801818847656,0.5519380569458008,,12,12,true
bike_hour_h192_n010__20260417_161356.jld2,parte1/resultados_Bike/bike_hour_h192_n010__20260417_161356.jld2,w192,82,10,0.0001,StrategySelective,Selective,1,0.14834545908866742,0.20672130374458483,0.0447853036965726,0.05772574843141708,0.24546635131889216,37,0.5732131004333496,1.1839148998260498,,12,12,true
bike_hour_h192_n010__20260417_161356.jld2,parte1/resultados_Bike/bike_hour_h192_n010__20260417_161356.jld2,w192,122,10,1.0e-5,StrategySelective,Selective,1,0.14846377472731434,0.20711968075876694,0.0449673827826032,0.05428944485395901,0.24591992488073885,37,0.11732006072998047,0.6098721027374268,,12,12,true
bike_hour_h192_n010__20260417_161356.jld2,parte1/resultados_Bike/bike_hour_h192_n010__20260417_161356.jld2,w192,162,10,1.0e-6,StrategySelective,Selective,1,0.1485332721912329,0.2073063858439359,0.04505161409228558,0.052651156668886735,0.24613474376818253,37,0.16296005249023438,0.6578609943389893,,12,12,true
bike_hour_h192_n010__20260417_161356.jld2,parte1/resultados_Bike/bike_hour_h192_n010__20260417_161356.jld2,w192,202,10,1.0e-7,StrategySelective,Selective,1,0.1485338706789673,0.2073148802997037,0.04505591805827545,0.052572783716058794,0.24614515987939395,37,0.14312505722045898,0.7857701778411865,,12,12,true
bike_hour_h192_n010__20260417_161356.jld2,parte1/resultados_Bike/bike_hour_h192_n010__20260417_161356.jld2,w192,242,10,0.01,StrategySelectiveWithConstantOptimization,Selective+ConstOpt,1,0.16679739531949478,0.22159432828347622,0.05112026691205316,-0.09660085576963169,0.26476695983493903,37,0.5193469524383545,1.0005249977111816,,12,12,true
bike_hour_h192_n010__20260417_161356.jld2,parte1/resultados_Bike/bike_hour_h192_n010__20260417_161356.jld2,w192,282,10,0.001,StrategySelectiveWithConstantOptimization,Selective+ConstOpt,1,0.16679739531949478,0.22159432828347622,0.05112026691205316,-0.09660085576963169,0.26476695983493903,37,0.036887168884277344,0.5211129188537598,,12,12,true
bike_hour_h192_n010__20260417_161356.jld2,parte1/resultados_Bike/bike_hour_h192_n010__20260417_161356.jld2,w192,322,10,0.0001,StrategySelectiveWithConstantOptimization,Selective+ConstOpt,1,0.14834545908866742,0.20672130374458483,0.0447853036965726,0.05772574843141708,0.24546635131889216,37,0.11690497398376465,0.6016209125518799,,12,12,true
bike_hour_h192_n010__20260417_161356.jld2,parte1/resultados_Bike/bike_hour_h192_n010__20260417_161356.jld2,w192,362,10,1.0e-5,StrategySelectiveWithConstantOptimization,Selective+ConstOpt,1,0.14848884267739504,0.20714556844869184,0.04497892181512651,0.054070691793524465,0.2459483953944222,37,0.12672996520996094,0.6169281005859375,,12,12,true
bike_hour_h192_n010__20260417_161356.jld2,parte1/resultados_Bike/bike_hour_h192_n010__20260417_161356.jld2,w192,402,10,1.0e-6,StrategySelectiveWithConstantOptimization,Selective+ConstOpt,1,0.14851343456174695,0.2072584495627798,0.04503048319187776,0.0530704130166252,0.2460799726952842,37,0.09503793716430664,0.8816890716552734,,12,12,true
bike_hour_h192_n010__20260417_161356.jld2,parte1/resultados_Bike/bike_hour_h192_n010__20260417_161356.jld2,w192,442,10,1.0e-7,StrategySelectiveWithConstantOptimization,Selective+ConstOpt,1,0.1485288225478787,0.2073010582735795,0.04504983455167432,0.05269396061130631,0.24612932541395366,37,0.10593819618225098,0.5912549495697021,,12,12,true
bike_hour_h192_n015__20260417_161356.jld2,parte1/resultados_Bike/bike_hour_h192_n015__20260417_161356.jld2,w192,3,15,0.01,StrategySelective,Selective,1,0.16679739531949478,0.22159432828347622,0.05112026691205316,-0.09660085576963169,0.26476695983493903,37,7.1291890144348145,10.19828486442566,,12,12,true
bike_hour_h192_n015__20260417_161356.jld2,parte1/resultados_Bike/bike_hour_h192_n015__20260417_161356.jld2,w192,43,15,0.001,StrategySelective,Selective,1,0.16679739531949478,0.22159432828347622,0.05112026691205316,-0.09660085576963169,0.26476695983493903,37,0.03843498229980469,0.5415878295898438,,12,12,true
bike_hour_h192_n015__20260417_161356.jld2,parte1/resultados_Bike/bike_hour_h192_n015__20260417_161356.jld2,w192,83,15,0.0001,StrategySelective,Selective,1,0.12512927592245757,0.18888354249366018,0.03748896437910686,0.21051156054722905,0.22433171321930825,37,1.2122459411621094,1.922734022140503,,12,12,true
bike_hour_h192_n015__20260417_161356.jld2,parte1/resultados_Bike/bike_hour_h192_n015__20260417_161356.jld2,w192,123,15,1.0e-5,StrategySelective,Selective,1,0.125054041234326,0.188875401146047,0.03748572302944714,0.21053739411865302,0.2243263801643245,37,0.38167691230773926,0.8668868541717529,,12,12,true
bike_hour_h192_n015__20260417_161356.jld2,parte1/resultados_Bike/bike_hour_h192_n015__20260417_161356.jld2,w192,163,15,1.0e-6,StrategySelective,Selective,1,0.12505243260096577,0.18888235335623652,0.03748965922138807,0.21060614063367958,0.22431633350151126,37,0.4326341152191162,0.913179874420166,,12,12,true
bike_hour_h192_n015__20260417_161356.jld2,parte1/resultados_Bike/bike_hour_h192_n015__20260417_161356.jld2,w192,203,15,1.0e-7,StrategySelective,Selective,1,0.12505308890976818,0.18883956823002204,0.037472595105424694,0.21097386066994286,0.2242636181401092,37,0.5280890464782715,1.0102040767669678,,12,12,true
bike_hour_h192_n015__20260417_161356.jld2,parte1/resultados_Bike/bike_hour_h192_n015__20260417_161356.jld2,w192,243,15,0.01,StrategySelectiveWithConstantOptimization,Selective+ConstOpt,1,0.16679739531949478,0.22159432828347622,0.05112026691205316,-0.09660085576963169,0.26476695983493903,37,0.5428609848022461,1.1927001476287842,,12,12,true
bike_hour_h192_n015__20260417_161356.jld2,parte1/resultados_Bike/bike_hour_h192_n015__20260417_161356.jld2,w192,283,15,0.001,StrategySelectiveWithConstantOptimization,Selective+ConstOpt,1,0.16679739531949478,0.22159432828347622,0.05112026691205316,-0.09660085576963169,0.26476695983493903,37,0.036705970764160156,0.6584451198577881,,12,12,true
bike_hour_h192_n015__20260417_161356.jld2,parte1/resultados_Bike/bike_hour_h192_n015__20260417_161356.jld2,w192,323,15,0.0001,StrategySelectiveWithConstantOptimization,Selective+ConstOpt,1,0.1250212368099956,0.18875315531949882,0.03743725599465051,0.21160620744785347,0.22417280142714668,37,0.32333993911743164,0.8038661479949951,,12,12,true
bike_hour_h192_n015__20260417_161356.jld2,parte1/resultados_Bike/bike_hour_h192_n015__20260417_161356.jld2,w192,363,15,1.0e-5,StrategySelectiveWithConstantOptimization,Selective+ConstOpt,1,0.12508469416562296,0.18900216824058527,0.037537275180877724,0.20956792476430913,0.224465511585744,37,0.3217298984527588,0.8005759716033936,,12,12,true
bike_hour_h192_n015__20260417_161356.jld2,parte1/resultados_Bike/bike_hour_h192_n015__20260417_161356.jld2,w192,403,15,1.0e-6,StrategySelectiveWithConstantOptimization,Selective+ConstOpt,1,0.1250593361432416,0.1888877622867448,0.0374918339527787,0.21056903151742506,0.2243218887418023,37,0.5181348323822021,0.9957160949707031,,12,12,true
bike_hour_h192_n015__20260417_161356.jld2,parte1/resultados_Bike/bike_hour_h192_n015__20260417_161356.jld2,w192,443,15,1.0e-7,StrategySelectiveWithConstantOptimization,Selective+ConstOpt,1,0.12958242645125903,0.19320136031461072,0.039127400319698434,0.17181653494542504,0.2300098685885915,37,0.3316378593444824,0.8530421257019043,,12,12,true
bike_hour_h192_n020__20260417_161356.jld2,parte1/resultados_Bike/bike_hour_h192_n020__20260417_161356.jld2,w192,4,20,0.01,StrategySelective,Selective,1,0.16679739531949478,0.22159432828347622,0.05112026691205316,-0.09660085576963169,0.26476695983493903,37,7.163075923919678,10.244043111801147,,12,12,true
bike_hour_h192_n020__20260417_161356.jld2,parte1/resultados_Bike/bike_hour_h192_n020__20260417_161356.jld2,w192,44,20,0.001,StrategySelective,Selective,1,0.16679739531949478,0.22159432828347622,0.05112026691205316,-0.09660085576963169,0.26476695983493903,37,0.041953086853027344,0.5479779243469238,,12,12,true
bike_hour_h192_n020__20260417_161356.jld2,parte1/resultados_Bike/bike_hour_h192_n020__20260417_161356.jld2,w192,84,20,0.0001,StrategySelective,Selective,1,0.12473746889006349,0.18840706931248016,0.03727072227777687,0.21068882965245178,0.22421858042938622,37,1.4593079090118408,2.1664860248565674,,12,12,true
bike_hour_h192_n020__20260417_161356.jld2,parte1/resultados_Bike/bike_hour_h192_n020__20260417_161356.jld2,w192,124,20,1.0e-5,StrategySelective,Selective,1,0.119611427665395,0.18595608294719157,0.03625415634211741,0.2298514480122596,0.22166907679375703,37,0.7419490814208984,1.2282190322875977,,12,12,true
bike_hour_h192_n020__20260417_161356.jld2,parte1/resultados_Bike/bike_hour_h192_n020__20260417_161356.jld2,w192,164,20,1.0e-6,StrategySelective,Selective,1,0.11949131521363263,0.18573540029017357,0.03616818629102969,0.23167320234980376,0.22140224826447047,37,0.6911611557006836,1.1776888370513916,,12,12,true
bike_hour_h192_n020__20260417_161356.jld2,parte1/resultados_Bike/bike_hour_h192_n020__20260417_161356.jld2,w192,204,20,1.0e-7,StrategySelective,Selective,1,0.12504882533680675,0.18871019635954164,0.0374193950843734,0.2119825189228895,0.22411375157538113,37,0.7056460380554199,1.235473871231079,,12,12,true
bike_hour_h192_n020__20260417_161356.jld2,parte1/resultados_Bike/bike_hour_h192_n020__20260417_161356.jld2,w192,244,20,0.01,StrategySelectiveWithConstantOptimization,Selective+ConstOpt,1,0.16679739531949478,0.22159432828347622,0.05112026691205316,-0.09660085576963169,0.26476695983493903,37,0.515516996383667,1.325289011001587,,12,12,true
bike_hour_h192_n020__20260417_161356.jld2,parte1/resultados_Bike/bike_hour_h192_n020__20260417_161356.jld2,w192,284,20,0.001,StrategySelectiveWithConstantOptimization,Selective+ConstOpt,1,0.16679739531949478,0.22159432828347622,0.05112026691205316,-0.09660085576963169,0.26476695983493903,37,0.03688812255859375,0.5249910354614258,,12,12,true
bike_hour_h192_n020__20260417_161356.jld2,parte1/resultados_Bike/bike_hour_h192_n020__20260417_161356.jld2,w192,324,20,0.0001,StrategySelectiveWithConstantOptimization,Selective+ConstOpt,1,0.12475572403114632,0.1883595886625355,0.03725343894708672,0.2113505017271919,0.22413445405782104,37,0.4621579647064209,0.9426131248474121,,12,12,true
bike_hour_h192_n020__20260417_161356.jld2,parte1/resultados_Bike/bike_hour_h192_n020__20260417_161356.jld2,w192,364,20,1.0e-5,StrategySelectiveWithConstantOptimization,Selective+ConstOpt,1,0.11946537758488654,0.18583444958332315,0.03620566317962812,0.23076992987800143,0.22153364431480016,37,0.50736403465271,0.9874589443206787,,12,12,true
bike_hour_h192_n020__20260417_161356.jld2,parte1/resultados_Bike/bike_hour_h192_n020__20260417_161356.jld2,w192,404,20,1.0e-6,StrategySelectiveWithConstantOptimization,Selective+ConstOpt,1,0.11951629439865215,0.18577751347175372,0.03618540719873496,0.23137711056655913,0.22144534886801248,37,0.5521860122680664,1.322577953338623,,12,12,true
bike_hour_h192_n020__20260417_161356.jld2,parte1/resultados_Bike/bike_hour_h192_n020__20260417_161356.jld2,w192,444,20,1.0e-7,StrategySelectiveWithConstantOptimization,Selective+ConstOpt,1,0.12975982852698562,0.1860485522676972,0.036097385238065174,0.21872964105284246,0.22319401067470243,37,0.6213130950927734,1.2359180450439453,,12,12,true
bike_hour_h192_n025__20260417_161356.jld2,parte1/resultados_Bike/bike_hour_h192_n025__20260417_161356.jld2,w192,5,25,0.01,StrategySelective,Selective,1,0.16679739531949478,0.22159432828347622,0.05112026691205316,-0.09660085576963169,0.26476695983493903,37,6.9696550369262695,9.981075048446655,,12,12,true
bike_hour_h192_n025__20260417_161356.jld2,parte1/resultados_Bike/bike_hour_h192_n025__20260417_161356.jld2,w192,45,25,0.001,StrategySelective,Selective,1,0.16679739531949478,0.22159432828347622,0.05112026691205316,-0.09660085576963169,0.26476695983493903,37,0.040431976318359375,0.5455331802368164,,12,12,true
bike_hour_h192_n025__20260417_161356.jld2,parte1/resultados_Bike/bike_hour_h192_n025__20260417_161356.jld2,w192,85,25,0.0001,StrategySelective,Selective,1,0.1198268486790901,0.18615710257767062,0.036326709701512354,0.22669809623074375,0.22206877263339037,37,1.712986946105957,2.424767017364502,,12,12,true
bike_hour_h192_n025__20260417_161356.jld2,parte1/resultados_Bike/bike_hour_h192_n025__20260417_161356.jld2,w192,125,25,1.0e-5,StrategySelective,Selective,1,0.11815419644993436,0.1831604502865984,0.03513960456763411,0.2511076294411733,0.21860472924439298,37,1.130483865737915,1.6710460186004639,,12,12,true
bike_hour_h192_n025__20260417_161356.jld2,parte1/resultados_Bike/bike_hour_h192_n025__20260417_161356.jld2,w192,165,25,1.0e-6,StrategySelective,Selective,1,0.11844573836492958,0.18300996885105159,0.03507712386529588,0.2523833336885019,0.2184221546565468,37,1.0840420722961426,1.567680835723877,,12,12,true
bike_hour_h192_n025__20260417_161356.jld2,parte1/resultados_Bike/bike_hour_h192_n025__20260417_161356.jld2,w192,205,25,1.0e-7,StrategySelective,Selective,1,0.1181053236762009,0.18303910606023496,0.03509183983440538,0.25205806237701833,0.21846055101635153,37,1.3664600849151611,1.850445032119751,,12,12,true
bike_hour_h192_n025__20260417_161356.jld2,parte1/resultados_Bike/bike_hour_h192_n025__20260417_161356.jld2,w192,245,25,0.01,StrategySelectiveWithConstantOptimization,Selective+ConstOpt,1,0.16679739531949478,0.22159432828347622,0.05112026691205316,-0.09660085576963169,0.26476695983493903,37,0.5078911781311035,0.9929139614105225,,12,12,true
bike_hour_h192_n025__20260417_161356.jld2,parte1/resultados_Bike/bike_hour_h192_n025__20260417_161356.jld2,w192,285,25,0.001,StrategySelectiveWithConstantOptimization,Selective+ConstOpt,1,0.16679739531949478,0.22159432828347622,0.05112026691205316,-0.09660085576963169,0.26476695983493903,37,0.037390947341918945,0.8436949253082275,,12,12,true
bike_hour_h192_n025__20260417_161356.jld2,parte1/resultados_Bike/bike_hour_h192_n025__20260417_161356.jld2,w192,325,25,0.0001,StrategySelectiveWithConstantOptimization,Selective+ConstOpt,1,0.11826226005475582,0.17675805472002276,0.03260326973710692,0.29063877989763914,0.21239629505112637,37,1.091076135635376,1.5739750862121582,,12,12,true
bike_hour_h192_n025__20260417_161356.jld2,parte1/resultados_Bike/bike_hour_h192_n025__20260417_161356.jld2,w192,365,25,1.0e-5,StrategySelectiveWithConstantOptimization,Selective+ConstOpt,1,0.11842707528799228,0.1830398648875117,0.035089773883642206,0.2521573140008479,0.2184574352681481,37,0.7394051551818848,1.224189043045044,,12,12,true
bike_hour_h192_n025__20260417_161356.jld2,parte1/resultados_Bike/bike_hour_h192_n025__20260417_161356.jld2,w192,405,25,1.0e-6,StrategySelectiveWithConstantOptimization,Selective+ConstOpt,1,0.11810032084514896,0.18303658434235937,0.03509064821042607,0.252052885788065,0.2184615912040885,37,1.1424310207366943,1.6246511936187744,,12,12,true
bike_hour_h192_n025__20260417_161356.jld2,parte1/resultados_Bike/bike_hour_h192_n025__20260417_161356.jld2,w192,445,25,1.0e-7,StrategySelectiveWithConstantOptimization,Selective+ConstOpt,1,0.12040917124028507,0.1794304212318198,0.03361151736439023,0.27076497632721636,0.21542046529919476,37,1.1896228790283203,1.7997350692749023,,12,12,true
bike_hour_h192_n030__20260417_161356.jld2,parte1/resultados_Bike/bike_hour_h192_n030__20260417_161356.jld2,w192,6,30,0.01,StrategySelective,Selective,1,0.16679739531949478,0.22159432828347622,0.05112026691205316,-0.09660085576963169,0.26476695983493903,37,6.973556995391846,9.980973958969116,,12,12,true
bike_hour_h192_n030__20260417_161356.jld2,parte1/resultados_Bike/bike_hour_h192_n030__20260417_161356.jld2,w192,46,30,0.001,StrategySelective,Selective,1,0.16679739531949478,0.22159432828347622,0.05112026691205316,-0.09660085576963169,0.26476695983493903,37,0.040235042572021484,0.5497980117797852,,12,12,true
bike_hour_h192_n030__20260417_161356.jld2,parte1/resultados_Bike/bike_hour_h192_n030__20260417_161356.jld2,w192,86,30,0.0001,StrategySelective,Selective,1,0.1190345989670951,0.17542668671877895,0.031990035717237984,0.291709010816737,0.2117335092880677,37,2.911147117614746,3.618896007537842,,12,12,true
bike_hour_h192_n030__20260417_161356.jld2,parte1/resultados_Bike/bike_hour_h192_n030__20260417_161356.jld2,w192,126,30,1.0e-5,StrategySelective,Selective,1,0.11873540052379161,0.17697744804148172,0.03267704503853613,0.2887029478462744,0.2126886897413204,37,1.2120800018310547,1.739832878112793,,12,12,true
bike_hour_h192_n030__20260417_161356.jld2,parte1/resultados_Bike/bike_hour_h192_n030__20260417_161356.jld2,w192,166,30,1.0e-6,StrategySelective,Selective,1,0.11881070285415643,0.17691583873665967,0.03265053963193812,0.28891556381865546,0.21264504924913444,37,1.7941319942474365,2.2821998596191406,,12,12,true
bike_hour_h192_n030__20260417_161356.jld2,parte1/resultados_Bike/bike_hour_h192_n030__20260417_161356.jld2,w192,206,30,1.0e-7,StrategySelective,Selective,1,0.11880299441087927,0.17688598872280098,0.03263858992566818,0.28909494683959386,0.21261632643786385,37,1.902148962020874,2.386237859725952,,12,12,true
bike_hour_h192_n030__20260417_161356.jld2,parte1/resultados_Bike/bike_hour_h192_n030__20260417_161356.jld2,w192,246,30,0.01,StrategySelectiveWithConstantOptimization,Selective+ConstOpt,1,0.16679739531949478,0.22159432828347622,0.05112026691205316,-0.09660085576963169,0.26476695983493903,37,0.5113308429718018,0.992501974105835,,12,12,true
bike_hour_h192_n030__20260417_161356.jld2,parte1/resultados_Bike/bike_hour_h192_n030__20260417_161356.jld2,w192,286,30,0.001,StrategySelectiveWithConstantOptimization,Selective+ConstOpt,1,0.16679739531949478,0.22159432828347622,0.05112026691205316,-0.09660085576963169,0.26476695983493903,37,0.0374140739440918,0.525101900100708,,12,12,true
bike_hour_h192_n030__20260417_161356.jld2,parte1/resultados_Bike/bike_hour_h192_n030__20260417_161356.jld2,w192,326,30,0.0001,StrategySelectiveWithConstantOptimization,Selective+ConstOpt,1,0.11851409020954755,0.17676260012591546,0.03260579162074914,0.29101998710654786,0.21235898569110812,37,1.3815960884094238,2.133441925048828,,12,12,true
bike_hour_h192_n030__20260417_161356.jld2,parte1/resultados_Bike/bike_hour_h192_n030__20260417_161356.jld2,w192,366,30,1.0e-5,StrategySelectiveWithConstantOptimization,Selective+ConstOpt,1,0.11502031927415021,0.17393795836536463,0.031713420442082224,0.3192636312620262,0.20833559094825724,37,1.176405906677246,1.6567199230194092,,12,12,true
bike_hour_h192_n030__20260417_161356.jld2,parte1/resultados_Bike/bike_hour_h192_n030__20260417_161356.jld2,w192,406,30,1.0e-6,StrategySelectiveWithConstantOptimization,Selective+ConstOpt,1,0.11881049184199748,0.17691270062740383,0.03264874845289001,0.2889125770517675,0.21264515258185412,37,1.3837029933929443,1.8638038635253906,,12,12,true
bike_hour_h192_n030__20260417_161356.jld2,parte1/resultados_Bike/bike_hour_h192_n030__20260417_161356.jld2,w192,446,30,1.0e-7,StrategySelectiveWithConstantOptimization,Selective+ConstOpt,1,0.12037979810820036,0.17940767504179975,0.03360309347397911,0.2709431341711615,0.21539275560288518,37,1.411829948425293,2.021994113922119,,12,12,true
bike_hour_h192_n035__20260417_161356.jld2,parte1/resultados_Bike/bike_hour_h192_n035__20260417_161356.jld2,w192,7,35,0.01,StrategySelective,Selective,1,0.16679739531949478,0.22159432828347622,0.05112026691205316,-0.09660085576963169,0.26476695983493903,37,6.972105026245117,9.989415168762207,,12,12,true
bike_hour_h192_n035__20260417_161356.jld2,parte1/resultados_Bike/bike_hour_h192_n035__20260417_161356.jld2,w192,47,35,0.001,StrategySelective,Selective,1,0.16679739531949478,0.22159432828347622,0.05112026691205316,-0.09660085576963169,0.26476695983493903,37,0.040550947189331055,0.5528891086578369,,12,12,true
bike_hour_h192_n035__20260417_161356.jld2,parte1/resultados_Bike/bike_hour_h192_n035__20260417_161356.jld2,w192,87,35,0.0001,StrategySelective,Selective,1,0.11849835284854317,0.1765633687158293,0.03248638912229798,0.2891264575564521,0.21247731723947444,37,2.955138921737671,3.789062023162842,,12,12,true
bike_hour_h192_n035__20260417_161356.jld2,parte1/resultados_Bike/bike_hour_h192_n035__20260417_161356.jld2,w192,127,35,1.0e-5,StrategySelective,Selective,1,0.11506278000637044,0.17394948246133482,0.03171796169078042,0.31918642266360125,0.20834732212521395,37,1.5361618995666504,2.032318115234375,,12,12,true
bike_hour_h192_n035__20260417_161356.jld2,parte1/resultados_Bike/bike_hour_h192_n035__20260417_161356.jld2,w192,167,35,1.0e-6,StrategySelective,Selective,1,0.1160578914275436,0.17324921307732238,0.03141103754030081,0.32119671134744693,0.20790462678716326,37,2.5705108642578125,3.062256097793579,,12,12,true
bike_hour_h192_n035__20260417_161356.jld2,parte1/resultados_Bike/bike_hour_h192_n035__20260417_161356.jld2,w192,207,35,1.0e-7,StrategySelective,Selective,1,0.11607871572676687,0.1732415530193312,0.031407438371552576,0.3212054580257977,0.20790103306963545,37,3.1018788814544678,3.592473030090332,,12,12,true
bike_hour_h192_n035__20260417_161356.jld2,parte1/resultados_Bike/bike_hour_h192_n035__20260417_161356.jld2,w192,247,35,0.01,StrategySelectiveWithConstantOptimization,Selective+ConstOpt,1,0.16679739531949478,0.22159432828347622,0.05112026691205316,-0.09660085576963169,0.26476695983493903,37,0.516596794128418,1.0016250610351562,,12,12,true
bike_hour_h192_n035__20260417_161356.jld2,parte1/resultados_Bike/bike_hour_h192_n035__20260417_161356.jld2,w192,287,35,0.001,StrategySelectiveWithConstantOptimization,Selective+ConstOpt,1,0.16679739531949478,0.22159432828347622,0.05112026691205316,-0.09660085576963169,0.26476695983493903,37,0.03678393363952637,0.8330578804016113,,12,12,true
bike_hour_h192_n035__20260417_161356.jld2,parte1/resultados_Bike/bike_hour_h192_n035__20260417_161356.jld2,w192,327,35,0.0001,StrategySelectiveWithConstantOptimization,Selective+ConstOpt,1,0.11852576882648908,0.1764788073255874,0.0324788656413081,0.2925368441139128,0.21210767621114932,37,1.2613561153411865,1.845736026763916,,12,12,true
bike_hour_h192_n035__20260417_161356.jld2,parte1/resultados_Bike/bike_hour_h192_n035__20260417_161356.jld2,w192,367,35,1.0e-5,StrategySelectiveWithConstantOptimization,Selective+ConstOpt,1,0.11483144820234518,0.16801629779352514,0.02944937791739468,0.3519822431747599,0.20262856061251286,37,2.0944650173187256,2.5887551307678223,,12,12,true
bike_hour_h192_n035__20260417_161356.jld2,parte1/resultados_Bike/bike_hour_h192_n035__20260417_161356.jld2,w192,407,35,1.0e-6,StrategySelectiveWithConstantOptimization,Selective+ConstOpt,1,0.11610881460395546,0.173269134983341,0.03141805760665752,0.32102668672373247,0.2079306171754813,37,1.7924449443817139,2.2847368717193604,,12,12,true
bike_hour_h192_n035__20260417_161356.jld2,parte1/resultados_Bike/bike_hour_h192_n035__20260417_161356.jld2,w192,447,35,1.0e-7,StrategySelectiveWithConstantOptimization,Selective+ConstOpt,1,0.11656994648781933,0.17502488367531618,0.031997868471324874,0.30922683480148644,0.20982099330336978,37,2.582353115081787,3.344259023666382,,12,12,true
bike_hour_h192_n040__20260417_161356.jld2,parte1/resultados_Bike/bike_hour_h192_n040__20260417_161356.jld2,w192,8,40,0.01,StrategySelective,Selective,1,0.16679739531949478,0.22159432828347622,0.05112026691205316,-0.09660085576963169,0.26476695983493903,37,6.973690032958984,9.98084807395935,,12,12,true
bike_hour_h192_n040__20260417_161356.jld2,parte1/resultados_Bike/bike_hour_h192_n040__20260417_161356.jld2,w192,48,40,0.001,StrategySelective,Selective,1,0.16679739531949478,0.22159432828347622,0.05112026691205316,-0.09660085576963169,0.26476695983493903,37,0.03979086875915527,0.5487349033355713,,12,12,true
bike_hour_h192_n040__20260417_161356.jld2,parte1/resultados_Bike/bike_hour_h192_n040__20260417_161356.jld2,w192,88,40,0.0001,StrategySelective,Selective,1,0.11577938460938433,0.17311406076856176,0.03135635711380913,0.32198405678972314,0.20777667607728792,37,3.2367470264434814,4.08191990852356,,12,12,true
bike_hour_h192_n040__20260417_161356.jld2,parte1/resultados_Bike/bike_hour_h192_n040__20260417_161356.jld2,w192,128,40,1.0e-5,StrategySelective,Selective,1,0.11639008894672316,0.17134469617079282,0.030689169855135874,0.3327805416491199,0.20597493119114088,37,2.6840338706970215,3.458544969558716,,12,12,true
bike_hour_h192_n040__20260417_161356.jld2,parte1/resultados_Bike/bike_hour_h192_n040__20260417_161356.jld2,w192,168,40,1.0e-6,StrategySelective,Selective,1,0.11439180540015133,0.17106671337819415,0.030677773354308137,0.34189372626706027,0.204850241399435,37,2.48524808883667,3.1021268367767334,,12,12,true
bike_hour_h192_n040__20260417_161356.jld2,parte1/resultados_Bike/bike_hour_h192_n040__20260417_161356.jld2,w192,208,40,1.0e-7,StrategySelective,Selective,1,0.1143823808401558,0.17108477451892312,0.03068519691223302,0.34184800024518114,0.2048626484108499,37,3.4692599773406982,3.9561660289764404,,12,12,true
bike_hour_h192_n040__20260417_161356.jld2,parte1/resultados_Bike/bike_hour_h192_n040__20260417_161356.jld2,w192,248,40,0.01,StrategySelectiveWithConstantOptimization,Selective+ConstOpt,1,0.16679739531949478,0.22159432828347622,0.05112026691205316,-0.09660085576963169,0.26476695983493903,37,0.5100929737091064,1.2945899963378906,,12,12,true
bike_hour_h192_n040__20260417_161356.jld2,parte1/resultados_Bike/bike_hour_h192_n040__20260417_161356.jld2,w192,288,40,0.001,StrategySelectiveWithConstantOptimization,Selective+ConstOpt,1,0.16679739531949478,0.22159432828347622,0.05112026691205316,-0.09660085576963169,0.26476695983493903,37,0.036814212799072266,0.5274238586425781,,12,12,true
bike_hour_h192_n040__20260417_161356.jld2,parte1/resultados_Bike/bike_hour_h192_n040__20260417_161356.jld2,w192,328,40,0.0001,StrategySelectiveWithConstantOptimization,Selective+ConstOpt,1,0.11741468306490163,0.1744408785191284,0.03168106689137227,0.30365508421577314,0.21017473789846805,37,1.8645391464233398,2.5337250232696533,,12,12,true
bike_hour_h192_n040__20260417_161356.jld2,parte1/resultados_Bike/bike_hour_h192_n040__20260417_161356.jld2,w192,368,40,1.0e-5,StrategySelectiveWithConstantOptimization,Selective+ConstOpt,1,0.1132373493976658,0.1657467550352311,0.028676095334740543,0.3697401154151248,0.1998206613076673,37,2.415130853652954,2.931380033493042,,12,12,true
bike_hour_h192_n040__20260417_161356.jld2,parte1/resultados_Bike/bike_hour_h192_n040__20260417_161356.jld2,w192,408,40,1.0e-6,StrategySelectiveWithConstantOptimization,Selective+ConstOpt,1,0.1145091180345908,0.17100868966755534,0.030648029083265173,0.3428865935631768,0.20473583415133342,37,2.0827410221099854,2.57377290725708,,12,12,true
bike_hour_h192_n040__20260417_161356.jld2,parte1/resultados_Bike/bike_hour_h192_n040__20260417_161356.jld2,w192,448,40,1.0e-7,StrategySelectiveWithConstantOptimization,Selective+ConstOpt,1,0.11675823216279721,0.17460368338966636,0.03183165792592077,0.31102403845454685,0.20949291939598483,37,11.195259809494019,11.835981130599976,,12,12,true
bike_hour_h192_n045__20260417_161356.jld2,parte1/resultados_Bike/bike_hour_h192_n045__20260417_161356.jld2,w192,9,45,0.01,StrategySelective,Selective,1,0.16679739531949478,0.22159432828347622,0.05112026691205316,-0.09660085576963169,0.26476695983493903,37,6.952888011932373,9.956059217453003,,12,12,true
bike_hour_h192_n045__20260417_161356.jld2,parte1/resultados_Bike/bike_hour_h192_n045__20260417_161356.jld2,w192,49,45,0.001,StrategySelective,Selective,1,0.16679739531949478,0.22159432828347622,0.05112026691205316,-0.09660085576963169,0.26476695983493903,37,0.0413210391998291,0.5636351108551025,,12,12,true
bike_hour_h192_n045__20260417_161356.jld2,parte1/resultados_Bike/bike_hour_h192_n045__20260417_161356.jld2,w192,89,45,0.0001,StrategySelective,Selective,1,0.1140204499389634,0.1677109341347509,0.029304811739690736,0.34967976031171827,0.20268971497275906,37,3.863795042037964,4.702157974243164,,12,12,true
bike_hour_h192_n045__20260417_161356.jld2,parte1/resultados_Bike/bike_hour_h192_n045__20260417_161356.jld2,w192,129,45,1.0e-5,StrategySelective,Selective,1,0.11476369668053452,0.1677976518733834,0.029371680668991727,0.3533223059720363,0.20239408318607777,37,2.9590868949890137,3.4453721046447754,,12,12,true
bike_hour_h192_n045__20260417_161356.jld2,parte1/resultados_Bike/bike_hour_h192_n045__20260417_161356.jld2,w192,169,45,1.0e-6,StrategySelective,Selective,1,0.11305104234737196,0.16569929106491432,0.02867949120703365,0.3721099709470998,0.1995694356926169,37,3.932054042816162,4.7318360805511475,,12,12,true
bike_hour_h192_n045__20260417_161356.jld2,parte1/resultados_Bike/bike_hour_h192_n045__20260417_161356.jld2,w192,209,45,1.0e-7,StrategySelective,Selective,1,0.11306707544006427,0.16569543281094115,0.02867783191450399,0.37206074847672166,0.199571834367794,37,5.677917957305908,6.160008907318115,,12,12,true
bike_hour_h192_n045__20260417_161356.jld2,parte1/resultados_Bike/bike_hour_h192_n045__20260417_161356.jld2,w192,249,45,0.01,StrategySelectiveWithConstantOptimization,Selective+ConstOpt,1,0.16679739531949478,0.22159432828347622,0.05112026691205316,-0.09660085576963169,0.26476695983493903,37,0.5087261199951172,0.9903981685638428,,12,12,true
bike_hour_h192_n045__20260417_161356.jld2,parte1/resultados_Bike/bike_hour_h192_n045__20260417_161356.jld2,w192,289,45,0.001,StrategySelectiveWithConstantOptimization,Selective+ConstOpt,1,0.16679739531949478,0.22159432828347622,0.05112026691205316,-0.09660085576963169,0.26476695983493903,37,0.03718209266662598,0.522036075592041,,12,12,true
bike_hour_h192_n045__20260417_161356.jld2,parte1/resultados_Bike/bike_hour_h192_n045__20260417_161356.jld2,w192,329,45,0.0001,StrategySelectiveWithConstantOptimization,Selective+ConstOpt,1,0.11603083435802758,0.16725270478883306,0.02901579050918685,0.34374375411696295,0.20293943870916595,37,2.7435710430145264,3.6261329650878906,,12,12,true
bike_hour_h192_n045__20260417_161356.jld2,parte1/resultados_Bike/bike_hour_h192_n045__20260417_161356.jld2,w192,369,45,1.0e-5,StrategySelectiveWithConstantOptimization,Selective+ConstOpt,1,0.10410666860572329,0.14955156937661584,0.023180570277851486,0.4576517882045141,0.18294157886976692,37,2.979943037033081,3.461949110031128,,12,12,true
bike_hour_h192_n045__20260417_161356.jld2,parte1/resultados_Bike/bike_hour_h192_n045__20260417_161356.jld2,w192,409,45,1.0e-6,StrategySelectiveWithConstantOptimization,Selective+ConstOpt,1,0.11305046220297171,0.1657103188964231,0.02868371182962389,0.3720620998879627,0.19957885581712365,37,3.130272150039673,3.6116530895233154,,12,12,true
bike_hour_h192_n045__20260417_161356.jld2,parte1/resultados_Bike/bike_hour_h192_n045__20260417_161356.jld2,w192,449,45,1.0e-7,StrategySelectiveWithConstantOptimization,Selective+ConstOpt,1,0.10341433578061161,0.15233842693413555,0.02401083430379821,0.4549118238097052,0.18493753107701028,37,38.83330798149109,39.563443183898926,,12,12,true
bike_hour_h192_n050__20260417_161356.jld2,parte1/resultados_Bike/bike_hour_h192_n050__20260417_161356.jld2,w192,10,50,0.01,StrategySelective,Selective,1,0.16679739531949478,0.22159432828347622,0.05112026691205316,-0.09660085576963169,0.26476695983493903,37,6.949208974838257,9.946805953979492,,12,12,true
bike_hour_h192_n050__20260417_161356.jld2,parte1/resultados_Bike/bike_hour_h192_n050__20260417_161356.jld2,w192,50,50,0.001,StrategySelective,Selective,1,0.16679739531949478,0.22159432828347622,0.05112026691205316,-0.09660085576963169,0.26476695983493903,37,0.04086184501647949,0.5435879230499268,,12,12,true
bike_hour_h192_n050__20260417_161356.jld2,parte1/resultados_Bike/bike_hour_h192_n050__20260417_161356.jld2,w192,90,50,0.0001,StrategySelective,Selective,1,0.11358255913594857,0.16588324631368392,0.028642637620286158,0.35956294608903183,0.20084130239937958,37,4.512081861495972,5.472292900085449,,12,12,true
bike_hour_h192_n050__20260417_161356.jld2,parte1/resultados_Bike/bike_hour_h192_n050__20260417_161356.jld2,w192,130,50,1.0e-5,StrategySelective,Selective,1,0.11394663004353671,0.16583641372684385,0.0286607220254911,0.3646482047248928,0.20036929141232523,37,4.258339881896973,4.75166392326355,,12,12,true
bike_hour_h192_n050__20260417_161356.jld2,parte1/resultados_Bike/bike_hour_h192_n050__20260417_161356.jld2,w192,170,50,1.0e-6,StrategySelective,Selective,1,0.1130759306342038,0.16568370997266343,0.028675315771547305,0.3722152891654693,0.1995492125248319,37,4.101103067398071,4.584352016448975,,12,12,true
bike_hour_h192_n050__20260417_161356.jld2,parte1/resultados_Bike/bike_hour_h192_n050__20260417_161356.jld2,w192,210,50,1.0e-7,StrategySelective,Selective,1,0.11086287706981245,0.16282449313341094,0.027694932086347,0.3931841592305257,0.19615974487799945,37,7.086331129074097,7.569225072860718,,12,12,true
bike_hour_h192_n050__20260417_161356.jld2,parte1/resultados_Bike/bike_hour_h192_n050__20260417_161356.jld2,w192,250,50,0.01,StrategySelectiveWithConstantOptimization,Selective+ConstOpt,1,0.16679739531949478,0.22159432828347622,0.05112026691205316,-0.09660085576963169,0.26476695983493903,37,0.49292492866516113,0.9728760719299316,,12,12,true
bike_hour_h192_n050__20260417_161356.jld2,parte1/resultados_Bike/bike_hour_h192_n050__20260417_161356.jld2,w192,290,50,0.001,StrategySelectiveWithConstantOptimization,Selective+ConstOpt,1,0.16679739531949478,0.22159432828347622,0.05112026691205316,-0.09660085576963169,0.26476695983493903,37,0.034071922302246094,0.5254690647125244,,12,12,true
bike_hour_h192_n050__20260417_161356.jld2,parte1/resultados_Bike/bike_hour_h192_n050__20260417_161356.jld2,w192,330,50,0.0001,StrategySelectiveWithConstantOptimization,Selective+ConstOpt,1,0.11550480473299399,0.16494202732353588,0.028326860151018873,0.3712983544222916,0.1992152822756125,37,3.065887928009033,4.01994514465332,,12,12,true
bike_hour_h192_n050__20260417_161356.jld2,parte1/resultados_Bike/bike_hour_h192_n050__20260417_161356.jld2,w192,370,50,1.0e-5,StrategySelectiveWithConstantOptimization,Selective+ConstOpt,1,0.1046396529257423,0.14946560267043812,0.023151659278455423,0.45874631754104184,0.18280497796409745,37,3.4721779823303223,3.958423137664795,,12,12,true
bike_hour_h192_n050__20260417_161356.jld2,parte1/resultados_Bike/bike_hour_h192_n050__20260417_161356.jld2,w192,410,50,1.0e-6,StrategySelectiveWithConstantOptimization,Selective+ConstOpt,1,0.11083041006991089,0.16278789516703873,0.02768212032978302,0.3934106257877222,0.19612026427823964,37,3.754734992980957,4.2377870082855225,,12,12,true
bike_hour_h192_n050__20260417_161356.jld2,parte1/resultados_Bike/bike_hour_h192_n050__20260417_161356.jld2,w192,450,50,1.0e-7,StrategySelectiveWithConstantOptimization,Selective+ConstOpt,1,0.1029101829313764,0.1501714020226012,0.02326539644871998,0.46173583084696584,0.18303068431127892,37,50.92655301094055,51.73096299171448,,12,12,true
bike_hour_h192_n055__20260417_161356.jld2,parte1/resultados_Bike/bike_hour_h192_n055__20260417_161356.jld2,w192,11,55,0.01,StrategySelective,Selective,1,0.16679739531949478,0.22159432828347622,0.05112026691205316,-0.09660085576963169,0.26476695983493903,37,7.301768064498901,10.472434043884277,,12,12,true
bike_hour_h192_n055__20260417_161356.jld2,parte1/resultados_Bike/bike_hour_h192_n055__20260417_161356.jld2,w192,51,55,0.001,StrategySelective,Selective,1,0.16679739531949478,0.22159432828347622,0.05112026691205316,-0.09660085576963169,0.26476695983493903,37,0.04165387153625488,0.5513598918914795,,12,12,true
bike_hour_h192_n055__20260417_161356.jld2,parte1/resultados_Bike/bike_hour_h192_n055__20260417_161356.jld2,w192,91,55,0.0001,StrategySelective,Selective,1,0.11259618731326872,0.16387041180466144,0.02796234991842669,0.376464344640522,0.19824701356551672,37,5.549682855606079,6.532995939254761,,12,12,true
bike_hour_h192_n055__20260417_161356.jld2,parte1/resultados_Bike/bike_hour_h192_n055__20260417_161356.jld2,w192,131,55,1.0e-5,StrategySelective,Selective,1,0.11090205502884132,0.1624362457760099,0.02753262082111919,0.3918339156559535,0.19608638073459375,37,5.486518144607544,5.986479997634888,,12,12,true
bike_hour_h192_n055__20260417_161356.jld2,parte1/resultados_Bike/bike_hour_h192_n055__20260417_161356.jld2,w192,171,55,1.0e-6,StrategySelective,Selective,1,0.11181331309661723,0.16292469364171014,0.027690745563939186,0.3898300371557827,0.19650788912038822,37,9.146145105361938,9.630798816680908,,12,12,true
bike_hour_h192_n055__20260417_161356.jld2,parte1/resultados_Bike/bike_hour_h192_n055__20260417_161356.jld2,w192,211,55,1.0e-7,StrategySelective,Selective,1,0.11085252255527481,0.162585184261328,0.0276014661619255,0.39436125538902617,0.19592984207205527,37,8.846065998077393,9.331224918365479,,12,12,true
bike_hour_h192_n055__20260417_161356.jld2,parte1/resultados_Bike/bike_hour_h192_n055__20260417_161356.jld2,w192,251,55,0.01,StrategySelectiveWithConstantOptimization,Selective+ConstOpt,1,0.16679739531949478,0.22159432828347622,0.05112026691205316,-0.09660085576963169,0.26476695983493903,37,0.5587718486785889,1.0397298336029053,,12,12,true
bike_hour_h192_n055__20260417_161356.jld2,parte1/resultados_Bike/bike_hour_h192_n055__20260417_161356.jld2,w192,291,55,0.001,StrategySelectiveWithConstantOptimization,Selective+ConstOpt,1,0.16679739531949478,0.22159432828347622,0.05112026691205316,-0.09660085576963169,0.26476695983493903,37,0.03743410110473633,0.5237200260162354,,12,12,true
bike_hour_h192_n055__20260417_161356.jld2,parte1/resultados_Bike/bike_hour_h192_n055__20260417_161356.jld2,w192,331,55,0.0001,StrategySelectiveWithConstantOptimization,Selective+ConstOpt,1,0.11685753902435234,0.16378924798878852,0.027932754588095177,0.3786602636570599,0.19793976210185657,37,4.198517799377441,5.029658794403076,,12,12,true
bike_hour_h192_n055__20260417_161356.jld2,parte1/resultados_Bike/bike_hour_h192_n055__20260417_161356.jld2,w192,371,55,1.0e-5,StrategySelectiveWithConstantOptimization,Selective+ConstOpt,1,0.10332990799931527,0.14411645760283776,0.0215087451401197,0.49392154059298077,0.17648089633028527,37,4.50595498085022,5.091558218002319,,12,12,true
bike_hour_h192_n055__20260417_161356.jld2,parte1/resultados_Bike/bike_hour_h192_n055__20260417_161356.jld2,w192,411,55,1.0e-6,StrategySelectiveWithConstantOptimization,Selective+ConstOpt,1,0.1096808231806398,0.1608242725252851,0.02700194067895024,0.404408175336472,0.19408799528589651,37,5.236263990402222,5.721118927001953,,12,12,true
bike_hour_h192_n055__20260417_161356.jld2,parte1/resultados_Bike/bike_hour_h192_n055__20260417_161356.jld2,w192,451,55,1.0e-7,StrategySelectiveWithConstantOptimization,Selective+ConstOpt,1,0.10002347774046468,0.1438621911736646,0.021216859096632523,0.4779312234810291,0.17743281787597215,37,71.17302703857422,71.75872087478638,,12,12,true
bike_hour_h192_n060__20260417_161356.jld2,parte1/resultados_Bike/bike_hour_h192_n060__20260417_161356.jld2,w192,12,60,0.01,StrategySelective,Selective,1,0.16679739531949478,0.22159432828347622,0.05112026691205316,-0.09660085576963169,0.26476695983493903,37,7.680602073669434,11.064733028411865,,12,12,true
bike_hour_h192_n060__20260417_161356.jld2,parte1/resultados_Bike/bike_hour_h192_n060__20260417_161356.jld2,w192,52,60,0.001,StrategySelective,Selective,1,0.16679739531949478,0.22159432828347622,0.05112026691205316,-0.09660085576963169,0.26476695983493903,37,0.04362297058105469,0.5621750354766846,,12,12,true
bike_hour_h192_n060__20260417_161356.jld2,parte1/resultados_Bike/bike_hour_h192_n060__20260417_161356.jld2,w192,92,60,0.0001,StrategySelective,Selective,1,0.11275998883049838,0.16423359407802368,0.02809389507087654,0.3747464221484071,0.19859217229326376,37,6.125564813613892,7.149808883666992,,12,12,true
bike_hour_h192_n060__20260417_161356.jld2,parte1/resultados_Bike/bike_hour_h192_n060__20260417_161356.jld2,w192,132,60,1.0e-5,StrategySelective,Selective,1,0.11094866116119265,0.1624370105100743,0.02753171470865186,0.39182849946984755,0.19608783594247478,37,6.08160400390625,6.586905002593994,,12,12,true
bike_hour_h192_n060__20260417_161356.jld2,parte1/resultados_Bike/bike_hour_h192_n060__20260417_161356.jld2,w192,172,60,1.0e-6,StrategySelective,Selective,1,0.10269074980707427,0.13801918756600792,0.019562211841552525,0.5385559736394623,0.16886301558142866,37,10.488801002502441,11.055520057678223,,12,12,true
bike_hour_h192_n060__20260417_161356.jld2,parte1/resultados_Bike/bike_hour_h192_n060__20260417_161356.jld2,w192,212,60,1.0e-7,StrategySelective,Selective,1,0.11025702865657955,0.1619574554917354,0.02738598764632111,0.39856348640291,0.19520787598226377,37,15.89478611946106,16.406094074249268,,12,12,true
bike_hour_h192_n060__20260417_161356.jld2,parte1/resultados_Bike/bike_hour_h192_n060__20260417_161356.jld2,w192,252,60,0.01,StrategySelectiveWithConstantOptimization,Selective+ConstOpt,1,0.16679739531949478,0.22159432828347622,0.05112026691205316,-0.09660085576963169,0.26476695983493903,37,0.6025431156158447,1.1002919673919678,,12,12,true
bike_hour_h192_n060__20260417_161356.jld2,parte1/resultados_Bike/bike_hour_h192_n060__20260417_161356.jld2,w192,292,60,0.001,StrategySelectiveWithConstantOptimization,Selective+ConstOpt,1,0.16679739531949478,0.22159432828347622,0.05112026691205316,-0.09660085576963169,0.26476695983493903,37,0.041040897369384766,0.5454399585723877,,12,12,true
bike_hour_h192_n060__20260417_161356.jld2,parte1/resultados_Bike/bike_hour_h192_n060__20260417_161356.jld2,w192,332,60,0.0001,StrategySelectiveWithConstantOptimization,Selective+ConstOpt,1,0.11635250456534363,0.164052075425433,0.028005851409599696,0.376973896338298,0.19824303711148847,37,4.644161939620972,5.454654216766357,,12,12,true
bike_hour_h192_n060__20260417_161356.jld2,parte1/resultados_Bike/bike_hour_h192_n060__20260417_161356.jld2,w192,372,60,1.0e-5,StrategySelectiveWithConstantOptimization,Selective+ConstOpt,1,0.10171864462962635,0.13891328848595788,0.019919652534603233,0.5251214391411756,0.17050138578176174,37,6.596106052398682,7.2043070793151855,,12,12,true
bike_hour_h192_n060__20260417_161356.jld2,parte1/resultados_Bike/bike_hour_h192_n060__20260417_161356.jld2,w192,412,60,1.0e-6,StrategySelectiveWithConstantOptimization,Selective+ConstOpt,1,0.10998998311568926,0.16082219074505416,0.02699566234571712,0.40440625370471656,0.19408872512322556,37,6.044329881668091,6.552527189254761,,12,12,true
bike_hour_h192_n060__20260417_161356.jld2,parte1/resultados_Bike/bike_hour_h192_n060__20260417_161356.jld2,w192,452,60,1.0e-7,StrategySelectiveWithConstantOptimization,Selective+ConstOpt,1,0.09578150513945666,0.13433553166975906,0.0185716088902525,0.5433450584805323,0.16570073598758037,37,121.86328387260437,122.46849298477173,,12,12,true
bike_hour_h192_n065__20260417_161356.jld2,parte1/resultados_Bike/bike_hour_h192_n065__20260417_161356.jld2,w192,13,65,0.01,StrategySelective,Selective,1,0.16679739531949478,0.22159432828347622,0.05112026691205316,-0.09660085576963169,0.26476695983493903,37,7.815445184707642,11.187186002731323,,12,12,true
bike_hour_h192_n065__20260417_161356.jld2,parte1/resultados_Bike/bike_hour_h192_n065__20260417_161356.jld2,w192,53,65,0.001,StrategySelective,Selective,1,0.16679739531949478,0.22159432828347622,0.05112026691205316,-0.09660085576963169,0.26476695983493903,37,0.043708086013793945,0.5711841583251953,,12,12,true
bike_hour_h192_n065__20260417_161356.jld2,parte1/resultados_Bike/bike_hour_h192_n065__20260417_161356.jld2,w192,93,65,0.0001,StrategySelective,Selective,1,0.10965400992556741,0.1591408825376658,0.026381447718015913,0.4079767528777742,0.1928507277164566,37,7.438143014907837,8.593950986862183,,12,12,true
bike_hour_h192_n065__20260417_161356.jld2,parte1/resultados_Bike/bike_hour_h192_n065__20260417_161356.jld2,w192,133,65,1.0e-5,StrategySelective,Selective,1,0.10281897385898162,0.14499870383570893,0.021719440469618205,0.4727461107430367,0.1786443366072525,37,7.251051902770996,7.83277702331543,,12,12,true
bike_hour_h192_n065__20260417_161356.jld2,parte1/resultados_Bike/bike_hour_h192_n065__20260417_161356.jld2,w192,173,65,1.0e-6,StrategySelective,Selective,1,0.1162074090749913,0.14120174422930412,0.020589137416072156,0.519089903532924,0.1721370104790608,37,20.946192026138306,21.446748971939087,,12,12,true
bike_hour_h192_n065__20260417_161356.jld2,parte1/resultados_Bike/bike_hour_h192_n065__20260417_161356.jld2,w192,213,65,1.0e-7,StrategySelective,Selective,1,0.11030070256575378,0.1618551535807609,0.027357356062264068,0.399847194177522,0.19502896386165608,37,17.699342012405396,18.2272629737854,,12,12,true
bike_hour_h192_n065__20260417_161356.jld2,parte1/resultados_Bike/bike_hour_h192_n065__20260417_161356.jld2,w192,253,65,0.01,StrategySelectiveWithConstantOptimization,Selective+ConstOpt,1,0.16679739531949478,0.22159432828347622,0.05112026691205316,-0.09660085576963169,0.26476695983493903,37,0.5944890975952148,1.099431037902832,,12,12,true
bike_hour_h192_n065__20260417_161356.jld2,parte1/resultados_Bike/bike_hour_h192_n065__20260417_161356.jld2,w192,293,65,0.001,StrategySelectiveWithConstantOptimization,Selective+ConstOpt,1,0.16679739531949478,0.22159432828347622,0.05112026691205316,-0.09660085576963169,0.26476695983493903,37,0.04236912727355957,0.5471248626708984,,12,12,true
bike_hour_h192_n065__20260417_161356.jld2,parte1/resultados_Bike/bike_hour_h192_n065__20260417_161356.jld2,w192,333,65,0.0001,StrategySelectiveWithConstantOptimization,Selective+ConstOpt,1,0.11457124014992277,0.15859339695773517,0.02617943272599154,0.41027227899149876,0.19227578841046167,37,5.713382959365845,6.455272197723389,,12,12,true
bike_hour_h192_n065__20260417_161356.jld2,parte1/resultados_Bike/bike_hour_h192_n065__20260417_161356.jld2,w192,373,65,1.0e-5,StrategySelectiveWithConstantOptimization,Selective+ConstOpt,1,0.10170588917376135,0.14042993144350197,0.02036633283159822,0.5180255169802529,0.17209674880271836,37,8.128221988677979,8.74170207977295,,12,12,true
bike_hour_h192_n065__20260417_161356.jld2,parte1/resultados_Bike/bike_hour_h192_n065__20260417_161356.jld2,w192,413,65,1.0e-6,StrategySelectiveWithConstantOptimization,Selective+ConstOpt,1,0.09927260559349717,0.1393579440997655,0.020102306867528032,0.5164100261615303,0.17144963743398886,37,8.095661163330078,8.600656032562256,,12,12,true
bike_hour_h192_n065__20260417_161356.jld2,parte1/resultados_Bike/bike_hour_h192_n065__20260417_161356.jld2,w192,453,65,1.0e-7,StrategySelectiveWithConstantOptimization,Selective+ConstOpt,1,0.09444705209415187,0.13330899872171312,0.01828815375286829,0.5485006598681537,0.16453404323355275,37,145.08574604988098,145.68171000480652,,12,12,true
bike_hour_h192_n070__20260417_161356.jld2,parte1/resultados_Bike/bike_hour_h192_n070__20260417_161356.jld2,w192,14,70,0.01,StrategySelective,Selective,1,0.16679739531949478,0.22159432828347622,0.05112026691205316,-0.09660085576963169,0.26476695983493903,37,7.846196174621582,11.217424869537354,,12,12,true
bike_hour_h192_n070__20260417_161356.jld2,parte1/resultados_Bike/bike_hour_h192_n070__20260417_161356.jld2,w192,54,70,0.001,StrategySelective,Selective,1,0.16679739531949478,0.22159432828347622,0.05112026691205316,-0.09660085576963169,0.26476695983493903,37,0.04453611373901367,0.5717480182647705,,12,12,true
bike_hour_h192_n070__20260417_161356.jld2,parte1/resultados_Bike/bike_hour_h192_n070__20260417_161356.jld2,w192,94,70,0.0001,StrategySelective,Selective,1,0.10897086178944035,0.1569309628592025,0.025675396903490112,0.4264115932450951,0.18995458264732057,37,8.851532936096191,10.11037302017212,,12,12,true
bike_hour_h192_n070__20260417_161356.jld2,parte1/resultados_Bike/bike_hour_h192_n070__20260417_161356.jld2,w192,134,70,1.0e-5,StrategySelective,Selective,1,0.1047894177679548,0.15012956513236705,0.023347162655687183,0.44808891257363126,0.18395755508638376,37,9.61725902557373,10.357663869857788,,12,12,true
bike_hour_h192_n070__20260417_161356.jld2,parte1/resultados_Bike/bike_hour_h192_n070__20260417_161356.jld2,w192,174,70,1.0e-6,StrategySelective,Selective,1,0.14000982496932668,0.15860572488103838,0.025961089738863543,0.3918713391840257,0.19339802778053808,37,25.36848783493042,25.870129108428955,,12,12,true
bike_hour_h192_n070__20260417_161356.jld2,parte1/resultados_Bike/bike_hour_h192_n070__20260417_161356.jld2,w192,214,70,1.0e-7,StrategySelective,Selective,1,0.1093977741973132,0.15989724957242307,0.02668954523393574,0.4114904482607612,0.19293069002949934,37,22.264616012573242,22.764718055725098,,12,12,true
bike_hour_h192_n070__20260417_161356.jld2,parte1/resultados_Bike/bike_hour_h192_n070__20260417_161356.jld2,w192,254,70,0.01,StrategySelectiveWithConstantOptimization,Selective+ConstOpt,1,0.16679739531949478,0.22159432828347622,0.05112026691205316,-0.09660085576963169,0.26476695983493903,37,0.6101458072662354,1.0983350276947021,,12,12,true
bike_hour_h192_n070__20260417_161356.jld2,parte1/resultados_Bike/bike_hour_h192_n070__20260417_161356.jld2,w192,294,70,0.001,StrategySelectiveWithConstantOptimization,Selective+ConstOpt,1,0.16679739531949478,0.22159432828347622,0.05112026691205316,-0.09660085576963169,0.26476695983493903,37,0.03804421424865723,0.9514060020446777,,12,12,true
bike_hour_h192_n070__20260417_161356.jld2,parte1/resultados_Bike/bike_hour_h192_n070__20260417_161356.jld2,w192,334,70,0.0001,StrategySelectiveWithConstantOptimization,Selective+ConstOpt,1,0.11419778885264294,0.1578166307191004,0.02593849361199808,0.41690491948604536,0.19124737491466487,37,7.177907943725586,7.776156902313232,,12,12,true
bike_hour_h192_n070__20260417_161356.jld2,parte1/resultados_Bike/bike_hour_h192_n070__20260417_161356.jld2,w192,374,70,1.0e-5,StrategySelectiveWithConstantOptimization,Selective+ConstOpt,1,0.10081683074432023,0.13970184651632003,0.02016520440236603,0.5241217908995747,0.17112331980870174,37,8.573559999465942,9.075244903564453,,12,12,true
bike_hour_h192_n070__20260417_161356.jld2,parte1/resultados_Bike/bike_hour_h192_n070__20260417_161356.jld2,w192,414,70,1.0e-6,StrategySelectiveWithConstantOptimization,Selective+ConstOpt,1,0.09191034532300812,0.1332920826691108,0.018370473383583046,0.5480175361690967,0.16466473460436135,37,12.072913885116577,12.622465133666992,,12,12,true
bike_hour_h192_n070__20260417_161356.jld2,parte1/resultados_Bike/bike_hour_h192_n070__20260417_161356.jld2,w192,454,70,1.0e-7,StrategySelectiveWithConstantOptimization,Selective+ConstOpt,1,0.09389949152592206,0.13286054468850086,0.01816198463267471,0.5505075727098379,0.1640495631360359,37,150.4854748249054,151.1025149822235,,12,12,true
bike_hour_h192_n075__20260417_161356.jld2,parte1/resultados_Bike/bike_hour_h192_n075__20260417_161356.jld2,w192,15,75,0.01,StrategySelective,Selective,1,0.16679739531949478,0.22159432828347622,0.05112026691205316,-0.09660085576963169,0.26476695983493903,37,7.781893968582153,11.165765047073364,,12,12,true
bike_hour_h192_n075__20260417_161356.jld2,parte1/resultados_Bike/bike_hour_h192_n075__20260417_161356.jld2,w192,55,75,0.001,StrategySelective,Selective,1,0.16679739531949478,0.22159432828347622,0.05112026691205316,-0.09660085576963169,0.26476695983493903,37,0.042822837829589844,0.5603418350219727,,12,12,true
bike_hour_h192_n075__20260417_161356.jld2,parte1/resultados_Bike/bike_hour_h192_n075__20260417_161356.jld2,w192,95,75,0.0001,StrategySelective,Selective,1,0.10763022013020161,0.1532887797344473,0.02452304780036285,0.4502042921021684,0.18574977848066884,37,10.50368881225586,11.751467943191528,,12,12,true
bike_hour_h192_n075__20260417_161356.jld2,parte1/resultados_Bike/bike_hour_h192_n075__20260417_161356.jld2,w192,135,75,1.0e-5,StrategySelective,Selective,1,0.10370660625903401,0.14947168005590958,0.023158324902448582,0.4549799446330997,0.18298120724125588,37,10.648870944976807,11.390936136245728,,12,12,true
bike_hour_h192_n075__20260417_161356.jld2,parte1/resultados_Bike/bike_hour_h192_n075__20260417_161356.jld2,w192,175,75,1.0e-6,StrategySelective,Selective,1,0.13985860670923297,0.15841446568119125,0.025893825373254756,0.39376457875706167,0.19314456990789788,37,27.00214695930481,27.505918979644775,,12,12,true
bike_hour_h192_n075__20260417_161356.jld2,parte1/resultados_Bike/bike_hour_h192_n075__20260417_161356.jld2,w192,215,75,1.0e-7,StrategySelective,Selective,1,0.10881840291657383,0.1588077053012598,0.026361172723321048,0.42223027046414796,0.19130972302931584,37,35.455403089523315,35.951432943344116,,12,12,true
bike_hour_h192_n075__20260417_161356.jld2,parte1/resultados_Bike/bike_hour_h192_n075__20260417_161356.jld2,w192,255,75,0.01,StrategySelectiveWithConstantOptimization,Selective+ConstOpt,1,0.16679739531949478,0.22159432828347622,0.05112026691205316,-0.09660085576963169,0.26476695983493903,37,0.5896608829498291,1.083392858505249,,12,12,true
bike_hour_h192_n075__20260417_161356.jld2,parte1/resultados_Bike/bike_hour_h192_n075__20260417_161356.jld2,w192,295,75,0.001,StrategySelectiveWithConstantOptimization,Selective+ConstOpt,1,0.16679739531949478,0.22159432828347622,0.05112026691205316,-0.09660085576963169,0.26476695983493903,37,0.038555145263671875,0.5411331653594971,,12,12,true
bike_hour_h192_n075__20260417_161356.jld2,parte1/resultados_Bike/bike_hour_h192_n075__20260417_161356.jld2,w192,335,75,0.0001,StrategySelectiveWithConstantOptimization,Selective+ConstOpt,1,0.11318928704045371,0.15657447572859012,0.02551321196075331,0.42271698003963565,0.19004028771724824,37,8.55296015739441,9.150187969207764,,12,12,true
bike_hour_h192_n075__20260417_161356.jld2,parte1/resultados_Bike/bike_hour_h192_n075__20260417_161356.jld2,w192,375,75,1.0e-5,StrategySelectiveWithConstantOptimization,Selective+ConstOpt,1,0.09888455062180504,0.13773758981574735,0.019604550232318545,0.5335157282648646,0.16903428188527228,37,8.6091890335083,9.11302399635315,,12,12,true
bike_hour_h192_n075__20260417_161356.jld2,parte1/resultados_Bike/bike_hour_h192_n075__20260417_161356.jld2,w192,415,75,1.0e-6,StrategySelectiveWithConstantOptimization,Selective+ConstOpt,1,0.08980771407340292,0.1319762748075989,0.01801115503209387,0.573298154699906,0.16180153838321554,37,20.834430932998657,21.32768678665161,,12,12,true
bike_hour_h192_n075__20260417_161356.jld2,parte1/resultados_Bike/bike_hour_h192_n075__20260417_161356.jld2,w192,455,75,1.0e-7,StrategySelectiveWithConstantOptimization,Selective+ConstOpt,1,0.09400026615100243,0.1314116119863479,0.017782507971094038,0.5602829602916569,0.16222834728835694,37,245.51066994667053,246.10598993301392,,12,12,true
bike_hour_h192_n080__20260417_161356.jld2,parte1/resultados_Bike/bike_hour_h192_n080__20260417_161356.jld2,w192,16,80,0.01,StrategySelective,Selective,1,0.16679739531949478,0.22159432828347622,0.05112026691205316,-0.09660085576963169,0.26476695983493903,37,7.876132965087891,11.294135808944702,,12,12,true
bike_hour_h192_n080__20260417_161356.jld2,parte1/resultados_Bike/bike_hour_h192_n080__20260417_161356.jld2,w192,56,80,0.001,StrategySelective,Selective,1,0.16679739531949478,0.22159432828347622,0.05112026691205316,-0.09660085576963169,0.26476695983493903,37,0.04317188262939453,0.569464921951294,,12,12,true
bike_hour_h192_n080__20260417_161356.jld2,parte1/resultados_Bike/bike_hour_h192_n080__20260417_161356.jld2,w192,96,80,0.0001,StrategySelective,Selective,1,0.10757326235409362,0.15243777764541702,0.024245982643450535,0.4536375890032994,0.18494715190049546,37,11.56779408454895,12.937419891357422,,12,12,true
bike_hour_h192_n080__20260417_161356.jld2,parte1/resultados_Bike/bike_hour_h192_n080__20260417_161356.jld2,w192,136,80,1.0e-5,StrategySelective,Selective,1,0.10287454097544922,0.14827365136308512,0.022808898313458236,0.46790203858168555,0.18120699410843516,37,12.646076202392578,13.391638040542603,,12,12,true
bike_hour_h192_n080__20260417_161356.jld2,parte1/resultados_Bike/bike_hour_h192_n080__20260417_161356.jld2,w192,176,80,1.0e-6,StrategySelective,Selective,1,0.13550291402531894,0.15409436735349843,0.024440960657445495,0.41395806236234595,0.1888186072625425,37,35.24202609062195,35.8328812122345,,12,12,true
bike_hour_h192_n080__20260417_161356.jld2,parte1/resultados_Bike/bike_hour_h192_n080__20260417_161356.jld2,w192,216,80,1.0e-7,StrategySelective,Selective,1,0.11114274914117153,0.1507004012143897,0.023588551871659997,0.46734796913729876,0.18282511217702996,37,46.987096071243286,47.491371870040894,,12,12,true
bike_hour_h192_n080__20260417_161356.jld2,parte1/resultados_Bike/bike_hour_h192_n080__20260417_161356.jld2,w192,256,80,0.01,StrategySelectiveWithConstantOptimization,Selective+ConstOpt,1,0.16679739531949478,0.22159432828347622,0.05112026691205316,-0.09660085576963169,0.26476695983493903,37,0.5793049335479736,1.0811550617218018,,12,12,true
bike_hour_h192_n080__20260417_161356.jld2,parte1/resultados_Bike/bike_hour_h192_n080__20260417_161356.jld2,w192,296,80,0.001,StrategySelectiveWithConstantOptimization,Selective+ConstOpt,1,0.16679739531949478,0.22159432828347622,0.05112026691205316,-0.09660085576963169,0.26476695983493903,37,0.038516998291015625,0.5240380764007568,,12,12,true
bike_hour_h192_n080__20260417_161356.jld2,parte1/resultados_Bike/bike_hour_h192_n080__20260417_161356.jld2,w192,336,80,0.0001,StrategySelectiveWithConstantOptimization,Selective+ConstOpt,1,0.11182958584992966,0.15540355877988174,0.02513846749455806,0.4336078096402251,0.1884315144037809,37,10.965000867843628,11.451740026473999,,12,12,true
bike_hour_h192_n080__20260417_161356.jld2,parte1/resultados_Bike/bike_hour_h192_n080__20260417_161356.jld2,w192,376,80,1.0e-5,StrategySelectiveWithConstantOptimization,Selective+ConstOpt,1,0.09843706318389997,0.13580798728266483,0.019020892949133995,0.5426363640913717,0.16698503072909024,37,10.52148699760437,11.016654014587402,,12,12,true
bike_hour_h192_n080__20260417_161356.jld2,parte1/resultados_Bike/bike_hour_h192_n080__20260417_161356.jld2,w192,416,80,1.0e-6,StrategySelectiveWithConstantOptimization,Selective+ConstOpt,1,0.08766334776069215,0.12746750964527434,0.016713119233149255,0.5883071716007818,0.1574099358518349,37,32.062581062316895,32.56646680831909,,12,12,true
bike_hour_h192_n080__20260417_161356.jld2,parte1/resultados_Bike/bike_hour_h192_n080__20260417_161356.jld2,w192,456,80,1.0e-7,StrategySelectiveWithConstantOptimization,Selective+ConstOpt,1,0.09323025444100794,0.13063761381255276,0.01758167127627957,0.5685868237746773,0.1610862181100333,37,213.04008793830872,213.6376359462738,,12,12,true
bike_hour_h192_n085__20260417_161356.jld2,parte1/resultados_Bike/bike_hour_h192_n085__20260417_161356.jld2,w192,17,85,0.01,StrategySelective,Selective,1,0.16679739531949478,0.22159432828347622,0.05112026691205316,-0.09660085576963169,0.26476695983493903,37,7.783041954040527,11.176082134246826,,12,12,true
bike_hour_h192_n085__20260417_161356.jld2,parte1/resultados_Bike/bike_hour_h192_n085__20260417_161356.jld2,w192,57,85,0.001,StrategySelective,Selective,1,0.16679739531949478,0.22159432828347622,0.05112026691205316,-0.09660085576963169,0.26476695983493903,37,0.050399065017700195,0.5765180587768555,,12,12,true
bike_hour_h192_n085__20260417_161356.jld2,parte1/resultados_Bike/bike_hour_h192_n085__20260417_161356.jld2,w192,97,85,0.0001,StrategySelective,Selective,1,0.09970326856664681,0.14144910816375025,0.020791158153631462,0.5124496093235403,0.17308882635754164,37,11.393519878387451,12.745603084564209,,12,12,true
bike_hour_h192_n085__20260417_161356.jld2,parte1/resultados_Bike/bike_hour_h192_n085__20260417_161356.jld2,w192,137,85,1.0e-5,StrategySelective,Selective,1,0.09975626740450294,0.1402865020243701,0.020411482368001842,0.5080647905181263,0.17256599182234714,37,21.99258279800415,22.74052906036377,,12,12,true
bike_hour_h192_n085__20260417_161356.jld2,parte1/resultados_Bike/bike_hour_h192_n085__20260417_161356.jld2,w192,177,85,1.0e-6,StrategySelective,Selective,1,0.1354424655802722,0.15378685544644993,0.024347654034681372,0.41756653747281086,0.18835948785466242,37,42.49515199661255,43.07939291000366,,12,12,true
bike_hour_h192_n085__20260417_161356.jld2,parte1/resultados_Bike/bike_hour_h192_n085__20260417_161356.jld2,w192,217,85,1.0e-7,StrategySelective,Selective,1,0.11220457138332857,0.14951722616960947,0.02317371896284163,0.47740503031796583,0.18125237679158157,37,66.40097904205322,66.90968704223633,,12,12,true
bike_hour_h192_n085__20260417_161356.jld2,parte1/resultados_Bike/bike_hour_h192_n085__20260417_161356.jld2,w192,257,85,0.01,StrategySelectiveWithConstantOptimization,Selective+ConstOpt,1,0.16679739531949478,0.22159432828347622,0.05112026691205316,-0.09660085576963169,0.26476695983493903,37,0.5918030738830566,1.091275930404663,,12,12,true
bike_hour_h192_n085__20260417_161356.jld2,parte1/resultados_Bike/bike_hour_h192_n085__20260417_161356.jld2,w192,297,85,0.001,StrategySelectiveWithConstantOptimization,Selective+ConstOpt,1,0.16679739531949478,0.22159432828347622,0.05112026691205316,-0.09660085576963169,0.26476695983493903,37,0.041769981384277344,0.5483989715576172,,12,12,true
bike_hour_h192_n085__20260417_161356.jld2,parte1/resultados_Bike/bike_hour_h192_n085__20260417_161356.jld2,w192,337,85,0.0001,StrategySelectiveWithConstantOptimization,Selective+ConstOpt,1,0.11176540486641103,0.15515728524117853,0.025059266469003656,0.4345193057886471,0.18820276619396953,37,10.84646201133728,11.338658094406128,,12,12,true
bike_hour_h192_n085__20260417_161356.jld2,parte1/resultados_Bike/bike_hour_h192_n085__20260417_161356.jld2,w192,377,85,1.0e-5,StrategySelectiveWithConstantOptimization,Selective+ConstOpt,1,0.09780191096660878,0.13527509793899084,0.018867914871957714,0.546369336853395,0.1663114188889412,37,11.989480972290039,12.482906103134155,,12,12,true
bike_hour_h192_n085__20260417_161356.jld2,parte1/resultados_Bike/bike_hour_h192_n085__20260417_161356.jld2,w192,417,85,1.0e-6,StrategySelectiveWithConstantOptimization,Selective+ConstOpt,1,0.08712718575364076,0.11963663892347053,0.014641257517744493,0.6208896284490976,0.1490417131415162,37,53.86008095741272,54.405678033828735,,12,12,true
bike_hour_h192_n085__20260417_161356.jld2,parte1/resultados_Bike/bike_hour_h192_n085__20260417_161356.jld2,w192,457,85,1.0e-7,StrategySelectiveWithConstantOptimization,Selective+ConstOpt,1,0.09305101056800127,0.12465436511520722,0.015992968116807983,0.5941166189483349,0.1546414593295614,37,380.06146216392517,380.65756487846375,,12,12,true
bike_hour_h192_n090__20260417_161356.jld2,parte1/resultados_Bike/bike_hour_h192_n090__20260417_161356.jld2,w192,18,90,0.01,StrategySelective,Selective,1,0.16679739531949478,0.22159432828347622,0.05112026691205316,-0.09660085576963169,0.26476695983493903,37,7.851507902145386,11.255393028259277,,12,12,true
bike_hour_h192_n090__20260417_161356.jld2,parte1/resultados_Bike/bike_hour_h192_n090__20260417_161356.jld2,w192,58,90,0.001,StrategySelective,Selective,1,0.16679739531949478,0.22159432828347622,0.05112026691205316,-0.09660085576963169,0.26476695983493903,37,0.04503178596496582,0.5725228786468506,,12,12,true
bike_hour_h192_n090__20260417_161356.jld2,parte1/resultados_Bike/bike_hour_h192_n090__20260417_161356.jld2,w192,98,90,0.0001,StrategySelective,Selective,1,0.09830895488332321,0.13885455567611255,0.02001526282384636,0.5307907388188872,0.16984104923426183,37,13.580152034759521,14.941874027252197,,12,12,true
bike_hour_h192_n090__20260417_161356.jld2,parte1/resultados_Bike/bike_hour_h192_n090__20260417_161356.jld2,w192,138,90,1.0e-5,StrategySelective,Selective,1,0.09917488363796444,0.13989589581574255,0.020293951463248066,0.5105639992926251,0.1720950391270679,37,23.055511951446533,24.00985097885132,,12,12,true
bike_hour_h192_n090__20260417_161356.jld2,parte1/resultados_Bike/bike_hour_h192_n090__20260417_161356.jld2,w192,178,90,1.0e-6,StrategySelective,Selective,1,0.13686361863539717,0.15522447247305882,0.024785152081281774,0.4095880163256528,0.18997164166666397,37,40.61775302886963,41.13185501098633,,12,12,true
bike_hour_h192_n090__20260417_161356.jld2,parte1/resultados_Bike/bike_hour_h192_n090__20260417_161356.jld2,w192,218,90,1.0e-7,StrategySelective,Selective,1,0.11408027414320872,0.14908714722976202,0.022994785036439813,0.4792133790005074,0.1808849524438211,37,74.55865788459778,75.05656003952026,,12,12,true
bike_hour_h192_n090__20260417_161356.jld2,parte1/resultados_Bike/bike_hour_h192_n090__20260417_161356.jld2,w192,258,90,0.01,StrategySelectiveWithConstantOptimization,Selective+ConstOpt,1,0.16679739531949478,0.22159432828347622,0.05112026691205316,-0.09660085576963169,0.26476695983493903,37,0.5876729488372803,1.087212085723877,,12,12,true
bike_hour_h192_n090__20260417_161356.jld2,parte1/resultados_Bike/bike_hour_h192_n090__20260417_161356.jld2,w192,298,90,0.001,StrategySelectiveWithConstantOptimization,Selective+ConstOpt,1,0.16679739531949478,0.22159432828347622,0.05112026691205316,-0.09660085576963169,0.26476695983493903,37,0.037077903747558594,0.5444090366363525,,12,12,true
bike_hour_h192_n090__20260417_161356.jld2,parte1/resultados_Bike/bike_hour_h192_n090__20260417_161356.jld2,w192,338,90,0.0001,StrategySelectiveWithConstantOptimization,Selective+ConstOpt,1,0.10721940400672687,0.1493427584610685,0.0231381567217209,0.4637735133845098,0.1822024335306546,37,13.961874961853027,14.459290981292725,,12,12,true
bike_hour_h192_n090__20260417_161356.jld2,parte1/resultados_Bike/bike_hour_h192_n090__20260417_161356.jld2,w192,378,90,1.0e-5,StrategySelectiveWithConstantOptimization,Selective+ConstOpt,1,0.09772837002552551,0.13506907864612241,0.018804652071411698,0.5474494543661512,0.1660861013423206,37,12.74332594871521,13.241696834564209,,12,12,true
bike_hour_h192_n090__20260417_161356.jld2,parte1/resultados_Bike/bike_hour_h192_n090__20260417_161356.jld2,w192,418,90,1.0e-6,StrategySelectiveWithConstantOptimization,Selective+ConstOpt,1,0.08624716136004075,0.11857114506297678,0.014391670198376469,0.6306850308446994,0.14748316611998352,37,57.49050498008728,58.044492959976196,,12,12,true
bike_hour_h192_n090__20260417_161356.jld2,parte1/resultados_Bike/bike_hour_h192_n090__20260417_161356.jld2,w192,458,90,1.0e-7,StrategySelectiveWithConstantOptimization,Selective+ConstOpt,1,0.09283744025200989,0.12413764818691454,0.015859299688902245,0.5962263001024888,0.15408015632337538,37,415.9600508213043,416.5834729671478,,12,12,true
bike_hour_h192_n095__20260417_161356.jld2,parte1/resultados_Bike/bike_hour_h192_n095__20260417_161356.jld2,w192,19,95,0.01,StrategySelective,Selective,1,0.16679739531949478,0.22159432828347622,0.05112026691205316,-0.09660085576963169,0.26476695983493903,37,6.768234014511108,9.719583988189697,,12,12,true
bike_hour_h192_n095__20260417_161356.jld2,parte1/resultados_Bike/bike_hour_h192_n095__20260417_161356.jld2,w192,59,95,0.001,StrategySelective,Selective,1,0.16679739531949478,0.22159432828347622,0.05112026691205316,-0.09660085576963169,0.26476695983493903,37,0.04494500160217285,0.5348451137542725,,12,12,true
bike_hour_h192_n095__20260417_161356.jld2,parte1/resultados_Bike/bike_hour_h192_n095__20260417_161356.jld2,w192,99,95,0.0001,StrategySelective,Selective,1,0.09321094139906942,0.13221678301162015,0.018116244957814987,0.5615715039847265,0.16271150179270952,37,14.773509979248047,15.986337900161743,,12,12,true
bike_hour_h192_n095__20260417_161356.jld2,parte1/resultados_Bike/bike_hour_h192_n095__20260417_161356.jld2,w192,139,95,1.0e-5,StrategySelective,Selective,1,0.09709503162812096,0.13471754499104988,0.018840318336236245,0.5355431361075361,0.1663793349177581,37,24.75716495513916,25.44343090057373,,12,12,true
bike_hour_h192_n095__20260417_161356.jld2,parte1/resultados_Bike/bike_hour_h192_n095__20260417_161356.jld2,w192,179,95,1.0e-6,StrategySelective,Selective,1,0.1364996875838849,0.1547773547982157,0.02464854702190966,0.41679521727524693,0.1891454828828042,37,39.19288921356201,39.67203402519226,,12,12,true
bike_hour_h192_n095__20260417_161356.jld2,parte1/resultados_Bike/bike_hour_h192_n095__20260417_161356.jld2,w192,219,95,1.0e-7,StrategySelective,Selective,1,0.10402297154557258,0.14275975919579784,0.02098847849498866,0.5126176691329191,0.17413589043991062,37,96.36001300811768,96.8437430858612,,12,12,true
bike_hour_h192_n095__20260417_161356.jld2,parte1/resultados_Bike/bike_hour_h192_n095__20260417_161356.jld2,w192,259,95,0.01,StrategySelectiveWithConstantOptimization,Selective+ConstOpt,1,0.16679739531949478,0.22159432828347622,0.05112026691205316,-0.09660085576963169,0.26476695983493903,37,0.5017039775848389,0.972926139831543,,12,12,true
bike_hour_h192_n095__20260417_161356.jld2,parte1/resultados_Bike/bike_hour_h192_n095__20260417_161356.jld2,w192,299,95,0.001,StrategySelectiveWithConstantOptimization,Selective+ConstOpt,1,0.16679739531949478,0.22159432828347622,0.05112026691205316,-0.09660085576963169,0.26476695983493903,37,0.0342249870300293,0.5164921283721924,,12,12,true
bike_hour_h192_n095__20260417_161356.jld2,parte1/resultados_Bike/bike_hour_h192_n095__20260417_161356.jld2,w192,339,95,0.0001,StrategySelectiveWithConstantOptimization,Selective+ConstOpt,1,0.09395712621128789,0.1316104317615925,0.018021706274964088,0.5757006321346363,0.16125119982317623,37,16.15418314933777,16.804611206054688,,12,12,true
bike_hour_h192_n095__20260417_161356.jld2,parte1/resultados_Bike/bike_hour_h192_n095__20260417_161356.jld2,w192,379,95,1.0e-5,StrategySelectiveWithConstantOptimization,Selective+ConstOpt,1,0.09290107712863885,0.13065631005222433,0.017578659776723786,0.5700859009912176,0.16110667119877614,37,14.261714220046997,14.873121976852417,,12,12,true
bike_hour_h192_n095__20260417_161356.jld2,parte1/resultados_Bike/bike_hour_h192_n095__20260417_161356.jld2,w192,419,95,1.0e-6,StrategySelectiveWithConstantOptimization,Selective+ConstOpt,1,0.08590315258692112,0.11786585543121589,0.01421667585127956,0.6335164850353759,0.14671865585219357,37,58.11399507522583,58.7080659866333,,12,12,true
bike_hour_h192_n095__20260417_161356.jld2,parte1/resultados_Bike/bike_hour_h192_n095__20260417_161356.jld2,w192,459,95,1.0e-7,StrategySelectiveWithConstantOptimization,Selective+ConstOpt,1,0.09061240404604234,0.12013317571040552,0.014780375567618537,0.6147854692302172,0.14967838884519288,37,325.3828549385071,325.86257219314575,,12,12,true
bike_hour_h192_n100__20260417_161356.jld2,parte1/resultados_Bike/bike_hour_h192_n100__20260417_161356.jld2,w192,20,100,0.01,StrategySelective,Selective,1,0.16679739531949478,0.22159432828347622,0.05112026691205316,-0.09660085576963169,0.26476695983493903,37,6.77192497253418,9.736303091049194,,12,12,true
bike_hour_h192_n100__20260417_161356.jld2,parte1/resultados_Bike/bike_hour_h192_n100__20260417_161356.jld2,w192,60,100,0.001,StrategySelective,Selective,1,0.16679739531949478,0.22159432828347622,0.05112026691205316,-0.09660085576963169,0.26476695983493903,37,0.03999018669128418,0.5342190265655518,,12,12,true
bike_hour_h192_n100__20260417_161356.jld2,parte1/resultados_Bike/bike_hour_h192_n100__20260417_161356.jld2,w192,100,100,0.0001,StrategySelective,Selective,1,0.09283431568727578,0.13165456457112504,0.017963509297619223,0.5610042283749335,0.16232612606614294,37,16.696492910385132,17.90767002105713,,12,12,true
bike_hour_h192_n100__20260417_161356.jld2,parte1/resultados_Bike/bike_hour_h192_n100__20260417_161356.jld2,w192,140,100,1.0e-5,StrategySelective,Selective,1,0.09567052884555573,0.13317123232094752,0.01844686934231343,0.5508134444919233,0.16415654386937362,37,25.336639165878296,26.02573013305664,,12,12,true
bike_hour_h192_n100__20260417_161356.jld2,parte1/resultados_Bike/bike_hour_h192_n100__20260417_161356.jld2,w192,180,100,1.0e-6,StrategySelective,Selective,1,0.13311968302103777,0.15181669989279337,0.023661273595679672,0.4348204402666413,0.1858986337055755,37,45.9751091003418,46.455036878585815,,12,12,true
bike_hour_h192_n100__20260417_161356.jld2,parte1/resultados_Bike/bike_hour_h192_n100__20260417_161356.jld2,w192,220,100,1.0e-7,StrategySelective,Selective,1,0.09096387991805803,0.1291778551235097,0.017098884987693665,0.5728605980232426,0.15987022529176523,37,125.17507600784302,125.6566948890686,,12,12,true
bike_hour_h192_n100__20260417_161356.jld2,parte1/resultados_Bike/bike_hour_h192_n100__20260417_161356.jld2,w192,260,100,0.01,StrategySelectiveWithConstantOptimization,Selective+ConstOpt,1,0.16679739531949478,0.22159432828347622,0.05112026691205316,-0.09660085576963169,0.26476695983493903,37,0.4947319030761719,0.9661362171173096,,12,12,true
bike_hour_h192_n100__20260417_161356.jld2,parte1/resultados_Bike/bike_hour_h192_n100__20260417_161356.jld2,w192,300,100,0.001,StrategySelectiveWithConstantOptimization,Selective+ConstOpt,1,0.16679739531949478,0.22159432828347622,0.05112026691205316,-0.09660085576963169,0.26476695983493903,37,0.03761410713195801,0.5111539363861084,,12,12,true
bike_hour_h192_n100__20260417_161356.jld2,parte1/resultados_Bike/bike_hour_h192_n100__20260417_161356.jld2,w192,340,100,0.0001,StrategySelectiveWithConstantOptimization,Selective+ConstOpt,1,0.09130486786297988,0.12812717190188982,0.017040435871396975,0.5917980577295343,0.15750784243642818,37,17.240544080734253,17.85573387145996,,12,12,true
bike_hour_h192_n100__20260417_161356.jld2,parte1/resultados_Bike/bike_hour_h192_n100__20260417_161356.jld2,w192,380,100,1.0e-5,StrategySelectiveWithConstantOptimization,Selective+ConstOpt,1,0.09123623398291358,0.12939335507332086,0.017218309791442322,0.5739503948895396,0.1598593225383154,37,17.275791883468628,17.7553870677948,,12,12,true
bike_hour_h192_n100__20260417_161356.jld2,parte1/resultados_Bike/bike_hour_h192_n100__20260417_161356.jld2,w192,420,100,1.0e-6,StrategySelectiveWithConstantOptimization,Selective+ConstOpt,1,0.0832162158027789,0.11297261769752293,0.013072219246805317,0.658688624810467,0.14096422672605435,37,64.18702602386475,64.8543450832367,,12,12,true
bike_hour_h192_n100__20260417_161356.jld2,parte1/resultados_Bike/bike_hour_h192_n100__20260417_161356.jld2,w192,460,100,1.0e-7,StrategySelectiveWithConstantOptimization,Selective+ConstOpt,1,0.09039580859003195,0.11967305696711802,0.014661367852205325,0.6178029748244306,0.14910166803998087,37,377.1735489368439,377.66220593452454,,12,12,true
bike_hour_h192_n105__20260417_161356.jld2,parte1/resultados_Bike/bike_hour_h192_n105__20260417_161356.jld2,w192,21,105,0.01,StrategySelective,Selective,1,0.16679739531949478,0.22159432828347622,0.05112026691205316,-0.09660085576963169,0.26476695983493903,37,7.143134117126465,10.21116304397583,,12,12,true
bike_hour_h192_n105__20260417_161356.jld2,parte1/resultados_Bike/bike_hour_h192_n105__20260417_161356.jld2,w192,61,105,0.001,StrategySelective,Selective,1,0.16679739531949478,0.22159432828347622,0.05112026691205316,-0.09660085576963169,0.26476695983493903,37,0.04182910919189453,0.5509188175201416,,12,12,true
bike_hour_h192_n105__20260417_161356.jld2,parte1/resultados_Bike/bike_hour_h192_n105__20260417_161356.jld2,w192,101,105,0.0001,StrategySelective,Selective,1,0.09062690462381,0.13004775831190035,0.01754286009779099,0.5765379190016173,0.1599675674052375,37,17.55793595314026,18.96150493621826,,12,12,true
bike_hour_h192_n105__20260417_161356.jld2,parte1/resultados_Bike/bike_hour_h192_n105__20260417_161356.jld2,w192,141,105,1.0e-5,StrategySelective,Selective,1,0.09655843995528385,0.1295941419717931,0.017411132823403633,0.5588746739624423,0.16082124157413008,37,30.748971223831177,31.289840936660767,,12,12,true
bike_hour_h192_n105__20260417_161356.jld2,parte1/resultados_Bike/bike_hour_h192_n105__20260417_161356.jld2,w192,181,105,1.0e-6,StrategySelective,Selective,1,0.12996244494356973,0.14899244577143866,0.02273169110733981,0.4478068311458203,0.18308306725782286,37,59.99001097679138,60.47961497306824,,12,12,true
bike_hour_h192_n105__20260417_161356.jld2,parte1/resultados_Bike/bike_hour_h192_n105__20260417_161356.jld2,w192,221,105,1.0e-7,StrategySelective,Selective,1,0.08816881057104578,0.12691187042554317,0.016486901835793547,0.5866529777265989,0.15710533160420284,37,170.95839881896973,171.44142413139343,,12,12,true
bike_hour_h192_n105__20260417_161356.jld2,parte1/resultados_Bike/bike_hour_h192_n105__20260417_161356.jld2,w192,261,105,0.01,StrategySelectiveWithConstantOptimization,Selective+ConstOpt,1,0.16679739531949478,0.22159432828347622,0.05112026691205316,-0.09660085576963169,0.26476695983493903,37,0.5041770935058594,0.9876329898834229,,12,12,true
bike_hour_h192_n105__20260417_161356.jld2,parte1/resultados_Bike/bike_hour_h192_n105__20260417_161356.jld2,w192,301,105,0.001,StrategySelectiveWithConstantOptimization,Selective+ConstOpt,1,0.16679739531949478,0.22159432828347622,0.05112026691205316,-0.09660085576963169,0.26476695983493903,37,0.03843498229980469,0.5260999202728271,,12,12,true
bike_hour_h192_n105__20260417_161356.jld2,parte1/resultados_Bike/bike_hour_h192_n105__20260417_161356.jld2,w192,341,105,0.0001,StrategySelectiveWithConstantOptimization,Selective+ConstOpt,1,0.08186526884814707,0.11276084003517045,0.013104762486052628,0.6601129831608598,0.14053016685859526,37,18.159665822982788,18.78919005393982,,12,12,true
bike_hour_h192_n105__20260417_161356.jld2,parte1/resultados_Bike/bike_hour_h192_n105__20260417_161356.jld2,w192,381,105,1.0e-5,StrategySelectiveWithConstantOptimization,Selective+ConstOpt,1,0.09100400436037001,0.12392057959522992,0.01575748058799808,0.6040289332228368,0.15346008290664506,37,20.828826904296875,21.318740129470825,,12,12,true
bike_hour_h192_n105__20260417_161356.jld2,parte1/resultados_Bike/bike_hour_h192_n105__20260417_161356.jld2,w192,421,105,1.0e-6,StrategySelectiveWithConstantOptimization,Selective+ConstOpt,1,0.07709799388096308,0.106224418964879,0.011601440992809225,0.6836607738947243,0.13351653660729385,37,92.64399409294128,93.28363800048828,,12,12,true
bike_hour_h192_n105__20260417_161356.jld2,parte1/resultados_Bike/bike_hour_h192_n105__20260417_161356.jld2,w192,461,105,1.0e-7,StrategySelectiveWithConstantOptimization,Selective+ConstOpt,1,0.08948615724837208,0.11919309672185947,0.01456546462299827,0.6309450072685848,0.1477606709910431,37,589.2451989650726,589.7531569004059,,12,12,true
bike_hour_h192_n115__20260417_161356.jld2,parte1/resultados_Bike/bike_hour_h192_n115__20260417_161356.jld2,w192,23,115,0.01,StrategySelective,Selective,1,0.11371987716311996,0.16116879893649488,0.026959038628973232,0.40411486531159974,0.1943239627112072,37,14.070290088653564,17.54375410079956,,12,12,true
bike_hour_h192_n115__20260417_161356.jld2,parte1/resultados_Bike/bike_hour_h192_n115__20260417_161356.jld2,w192,63,115,0.001,StrategySelective,Selective,1,0.1104990535602687,0.15610586337937538,0.02518545866583265,0.4275710363861679,0.1895633688487912,37,7.072293043136597,7.684777021408081,,12,12,true
bike_hour_h192_n115__20260417_161356.jld2,parte1/resultados_Bike/bike_hour_h192_n115__20260417_161356.jld2,w192,103,115,0.0001,StrategySelective,Selective,1,0.08629431042326693,0.12321358248759345,0.015738233795177324,0.617627783957659,0.15176308310692482,37,21.024178981781006,22.11387801170349,,12,12,true
bike_hour_h192_n115__20260417_161356.jld2,parte1/resultados_Bike/bike_hour_h192_n115__20260417_161356.jld2,w192,143,115,1.0e-5,StrategySelective,Selective,1,0.09639335095655004,0.1294476287601875,0.017368150142374545,0.5600729501330864,0.1606242784245898,37,33.23591995239258,33.800159215927124,,12,12,true
bike_hour_h192_n115__20260417_161356.jld2,parte1/resultados_Bike/bike_hour_h192_n115__20260417_161356.jld2,w192,183,115,1.0e-6,StrategySelective,Selective,1,0.11812561024982997,0.13695868942596415,0.019120654501733426,0.5206753835683572,0.1693748942921389,37,87.59340715408325,88.13266897201538,,12,12,true
bike_hour_h192_n115__20260417_161356.jld2,parte1/resultados_Bike/bike_hour_h192_n115__20260417_161356.jld2,w192,223,115,1.0e-7,StrategySelective,Selective,1,0.08679993497312881,0.12302307886913011,0.015482463413013917,0.6090348195464049,0.15245185207315198,37,242.04219698905945,242.53413009643555,,12,12,true
bike_hour_h192_n115__20260417_161356.jld2,parte1/resultados_Bike/bike_hour_h192_n115__20260417_161356.jld2,w192,263,115,0.01,StrategySelectiveWithConstantOptimization,Selective+ConstOpt,1,0.11271560680551938,0.16490441777741005,0.028294303703375493,0.38381747194041793,0.19811005318285416,37,5.327224969863892,5.827883005142212,,12,12,true
bike_hour_h192_n115__20260417_161356.jld2,parte1/resultados_Bike/bike_hour_h192_n115__20260417_161356.jld2,w192,303,115,0.001,StrategySelectiveWithConstantOptimization,Selective+ConstOpt,1,0.1074914506412289,0.15305110828016016,0.0242046295840004,0.44939065559507296,0.18588497405314042,37,5.306304216384888,5.800105810165405,,12,12,true
bike_hour_h192_n115__20260417_161356.jld2,parte1/resultados_Bike/bike_hour_h192_n115__20260417_161356.jld2,w192,343,115,0.0001,StrategySelectiveWithConstantOptimization,Selective+ConstOpt,1,0.07926461671719337,0.10752665034729803,0.011914727541741662,0.689096802458866,0.13409514344099546,37,22.757040977478027,23.416133880615234,,12,12,true
bike_hour_h192_n115__20260417_161356.jld2,parte1/resultados_Bike/bike_hour_h192_n115__20260417_161356.jld2,w192,383,115,1.0e-5,StrategySelectiveWithConstantOptimization,Selective+ConstOpt,1,0.10019435229243445,0.14251268752647042,0.021822427802386756,0.5258919815673128,0.17139663913643405,37,23.073436975479126,23.57501482963562,,12,12,true
bike_hour_h192_n115__20260417_161356.jld2,parte1/resultados_Bike/bike_hour_h192_n115__20260417_161356.jld2,w192,423,115,1.0e-6,StrategySelectiveWithConstantOptimization,Selective+ConstOpt,1,0.07237167567241201,0.09898141110639809,0.010097503737404428,0.7120320153059061,0.12524743862946358,37,134.3998041152954,134.90579199790955,,12,12,true
bike_hour_h192_n115__20260417_161356.jld2,parte1/resultados_Bike/bike_hour_h192_n115__20260417_161356.jld2,w192,463,115,1.0e-7,StrategySelectiveWithConstantOptimization,Selective+ConstOpt,1,0.08982341551982745,0.11966982175651096,0.014678366954549283,0.6277581486563666,0.14835540936161248,37,553.6849980354309,554.1831891536713,,12,12,true
bike_hour_h192_n125__20260417_161356.jld2,parte1/resultados_Bike/bike_hour_h192_n125__20260417_161356.jld2,w192,25,125,0.01,StrategySelective,Selective,1,0.11371987716311996,0.16116879893649488,0.026959038628973232,0.40411486531159974,0.1943239627112072,37,15.785250902175903,19.25259494781494,,12,12,true
bike_hour_h192_n125__20260417_161356.jld2,parte1/resultados_Bike/bike_hour_h192_n125__20260417_161356.jld2,w192,65,125,0.001,StrategySelective,Selective,1,0.11128168697955712,0.15608706181276352,0.025191874997754042,0.4317220818627111,0.18912420237021285,37,9.08549690246582,9.767982959747314,,12,12,true
bike_hour_h192_n125__20260417_161356.jld2,parte1/resultados_Bike/bike_hour_h192_n125__20260417_161356.jld2,w192,105,125,0.0001,StrategySelective,Selective,1,0.0841333271217706,0.11837287801138668,0.014518773753130224,0.6464323077720521,0.14581621117297108,37,22.172003984451294,23.179339170455933,,12,12,true
bike_hour_h192_n125__20260417_161356.jld2,parte1/resultados_Bike/bike_hour_h192_n125__20260417_161356.jld2,w192,145,125,1.0e-5,StrategySelective,Selective,1,0.09504169976816683,0.12774890238269723,0.016835658100578615,0.5614334756656593,0.15928566398659189,37,37.239098072052,37.95329403877258,,12,12,true
bike_hour_h192_n125__20260417_161356.jld2,parte1/resultados_Bike/bike_hour_h192_n125__20260417_161356.jld2,w192,185,125,1.0e-6,StrategySelective,Selective,1,0.1164577013896317,0.13508029354207154,0.018618280800261428,0.5312236212992704,0.1671727679396007,37,101.88532900810242,102.43379378318787,,12,12,true
bike_hour_h192_n125__20260417_161356.jld2,parte1/resultados_Bike/bike_hour_h192_n125__20260417_161356.jld2,w192,225,125,1.0e-7,StrategySelective,Selective,1,0.08979846253071741,0.11937768253045974,0.01474534965573775,0.6295383550825865,0.14794677612011228,37,817.8472630977631,818.3342688083649,,12,12,true
bike_hour_h192_n125__20260417_161356.jld2,parte1/resultados_Bike/bike_hour_h192_n125__20260417_161356.jld2,w192,265,125,0.01,StrategySelectiveWithConstantOptimization,Selective+ConstOpt,1,0.11271560680551938,0.16490441777741005,0.028294303703375493,0.38381747194041793,0.19811005318285416,37,6.494654893875122,6.995851039886475,,12,12,true
bike_hour_h192_n125__20260417_161356.jld2,parte1/resultados_Bike/bike_hour_h192_n125__20260417_161356.jld2,w192,305,125,0.001,StrategySelectiveWithConstantOptimization,Selective+ConstOpt,1,0.10026921698826276,0.14165905188301187,0.020656406665314653,0.508727152782975,0.1736763746985479,37,7.383609056472778,7.873371839523315,,12,12,true
bike_hour_h192_n125__20260417_161356.jld2,parte1/resultados_Bike/bike_hour_h192_n125__20260417_161356.jld2,w192,345,125,0.0001,StrategySelectiveWithConstantOptimization,Selective+ConstOpt,1,0.07442611050326241,0.1013600382835999,0.010556601164208692,0.7143145005593462,0.1271065446006366,37,24.991241931915283,25.585412979125977,,12,12,true
bike_hour_h192_n125__20260417_161356.jld2,parte1/resultados_Bike/bike_hour_h192_n125__20260417_161356.jld2,w192,385,125,1.0e-5,StrategySelectiveWithConstantOptimization,Selective+ConstOpt,1,0.09925044420772827,0.14081865472300423,0.02127649187278642,0.5332101960112331,0.1697153144654544,37,25.70543885231018,26.21702814102173,,12,12,true
bike_hour_h192_n125__20260417_161356.jld2,parte1/resultados_Bike/bike_hour_h192_n125__20260417_161356.jld2,w192,425,125,1.0e-6,StrategySelectiveWithConstantOptimization,Selective+ConstOpt,1,0.0750710644264628,0.10189912683352112,0.01070718539855039,0.6964756575414053,0.12888107055175543,37,127.84482002258301,128.4137110710144,,12,12,true
bike_hour_h192_n125__20260417_161356.jld2,parte1/resultados_Bike/bike_hour_h192_n125__20260417_161356.jld2,w192,465,125,1.0e-7,StrategySelectiveWithConstantOptimization,Selective+ConstOpt,1,0.08246449295429117,0.11309155907189501,0.01308086544375225,0.6497991348289925,0.14146548228344008,37,638.4633991718292,638.958643913269,,12,12,true
bike_hour_h192_n135__20260417_161356.jld2,parte1/resultados_Bike/bike_hour_h192_n135__20260417_161356.jld2,w192,27,135,0.01,StrategySelective,Selective,1,0.11371987716311996,0.16116879893649488,0.026959038628973232,0.40411486531159974,0.1943239627112072,37,15.29943299293518,18.638800859451294,,12,12,true
bike_hour_h192_n135__20260417_161356.jld2,parte1/resultados_Bike/bike_hour_h192_n135__20260417_161356.jld2,w192,67,135,0.001,StrategySelective,Selective,1,0.10086183281809054,0.13932652288849545,0.02001291072791377,0.5284484577583896,0.17045475604692825,37,12.63462209701538,13.374572992324829,,12,12,true
bike_hour_h192_n135__20260417_161356.jld2,parte1/resultados_Bike/bike_hour_h192_n135__20260417_161356.jld2,w192,107,135,0.0001,StrategySelective,Selective,1,0.0761440896969046,0.10704734180638618,0.011858957220394312,0.6919458599753135,0.13330473685329677,37,25.045387983322144,25.90490698814392,,12,12,true
bike_hour_h192_n135__20260417_161356.jld2,parte1/resultados_Bike/bike_hour_h192_n135__20260417_161356.jld2,w192,147,135,1.0e-5,StrategySelective,Selective,1,0.09451898089461551,0.12681578134209853,0.016557203937987687,0.5674447988552327,0.15817483505857471,37,43.6336350440979,44.16722393035889,,12,12,true
bike_hour_h192_n135__20260417_161356.jld2,parte1/resultados_Bike/bike_hour_h192_n135__20260417_161356.jld2,w192,187,135,1.0e-6,StrategySelective,Selective,1,0.11512256780677256,0.13392794345953937,0.018342345083062154,0.5362368091350997,0.1658637785060352,37,110.52611303329468,111.06576800346375,,12,12,true
bike_hour_h192_n135__20260417_161356.jld2,parte1/resultados_Bike/bike_hour_h192_n135__20260417_161356.jld2,w192,227,135,1.0e-7,StrategySelective,Selective,1,0.08993744266850011,0.11849626358477214,0.014510902667608148,0.6312038465456187,0.14711548902338278,37,1229.0674290657043,1229.561121225357,,12,12,true
bike_hour_h192_n135__20260417_161356.jld2,parte1/resultados_Bike/bike_hour_h192_n135__20260417_161356.jld2,w192,267,135,0.01,StrategySelectiveWithConstantOptimization,Selective+ConstOpt,1,0.11271560680551938,0.16490441777741005,0.028294303703375493,0.38381747194041793,0.19811005318285416,37,6.4215919971466064,6.917788028717041,,12,12,true
bike_hour_h192_n135__20260417_161356.jld2,parte1/resultados_Bike/bike_hour_h192_n135__20260417_161356.jld2,w192,307,135,0.001,StrategySelectiveWithConstantOptimization,Selective+ConstOpt,1,0.09622480117984364,0.1261004252119844,0.016292493513992205,0.5987614922107537,0.15564214523049097,37,13.287349939346313,13.829122066497803,,12,12,true
bike_hour_h192_n135__20260417_161356.jld2,parte1/resultados_Bike/bike_hour_h192_n135__20260417_161356.jld2,w192,347,135,0.0001,StrategySelectiveWithConstantOptimization,Selective+ConstOpt,1,0.07375131313797462,0.0986648956085874,0.009979896420986418,0.7181528064099866,0.1243947557181319,37,29.878534078598022,30.47987413406372,,12,12,true
bike_hour_h192_n135__20260417_161356.jld2,parte1/resultados_Bike/bike_hour_h192_n135__20260417_161356.jld2,w192,387,135,1.0e-5,StrategySelectiveWithConstantOptimization,Selective+ConstOpt,1,0.09528246447626833,0.13563786357364896,0.019747493926908305,0.5579128156386063,0.16424462446066956,37,28.77924919128418,29.281965017318726,,12,12,true
bike_hour_h192_n135__20260417_161356.jld2,parte1/resultados_Bike/bike_hour_h192_n135__20260417_161356.jld2,w192,427,135,1.0e-6,StrategySelectiveWithConstantOptimization,Selective+ConstOpt,1,0.07549182811256139,0.10110278146684469,0.010536261350364028,0.7017251941067653,0.1278482729776523,37,148.41855001449585,148.97835993766785,,12,12,true
bike_hour_h192_n135__20260417_161356.jld2,parte1/resultados_Bike/bike_hour_h192_n135__20260417_161356.jld2,w192,467,135,1.0e-7,StrategySelectiveWithConstantOptimization,Selective+ConstOpt,1,0.07967916241757561,0.10941522164445001,0.012209694467913626,0.6699567360408759,0.13706312526140513,37,668.7397520542145,669.2423579692841,,12,12,true
bike_hour_h192_n145__20260417_161356.jld2,parte1/resultados_Bike/bike_hour_h192_n145__20260417_161356.jld2,w192,29,145,0.01,StrategySelective,Selective,1,0.11371987716311996,0.16116879893649488,0.026959038628973232,0.40411486531159974,0.1943239627112072,37,15.272128820419312,18.62256097793579,,12,12,true
bike_hour_h192_n145__20260417_161356.jld2,parte1/resultados_Bike/bike_hour_h192_n145__20260417_161356.jld2,w192,69,145,0.001,StrategySelective,Selective,1,0.09626575365196133,0.13402492236354882,0.01848820785734234,0.5571590158493538,0.1645162899047153,37,15.60673713684082,16.344631910324097,,12,12,true
bike_hour_h192_n145__20260417_161356.jld2,parte1/resultados_Bike/bike_hour_h192_n145__20260417_161356.jld2,w192,109,145,0.0001,StrategySelective,Selective,1,0.07475956747806653,0.10480369721496824,0.011352403192270703,0.6956740460417916,0.13118883595104538,37,30.01096796989441,30.88177990913391,,12,12,true
bike_hour_h192_n145__20260417_161356.jld2,parte1/resultados_Bike/bike_hour_h192_n145__20260417_161356.jld2,w192,149,145,1.0e-5,StrategySelective,Selective,1,0.0932797143873501,0.1251316687344009,0.016116642921829565,0.5766498103807425,0.15624910553376484,37,49.29152178764343,49.928751945495605,,12,12,true
bike_hour_h192_n145__20260417_161356.jld2,parte1/resultados_Bike/bike_hour_h192_n145__20260417_161356.jld2,w192,189,145,1.0e-6,StrategySelective,Selective,1,0.11473918279411534,0.13322039279415038,0.018179860900983585,0.5382152833257154,0.16513176102764898,37,146.44857907295227,146.9995059967041,,12,12,true
bike_hour_h192_n145__20260417_161356.jld2,parte1/resultados_Bike/bike_hour_h192_n145__20260417_161356.jld2,w192,229,145,1.0e-7,StrategySelective,Selective,1,0.08984541028365502,0.11806452611730593,0.014393606578154187,0.6324679634676468,0.14668448579556637,37,1279.9546790122986,1280.4412949085236,,12,12,true
bike_hour_h192_n145__20260417_161356.jld2,parte1/resultados_Bike/bike_hour_h192_n145__20260417_161356.jld2,w192,269,145,0.01,StrategySelectiveWithConstantOptimization,Selective+ConstOpt,1,0.11271560680551938,0.16490441777741005,0.028294303703375493,0.38381747194041793,0.19811005318285416,37,6.408199787139893,6.8955888748168945,,12,12,true
bike_hour_h192_n145__20260417_161356.jld2,parte1/resultados_Bike/bike_hour_h192_n145__20260417_161356.jld2,w192,309,145,0.001,StrategySelectiveWithConstantOptimization,Selective+ConstOpt,1,0.09368455959445335,0.12344423632184065,0.015632452453462464,0.6182262586253571,0.15214103757761252,37,17.473010063171387,18.012020111083984,,12,12,true
bike_hour_h192_n145__20260417_161356.jld2,parte1/resultados_Bike/bike_hour_h192_n145__20260417_161356.jld2,w192,349,145,0.0001,StrategySelectiveWithConstantOptimization,Selective+ConstOpt,1,0.07373188972204116,0.0988067238227092,0.010026093952791014,0.7163651908752939,0.12461331842307524,37,32.789113998413086,33.27876400947571,,12,12,true
bike_hour_h192_n145__20260417_161356.jld2,parte1/resultados_Bike/bike_hour_h192_n145__20260417_161356.jld2,w192,389,145,1.0e-5,StrategySelectiveWithConstantOptimization,Selective+ConstOpt,1,0.08590358288293157,0.11233653453101185,0.01289552336710827,0.6484133541205008,0.14092071565035705,37,34.28086304664612,34.78399109840393,,12,12,true
bike_hour_h192_n145__20260417_161356.jld2,parte1/resultados_Bike/bike_hour_h192_n145__20260417_161356.jld2,w192,429,145,1.0e-6,StrategySelectiveWithConstantOptimization,Selective+ConstOpt,1,0.07517253743070577,0.10092431218949911,0.010505507503768307,0.7082905716403176,0.12720875645381843,37,155.95675706863403,156.46410512924194,,12,12,true
bike_hour_h192_n145__20260417_161356.jld2,parte1/resultados_Bike/bike_hour_h192_n145__20260417_161356.jld2,w192,469,145,1.0e-7,StrategySelectiveWithConstantOptimization,Selective+ConstOpt,1,0.07978841342233019,0.10762037004887041,0.011815759179726238,0.6816662304815083,0.134756712740325,37,757.027291059494,757.5309989452362,,12,12,true
bike_hour_h192_n150__20260417_161356.jld2,parte1/resultados_Bike/bike_hour_h192_n150__20260417_161356.jld2,w192,30,150,0.01,StrategySelective,Selective,1,0.11371987716311996,0.16116879893649488,0.026959038628973232,0.40411486531159974,0.1943239627112072,37,15.380286931991577,18.736886024475098,,12,12,true
bike_hour_h192_n150__20260417_161356.jld2,parte1/resultados_Bike/bike_hour_h192_n150__20260417_161356.jld2,w192,70,150,0.001,StrategySelective,Selective,1,0.09576619439003323,0.1333038908470723,0.01827289106966414,0.5631921120843454,0.16356132985795135,37,17.48062014579773,18.282493114471436,,12,12,true
bike_hour_h192_n150__20260417_161356.jld2,parte1/resultados_Bike/bike_hour_h192_n150__20260417_161356.jld2,w192,110,150,0.0001,StrategySelective,Selective,1,0.07462772580643569,0.10475539905957273,0.011349296133807753,0.6968363822722738,0.13104340101698675,37,32.2789089679718,33.08794403076172,,12,12,true
bike_hour_h192_n150__20260417_161356.jld2,parte1/resultados_Bike/bike_hour_h192_n150__20260417_161356.jld2,w192,150,150,1.0e-5,StrategySelective,Selective,1,0.09239981741670339,0.12394159641863997,0.015762984327614814,0.58862992343034,0.15460389953737658,37,51.62652611732483,52.1602840423584,,12,12,true
bike_hour_h192_n150__20260417_161356.jld2,parte1/resultados_Bike/bike_hour_h192_n150__20260417_161356.jld2,w192,190,150,1.0e-6,StrategySelective,Selective,1,0.11474021613003195,0.13318835582223393,0.018171522052166624,0.538075876292078,0.1651164472187044,37,155.21093082427979,155.7513780593872,,12,12,true
bike_hour_h192_n150__20260417_161356.jld2,parte1/resultados_Bike/bike_hour_h192_n150__20260417_161356.jld2,w192,230,150,1.0e-7,StrategySelective,Selective,1,0.08985626406248497,0.11805762379769794,0.014390053708055942,0.6322186151174339,0.14669474329190607,37,1305.4421858787537,1305.9334008693695,,12,12,true
bike_hour_h192_n150__20260417_161356.jld2,parte1/resultados_Bike/bike_hour_h192_n150__20260417_161356.jld2,w192,270,150,0.01,StrategySelectiveWithConstantOptimization,Selective+ConstOpt,1,0.11271560680551938,0.16490441777741005,0.028294303703375493,0.38381747194041793,0.19811005318285416,37,6.4192869663238525,6.911677837371826,,12,12,true
bike_hour_h192_n150__20260417_161356.jld2,parte1/resultados_Bike/bike_hour_h192_n150__20260417_161356.jld2,w192,310,150,0.001,StrategySelectiveWithConstantOptimization,Selective+ConstOpt,1,0.09359753962875829,0.1229732615643725,0.015504328461191935,0.6206824541449298,0.1516140491450149,37,20.81344985961914,21.369760990142822,,12,12,true
bike_hour_h192_n150__20260417_161356.jld2,parte1/resultados_Bike/bike_hour_h192_n150__20260417_161356.jld2,w192,350,150,0.0001,StrategySelectiveWithConstantOptimization,Selective+ConstOpt,1,0.07341703881782402,0.09844349157290443,0.009955669967955045,0.7177237560765142,0.12420524810978467,37,34.21800112724304,34.8276891708374,,12,12,true
bike_hour_h192_n150__20260417_161356.jld2,parte1/resultados_Bike/bike_hour_h192_n150__20260417_161356.jld2,w192,390,150,1.0e-5,StrategySelectiveWithConstantOptimization,Selective+ConstOpt,1,0.08271558270479837,0.1088427616847482,0.012115972569001437,0.6588395347973222,0.13724893569056046,37,34.984349966049194,35.48116397857666,,12,12,true
bike_hour_h192_n150__20260417_161356.jld2,parte1/resultados_Bike/bike_hour_h192_n150__20260417_161356.jld2,w192,430,150,1.0e-6,StrategySelectiveWithConstantOptimization,Selective+ConstOpt,1,0.07374305423387327,0.10029177108449691,0.010406260525551422,0.7152410209250157,0.1261015436811538,37,210.38827395439148,210.88766598701477,,12,12,true
bike_hour_h192_n150__20260417_161356.jld2,parte1/resultados_Bike/bike_hour_h192_n150__20260417_161356.jld2,w192,470,150,1.0e-7,StrategySelectiveWithConstantOptimization,Selective+ConstOpt,1,0.07737966509702023,0.10593542441058038,0.01144319754927155,0.6871550306540637,0.13298398805505612,37,774.8462319374084,775.3611090183258,,12,12,true
bike_hour_h192_n155__20260417_161356.jld2,parte1/resultados_Bike/bike_hour_h192_n155__20260417_161356.jld2,w192,31,155,0.01,StrategySelective,Selective,1,0.11371987716311996,0.16116879893649488,0.026959038628973232,0.40411486531159974,0.1943239627112072,37,15.287900924682617,18.625468015670776,,12,12,true
bike_hour_h192_n155__20260417_161356.jld2,parte1/resultados_Bike/bike_hour_h192_n155__20260417_161356.jld2,w192,71,155,0.001,StrategySelective,Selective,1,0.09515416111714249,0.13272011987586554,0.01811119667129762,0.5671882269336276,0.16282689149523422,37,20.453187942504883,21.2584969997406,,12,12,true
bike_hour_h192_n155__20260417_161356.jld2,parte1/resultados_Bike/bike_hour_h192_n155__20260417_161356.jld2,w192,111,155,0.0001,StrategySelective,Selective,1,0.09389137037029814,0.12959792875817613,0.018337502601373335,0.5818518674626935,0.1575506051356755,37,35.713226079940796,36.5331289768219,,12,12,true
bike_hour_h192_n155__20260417_161356.jld2,parte1/resultados_Bike/bike_hour_h192_n155__20260417_161356.jld2,w192,151,155,1.0e-5,StrategySelective,Selective,1,0.08810322642879956,0.11904034232770971,0.014519311496486848,0.6222930123724352,0.1483832390131982,37,55.821605920791626,56.35225486755371,,12,12,true
bike_hour_h192_n155__20260417_161356.jld2,parte1/resultados_Bike/bike_hour_h192_n155__20260417_161356.jld2,w192,191,155,1.0e-6,StrategySelective,Selective,1,0.11444269571924098,0.13293292812943522,0.01809512914102855,0.5384648553329268,0.16490466031563747,37,166.92378878593445,167.47058081626892,,12,12,true
bike_hour_h192_n155__20260417_161356.jld2,parte1/resultados_Bike/bike_hour_h192_n155__20260417_161356.jld2,w192,231,155,1.0e-7,StrategySelective,Selective,1,0.0893380468833522,0.11709624482587284,0.014151275139285035,0.6342843933960978,0.1457370787611827,37,1359.31782412529,1359.8053050041199,,12,12,true
bike_hour_h192_n155__20260417_161356.jld2,parte1/resultados_Bike/bike_hour_h192_n155__20260417_161356.jld2,w192,271,155,0.01,StrategySelectiveWithConstantOptimization,Selective+ConstOpt,1,0.11271560680551938,0.16490441777741005,0.028294303703375493,0.38381747194041793,0.19811005318285416,37,6.387356996536255,6.886807918548584,,12,12,true
bike_hour_h192_n155__20260417_161356.jld2,parte1/resultados_Bike/bike_hour_h192_n155__20260417_161356.jld2,w192,311,155,0.001,StrategySelectiveWithConstantOptimization,Selective+ConstOpt,1,0.0929036859163514,0.12168727480954007,0.015180903191849705,0.6306172799559586,0.14988538787938288,37,25.83968997001648,26.385581016540527,,12,12,true
bike_hour_h192_n155__20260417_161356.jld2,parte1/resultados_Bike/bike_hour_h192_n155__20260417_161356.jld2,w192,351,155,0.0001,StrategySelectiveWithConstantOptimization,Selective+ConstOpt,1,0.0718601449180283,0.09585037432604453,0.009447902271829728,0.7277858995469286,0.12121528358444732,37,36.115856885910034,36.703068017959595,,12,12,true
bike_hour_h192_n155__20260417_161356.jld2,parte1/resultados_Bike/bike_hour_h192_n155__20260417_161356.jld2,w192,391,155,1.0e-5,StrategySelectiveWithConstantOptimization,Selective+ConstOpt,1,0.07814639440244196,0.1042109270944731,0.011195009871271701,0.6775479203820306,0.13187528409952184,37,49.26231789588928,49.767465114593506,,12,12,true
bike_hour_h192_n155__20260417_161356.jld2,parte1/resultados_Bike/bike_hour_h192_n155__20260417_161356.jld2,w192,431,155,1.0e-6,StrategySelectiveWithConstantOptimization,Selective+ConstOpt,1,0.07387990309502439,0.10031426087544326,0.010407307512138213,0.715569165905385,0.1261073420404931,37,211.07464408874512,211.57872986793518,,12,12,true
bike_hour_h192_n155__20260417_161356.jld2,parte1/resultados_Bike/bike_hour_h192_n155__20260417_161356.jld2,w192,471,155,1.0e-7,StrategySelectiveWithConstantOptimization,Selective+ConstOpt,1,0.07432464826429384,0.10078339303681164,0.010381594067700279,0.7084922160165513,0.1270246693215399,37,824.1807210445404,824.6868529319763,,12,12,true
bike_hour_h192_n165__20260417_161356.jld2,parte1/resultados_Bike/bike_hour_h192_n165__20260417_161356.jld2,w192,33,165,0.01,StrategySelective,Selective,1,0.11371987716311996,0.16116879893649488,0.026959038628973232,0.40411486531159974,0.1943239627112072,37,15.07886791229248,18.333664894104004,,12,12,true
bike_hour_h192_n165__20260417_161356.jld2,parte1/resultados_Bike/bike_hour_h192_n165__20260417_161356.jld2,w192,73,165,0.001,StrategySelective,Selective,1,0.08977919235695327,0.12778430627627538,0.016800772668865784,0.5938955572759347,0.15709986287267608,37,25.474797010421753,26.2595272064209,,12,12,true
bike_hour_h192_n165__20260417_161356.jld2,parte1/resultados_Bike/bike_hour_h192_n165__20260417_161356.jld2,w192,113,165,0.0001,StrategySelective,Selective,1,0.09249184247087715,0.12753245710729405,0.01770515896166859,0.5923951336017833,0.15535118302275197,37,38.803346157073975,39.6991548538208,,12,12,true
bike_hour_h192_n165__20260417_161356.jld2,parte1/resultados_Bike/bike_hour_h192_n165__20260417_161356.jld2,w192,153,165,1.0e-5,StrategySelective,Selective,1,0.08791657421571672,0.11869242253222657,0.014435769902894602,0.6231759598902027,0.1480429095375945,37,56.96101212501526,57.491259813308716,,12,12,true
bike_hour_h192_n165__20260417_161356.jld2,parte1/resultados_Bike/bike_hour_h192_n165__20260417_161356.jld2,w192,193,165,1.0e-6,StrategySelective,Selective,1,0.11457081881331123,0.13302725517314784,0.01814833523782389,0.5431677021284426,0.1646012117785948,37,192.71986389160156,193.2179470062256,,12,12,true
bike_hour_h192_n165__20260417_161356.jld2,parte1/resultados_Bike/bike_hour_h192_n165__20260417_161356.jld2,w192,233,165,1.0e-7,StrategySelective,Selective,1,0.0886497742249195,0.11639785734973927,0.013980377785606452,0.638875977814675,0.14480860758011946,37,1545.0435690879822,1545.5310821533203,,12,12,true
bike_hour_h192_n165__20260417_161356.jld2,parte1/resultados_Bike/bike_hour_h192_n165__20260417_161356.jld2,w192,273,165,0.01,StrategySelectiveWithConstantOptimization,Selective+ConstOpt,1,0.11271560680551938,0.16490441777741005,0.028294303703375493,0.38381747194041793,0.19811005318285416,37,6.360180854797363,6.845972061157227,,12,12,true
bike_hour_h192_n165__20260417_161356.jld2,parte1/resultados_Bike/bike_hour_h192_n165__20260417_161356.jld2,w192,313,165,0.001,StrategySelectiveWithConstantOptimization,Selective+ConstOpt,1,0.08988564871813867,0.11821854183415889,0.014290101419982002,0.6468487042080591,0.14600532248534068,37,28.779489994049072,29.31555199623108,,12,12,true
bike_hour_h192_n165__20260417_161356.jld2,parte1/resultados_Bike/bike_hour_h192_n165__20260417_161356.jld2,w192,353,165,0.0001,StrategySelectiveWithConstantOptimization,Selective+ConstOpt,1,0.0715619505513206,0.09526702748016866,0.009329316488939194,0.7284520878890118,0.12067779202514439,37,41.43727111816406,42.09533095359802,,12,12,true
bike_hour_h192_n165__20260417_161356.jld2,parte1/resultados_Bike/bike_hour_h192_n165__20260417_161356.jld2,w192,393,165,1.0e-5,StrategySelectiveWithConstantOptimization,Selective+ConstOpt,1,0.07704537962390898,0.10221411300058113,0.01077202936607603,0.6980871869488409,0.12888240487962221,37,54.93047308921814,55.42474412918091,,12,12,true
bike_hour_h192_n165__20260417_161356.jld2,parte1/resultados_Bike/bike_hour_h192_n165__20260417_161356.jld2,w192,433,165,1.0e-6,StrategySelectiveWithConstantOptimization,Selective+ConstOpt,1,0.07068269921822065,0.09715304144600313,0.00976056283243375,0.7291698659256811,0.12238585912663878,37,260.0226628780365,260.5223710536957,,12,12,true
bike_hour_h192_n165__20260417_161356.jld2,parte1/resultados_Bike/bike_hour_h192_n165__20260417_161356.jld2,w192,473,165,1.0e-7,StrategySelectiveWithConstantOptimization,Selective+ConstOpt,1,0.07422188906608906,0.10072310132033523,0.010370656900849939,0.7087579121586206,0.12694898472623714,37,838.5295522212982,839.0393102169037,,12,12,true
bike_hour_h192_n175__20260417_161356.jld2,parte1/resultados_Bike/bike_hour_h192_n175__20260417_161356.jld2,w192,35,175,0.01,StrategySelective,Selective,1,0.11371987716311996,0.16116879893649488,0.026959038628973232,0.40411486531159974,0.1943239627112072,37,14.982326984405518,18.217850923538208,,12,12,true
bike_hour_h192_n175__20260417_161356.jld2,parte1/resultados_Bike/bike_hour_h192_n175__20260417_161356.jld2,w192,75,175,0.001,StrategySelective,Selective,1,0.08832074945334335,0.12473441586905376,0.0160289790147215,0.6171714199138154,0.15298887124872343,37,32.23584318161011,33.02232503890991,,12,12,true
bike_hour_h192_n175__20260417_161356.jld2,parte1/resultados_Bike/bike_hour_h192_n175__20260417_161356.jld2,w192,115,175,0.0001,StrategySelective,Selective,1,0.09296448942739564,0.12702254535775134,0.01768943434293183,0.5944969384058841,0.15463038749066663,37,44.645390033721924,45.54496502876282,,12,12,true
bike_hour_h192_n175__20260417_161356.jld2,parte1/resultados_Bike/bike_hour_h192_n175__20260417_161356.jld2,w192,155,175,1.0e-5,StrategySelective,Selective,1,0.0870509132169595,0.11760669525604345,0.01415779258738919,0.6292479408140746,0.14678023531177986,37,64.17948484420776,64.76290106773376,,12,12,true
bike_hour_h192_n175__20260417_161356.jld2,parte1/resultados_Bike/bike_hour_h192_n175__20260417_161356.jld2,w192,195,175,1.0e-6,StrategySelective,Selective,1,0.11261088804223879,0.1319564802630629,0.017906957367453433,0.5502918403597244,0.1632049704983935,37,217.71665906906128,218.2201428413391,,12,12,true
bike_hour_h192_n175__20260417_161356.jld2,parte1/resultados_Bike/bike_hour_h192_n175__20260417_161356.jld2,w192,235,175,1.0e-7,StrategySelective,Selective,1,0.08820166814851138,0.11421337994560236,0.0134741728812358,0.6494163722465689,0.14226263307170706,37,1889.0349791049957,1889.528203010559,,12,12,true
bike_hour_h192_n175__20260417_161356.jld2,parte1/resultados_Bike/bike_hour_h192_n175__20260417_161356.jld2,w192,275,175,0.01,StrategySelectiveWithConstantOptimization,Selective+ConstOpt,1,0.11271560680551938,0.16490441777741005,0.028294303703375493,0.38381747194041793,0.19811005318285416,37,6.380299091339111,6.865742921829224,,12,12,true
bike_hour_h192_n175__20260417_161356.jld2,parte1/resultados_Bike/bike_hour_h192_n175__20260417_161356.jld2,w192,315,175,0.001,StrategySelectiveWithConstantOptimization,Selective+ConstOpt,1,0.09617636842498457,0.12705469245386833,0.016788386791547996,0.6099204578642499,0.15500194243968485,37,46.260737895965576,46.796471118927,,12,12,true
bike_hour_h192_n175__20260417_161356.jld2,parte1/resultados_Bike/bike_hour_h192_n175__20260417_161356.jld2,w192,355,175,0.0001,StrategySelectiveWithConstantOptimization,Selective+ConstOpt,1,0.07042407486194184,0.09342262801540277,0.008990288526423073,0.7300208633732906,0.11892294103202466,37,57.206622838974,57.810341119766235,,12,12,true
bike_hour_h192_n175__20260417_161356.jld2,parte1/resultados_Bike/bike_hour_h192_n175__20260417_161356.jld2,w192,395,175,1.0e-5,StrategySelectiveWithConstantOptimization,Selective+ConstOpt,1,0.07749339324051988,0.1022170276379662,0.010782221277149734,0.7008389650941393,0.12867534944562803,37,59.62260413169861,60.13139510154724,,12,12,true
bike_hour_h192_n175__20260417_161356.jld2,parte1/resultados_Bike/bike_hour_h192_n175__20260417_161356.jld2,w192,435,175,1.0e-6,StrategySelectiveWithConstantOptimization,Selective+ConstOpt,1,0.07069806598053448,0.0972034434303833,0.009769675022306414,0.728914786338309,0.1224455807178615,37,268.94134187698364,269.45839405059814,,12,12,true
bike_hour_h192_n175__20260417_161356.jld2,parte1/resultados_Bike/bike_hour_h192_n175__20260417_161356.jld2,w192,475,175,1.0e-7,StrategySelectiveWithConstantOptimization,Selective+ConstOpt,1,0.07410256119245817,0.10122890497100553,0.010516442740038875,0.7068394108147622,0.1274137023962389,37,875.031772851944,875.5313799381256,,12,12,true
bike_hour_h192_n185__20260417_161356.jld2,parte1/resultados_Bike/bike_hour_h192_n185__20260417_161356.jld2,w192,37,185,0.01,StrategySelective,Selective,1,0.11371987716311996,0.16116879893649488,0.026959038628973232,0.40411486531159974,0.1943239627112072,37,16.196233987808228,19.84138011932373,,12,12,true
bike_hour_h192_n185__20260417_161356.jld2,parte1/resultados_Bike/bike_hour_h192_n185__20260417_161356.jld2,w192,77,185,0.001,StrategySelective,Selective,1,0.08259087240278881,0.11524562853990426,0.013615529121657019,0.671691709914369,0.14165345033283855,37,42.38180208206177,43.190911054611206,,12,12,true
bike_hour_h192_n185__20260417_161356.jld2,parte1/resultados_Bike/bike_hour_h192_n185__20260417_161356.jld2,w192,117,185,0.0001,StrategySelective,Selective,1,0.09337783021820177,0.12742871283351265,0.017877895912313195,0.5938097765570414,0.15478900528572478,37,57.76250505447388,58.77886700630188,,12,12,true
bike_hour_h192_n185__20260417_161356.jld2,parte1/resultados_Bike/bike_hour_h192_n185__20260417_161356.jld2,w192,157,185,1.0e-5,StrategySelective,Selective,1,0.08671699941637308,0.11718844555165107,0.014050330256296734,0.630248438529549,0.14638935382474477,37,83.20404005050659,83.86828804016113,,12,12,true
bike_hour_h192_n185__20260417_161356.jld2,parte1/resultados_Bike/bike_hour_h192_n185__20260417_161356.jld2,w192,197,185,1.0e-6,StrategySelective,Selective,1,0.11504290273122604,0.13443351905861017,0.018665844892212423,0.5412999343058015,0.16556209344854125,37,269.52076387405396,270.14281702041626,,12,12,true
bike_hour_h192_n185__20260417_161356.jld2,parte1/resultados_Bike/bike_hour_h192_n185__20260417_161356.jld2,w192,237,185,1.0e-7,StrategySelective,Selective,1,0.08266091958262307,0.10480636375945376,0.011273710657877661,0.6986664353251494,0.13108837496142065,37,2272.2474529743195,2272.766028881073,,12,12,true
bike_hour_h192_n185__20260417_161356.jld2,parte1/resultados_Bike/bike_hour_h192_n185__20260417_161356.jld2,w192,277,185,0.01,StrategySelectiveWithConstantOptimization,Selective+ConstOpt,1,0.11271560680551938,0.16490441777741005,0.028294303703375493,0.38381747194041793,0.19811005318285416,37,6.811899900436401,7.338854789733887,,12,12,true
bike_hour_h192_n185__20260417_161356.jld2,parte1/resultados_Bike/bike_hour_h192_n185__20260417_161356.jld2,w192,317,185,0.001,StrategySelectiveWithConstantOptimization,Selective+ConstOpt,1,0.09403538886462628,0.12332446378253607,0.015836326248091573,0.6298199518768063,0.15064170508725433,37,152.26475405693054,152.82492113113403,,12,12,true
bike_hour_h192_n185__20260417_161356.jld2,parte1/resultados_Bike/bike_hour_h192_n185__20260417_161356.jld2,w192,357,185,0.0001,StrategySelectiveWithConstantOptimization,Selective+ConstOpt,1,0.06934106275274005,0.09215397301767005,0.008763393478221283,0.7347948927572364,0.11743620249612119,37,81.76451206207275,82.40908908843994,,12,12,true
bike_hour_h192_n185__20260417_161356.jld2,parte1/resultados_Bike/bike_hour_h192_n185__20260417_161356.jld2,w192,397,185,1.0e-5,StrategySelectiveWithConstantOptimization,Selective+ConstOpt,1,0.0778089435440347,0.10264096553700047,0.010833970564988981,0.6851815817108712,0.1300997039424483,37,67.03781819343567,67.5708019733429,,12,12,true
bike_hour_h192_n185__20260417_161356.jld2,parte1/resultados_Bike/bike_hour_h192_n185__20260417_161356.jld2,w192,437,185,1.0e-6,StrategySelectiveWithConstantOptimization,Selective+ConstOpt,1,0.0694763965688804,0.09562781111231627,0.009454370659738736,0.7403790396521007,0.12030071499798109,37,371.7177710533142,372.2670979499817,,12,12,true
bike_hour_h192_n185__20260417_161356.jld2,parte1/resultados_Bike/bike_hour_h192_n185__20260417_161356.jld2,w192,477,185,1.0e-7,StrategySelectiveWithConstantOptimization,Selective+ConstOpt,1,0.0738609946638301,0.10075949270163255,0.010403308941557513,0.7129242452956568,0.12663095209445627,37,1033.2900938987732,1034.088145017624,,12,12,true
bike_hour_h192_n195__20260417_161356.jld2,parte1/resultados_Bike/bike_hour_h192_n195__20260417_161356.jld2,w192,39,195,0.01,StrategySelective,Selective,1,0.11371987716311996,0.16116879893649488,0.026959038628973232,0.40411486531159974,0.1943239627112072,37,16.27155303955078,19.917223930358887,,12,12,true
bike_hour_h192_n195__20260417_161356.jld2,parte1/resultados_Bike/bike_hour_h192_n195__20260417_161356.jld2,w192,79,195,0.001,StrategySelective,Selective,1,0.08195272486491226,0.11513182039952981,0.013604211918226748,0.676526569168419,0.1411082681283561,37,46.26853895187378,47.07313394546509,,12,12,true
bike_hour_h192_n195__20260417_161356.jld2,parte1/resultados_Bike/bike_hour_h192_n195__20260417_161356.jld2,w192,119,195,0.0001,StrategySelective,Selective,1,0.09161809891520332,0.12535793296641196,0.017015232261710575,0.6042895703747309,0.152882358541235,37,65.87331509590149,66.89204502105713,,12,12,true
bike_hour_h192_n195__20260417_161356.jld2,parte1/resultados_Bike/bike_hour_h192_n195__20260417_161356.jld2,w192,159,195,1.0e-5,StrategySelective,Selective,1,0.09386268299931284,0.1395105115569608,0.021857133427586425,0.48210160871273755,0.1702210817654823,37,93.05033111572266,93.71908712387085,,12,12,true
bike_hour_h192_n195__20260417_161356.jld2,parte1/resultados_Bike/bike_hour_h192_n195__20260417_161356.jld2,w192,199,195,1.0e-6,StrategySelective,Selective,1,0.11537843173625523,0.13479068393100604,0.018767024191075916,0.5372543441159193,0.16610579111249185,37,293.0439381599426,293.65913796424866,,12,12,true
bike_hour_h192_n195__20260417_161356.jld2,parte1/resultados_Bike/bike_hour_h192_n195__20260417_161356.jld2,w192,239,195,1.0e-7,StrategySelective,Selective,1,0.08418968299397118,0.10405583745324502,0.011084090440363216,0.6988600945646549,0.13037162060987714,37,2485.960386991501,2486.4838399887085,,12,12,true
bike_hour_h192_n195__20260417_161356.jld2,parte1/resultados_Bike/bike_hour_h192_n195__20260417_161356.jld2,w192,279,195,0.01,StrategySelectiveWithConstantOptimization,Selective+ConstOpt,1,0.11271560680551938,0.16490441777741005,0.028294303703375493,0.38381747194041793,0.19811005318285416,37,6.792171001434326,7.315741062164307,,12,12,true
bike_hour_h192_n195__20260417_161356.jld2,parte1/resultados_Bike/bike_hour_h192_n195__20260417_161356.jld2,w192,319,195,0.001,StrategySelectiveWithConstantOptimization,Selective+ConstOpt,1,0.08836805961158806,0.11641627450731716,0.014137737385349838,0.6674948687197857,0.1424049602163027,37,288.0472569465637,288.62607192993164,,12,12,true
bike_hour_h192_n195__20260417_161356.jld2,parte1/resultados_Bike/bike_hour_h192_n195__20260417_161356.jld2,w192,359,195,0.0001,StrategySelectiveWithConstantOptimization,Selective+ConstOpt,1,0.06916043854841758,0.09193285944526787,0.008712293093149429,0.737664577210775,0.11706209086311793,37,99.03530693054199,99.69798994064331,,12,12,true
bike_hour_h192_n195__20260417_161356.jld2,parte1/resultados_Bike/bike_hour_h192_n195__20260417_161356.jld2,w192,399,195,1.0e-5,StrategySelectiveWithConstantOptimization,Selective+ConstOpt,1,0.07660324685486841,0.10138946785579264,0.010527855113704111,0.6873813946416838,0.12894285143334966,37,80.3862030506134,80.94046998023987,,12,12,true
bike_hour_h192_n195__20260417_161356.jld2,parte1/resultados_Bike/bike_hour_h192_n195__20260417_161356.jld2,w192,439,195,1.0e-6,StrategySelectiveWithConstantOptimization,Selective+ConstOpt,1,0.06842416933287004,0.09441422185922618,0.009208047686737542,0.7382551042281218,0.11944484934763352,37,449.4106240272522,449.9248468875885,,12,12,true
bike_hour_h192_n195__20260417_161356.jld2,parte1/resultados_Bike/bike_hour_h192_n195__20260417_161356.jld2,w192,479,195,1.0e-7,StrategySelectiveWithConstantOptimization,Selective+ConstOpt,1,0.07497419265854996,0.1014216117470398,0.0106097109743834,0.7040251135527675,0.12768308548071755,37,1141.3450391292572,1141.8583199977875,,12,12,true
bike_hour_h192_n200__20260417_161357.jld2,parte1/resultados_Bike/bike_hour_h192_n200__20260417_161357.jld2,w192,40,200,0.01,StrategySelective,Selective,1,0.11371987716311996,0.16116879893649488,0.026959038628973232,0.40411486531159974,0.1943239627112072,37,16.299860954284668,19.931522846221924,,12,12,true
bike_hour_h192_n200__20260417_161357.jld2,parte1/resultados_Bike/bike_hour_h192_n200__20260417_161357.jld2,w192,80,200,0.001,StrategySelective,Selective,1,0.08134911057782113,0.11427076798308285,0.013398720066382448,0.6824118603990963,0.13996814022551196,37,48.965494871139526,49.772358894348145,,12,12,true
bike_hour_h192_n200__20260417_161357.jld2,parte1/resultados_Bike/bike_hour_h192_n200__20260417_161357.jld2,w192,120,200,0.0001,StrategySelective,Selective,1,0.09144636103608224,0.12478897978436006,0.01685172082361957,0.6057719060100023,0.15235067819341253,37,68.35663104057312,69.38936996459961,,12,12,true
bike_hour_h192_n200__20260417_161357.jld2,parte1/resultados_Bike/bike_hour_h192_n200__20260417_161357.jld2,w192,160,200,1.0e-5,StrategySelective,Selective,1,0.09666657456710456,0.1469599825547648,0.02545707509942579,0.41198162146717016,0.17827129812712122,37,97.29152011871338,97.94977903366089,,12,12,true
bike_hour_h192_n200__20260417_161357.jld2,parte1/resultados_Bike/bike_hour_h192_n200__20260417_161357.jld2,w192,200,200,1.0e-6,StrategySelective,Selective,1,0.11525050565430851,0.1346749238808351,0.01873462062892763,0.5378716781032079,0.16597595306328108,37,294.3447468280792,294.9633958339691,,12,12,true
bike_hour_h192_n200__20260417_161357.jld2,parte1/resultados_Bike/bike_hour_h192_n200__20260417_161357.jld2,w192,240,200,1.0e-7,StrategySelective,Selective,1,0.08395844009178398,0.10394673419699399,0.011066706369550717,0.6994735445351996,0.13020854103744445,37,2495.887233018875,2496.3919501304626,,12,12,true
bike_hour_h192_n200__20260417_161357.jld2,parte1/resultados_Bike/bike_hour_h192_n200__20260417_161357.jld2,w192,280,200,0.01,StrategySelectiveWithConstantOptimization,Selective+ConstOpt,1,0.11271560680551938,0.16490441777741005,0.028294303703375493,0.38381747194041793,0.19811005318285416,37,6.768686056137085,7.29774808883667,,12,12,true
bike_hour_h192_n200__20260417_161357.jld2,parte1/resultados_Bike/bike_hour_h192_n200__20260417_161357.jld2,w192,320,200,0.001,StrategySelectiveWithConstantOptimization,Selective+ConstOpt,1,0.0885890546627001,0.11686907170779545,0.014257524193035342,0.6657772815002422,0.14284878440736024,37,313.0389850139618,313.5981299877167,,12,12,true
bike_hour_h192_n200__20260417_161357.jld2,parte1/resultados_Bike/bike_hour_h192_n200__20260417_161357.jld2,w192,360,200,0.0001,StrategySelectiveWithConstantOptimization,Selective+ConstOpt,1,0.06903494301177818,0.0915909387994339,0.00863663551666724,0.7390440220183037,0.11670531126247928,37,105.75105714797974,106.36527299880981,,12,12,true
bike_hour_h192_n200__20260417_161357.jld2,parte1/resultados_Bike/bike_hour_h192_n200__20260417_161357.jld2,w192,400,200,1.0e-5,StrategySelectiveWithConstantOptimization,Selective+ConstOpt,1,0.07643815893203751,0.10124740065119808,0.01049250572282669,0.6877501255534648,0.1288060865107758,37,82.48913192749023,83.00771808624268,,12,12,true
bike_hour_h192_n200__20260417_161357.jld2,parte1/resultados_Bike/bike_hour_h192_n200__20260417_161357.jld2,w192,440,200,1.0e-6,StrategySelectiveWithConstantOptimization,Selective+ConstOpt,1,0.0682553100641202,0.09447833512913642,0.009216922796456039,0.7390482992986916,0.11945274014112375,37,459.98015809059143,460.49090909957886,,12,12,true
bike_hour_h192_n200__20260417_161357.jld2,parte1/resultados_Bike/bike_hour_h192_n200__20260417_161357.jld2,w192,480,200,1.0e-7,StrategySelectiveWithConstantOptimization,Selective+ConstOpt,1,0.0729811488345569,0.09893872753421887,0.010110144886382762,0.7136472337045778,0.12486813244403605,37,1204.7927050590515,1205.3138949871063,,12,12,true
bike_hour_h216_n005__20260417_161357.jld2,parte1/resultados_Bike/bike_hour_h216_n005__20260417_161357.jld2,w216,1,5,0.01,StrategySelective,Selective,1,0.16643315192230618,0.2212916806519446,0.05096846345626221,-0.09537120032861114,0.26076270660365763,33,7.472429037094116,10.703442096710205,,12,12,true
bike_hour_h216_n005__20260417_161357.jld2,parte1/resultados_Bike/bike_hour_h216_n005__20260417_161357.jld2,w216,41,5,0.001,StrategySelective,Selective,1,0.16643315192230618,0.2212916806519446,0.05096846345626221,-0.09537120032861114,0.26076270660365763,33,0.04274892807006836,0.5822980403900146,,12,12,true
bike_hour_h216_n005__20260417_161357.jld2,parte1/resultados_Bike/bike_hour_h216_n005__20260417_161357.jld2,w216,81,5,0.0001,StrategySelective,Selective,1,0.16652250200601804,0.22102978252981245,0.050876577938898916,-0.09057047911088449,0.2602424352391618,33,0.25330209732055664,0.8420989513397217,,12,12,true
bike_hour_h216_n005__20260417_161357.jld2,parte1/resultados_Bike/bike_hour_h216_n005__20260417_161357.jld2,w216,121,5,1.0e-5,StrategySelective,Selective,1,0.1669562596636293,0.2215742895450221,0.0511440082772145,-0.09489204413182209,0.26078301370624746,33,0.036726951599121094,0.5784358978271484,,12,12,true
bike_hour_h216_n005__20260417_161357.jld2,parte1/resultados_Bike/bike_hour_h216_n005__20260417_161357.jld2,w216,161,5,1.0e-6,StrategySelective,Selective,1,0.16709259579282568,0.22174499912498644,0.051227669001590384,-0.09627398005113284,0.2609543837068267,33,0.04752683639526367,0.5595099925994873,,12,12,true
bike_hour_h216_n005__20260417_161357.jld2,parte1/resultados_Bike/bike_hour_h216_n005__20260417_161357.jld2,w216,201,5,1.0e-7,StrategySelective,Selective,1,0.167141934768173,0.22181198626107346,0.05126007405036649,-0.09684834105331729,0.2610248501152638,33,0.05348610877990723,0.7954859733581543,,12,12,true
bike_hour_h216_n005__20260417_161357.jld2,parte1/resultados_Bike/bike_hour_h216_n005__20260417_161357.jld2,w216,241,5,0.01,StrategySelectiveWithConstantOptimization,Selective+ConstOpt,1,0.16643315192230618,0.2212916806519446,0.05096846345626221,-0.09537120032861114,0.26076270660365763,33,0.53802490234375,1.1887991428375244,,12,12,true
bike_hour_h216_n005__20260417_161357.jld2,parte1/resultados_Bike/bike_hour_h216_n005__20260417_161357.jld2,w216,281,5,0.001,StrategySelectiveWithConstantOptimization,Selective+ConstOpt,1,0.16643315192230618,0.2212916806519446,0.05096846345626221,-0.09537120032861114,0.26076270660365763,33,0.03914284706115723,0.5491969585418701,,12,12,true
bike_hour_h216_n005__20260417_161357.jld2,parte1/resultados_Bike/bike_hour_h216_n005__20260417_161357.jld2,w216,321,5,0.0001,StrategySelectiveWithConstantOptimization,Selective+ConstOpt,1,0.16652250200601804,0.22102978252981245,0.050876577938898916,-0.09057047911088449,0.2602424352391618,33,0.06211590766906738,0.5657107830047607,,12,12,true
bike_hour_h216_n005__20260417_161357.jld2,parte1/resultados_Bike/bike_hour_h216_n005__20260417_161357.jld2,w216,361,5,1.0e-5,StrategySelectiveWithConstantOptimization,Selective+ConstOpt,1,0.1669562596636293,0.2215742895450221,0.0511440082772145,-0.09489204413182209,0.26078301370624746,33,0.03157997131347656,0.5353710651397705,,12,12,true
bike_hour_h216_n005__20260417_161357.jld2,parte1/resultados_Bike/bike_hour_h216_n005__20260417_161357.jld2,w216,401,5,1.0e-6,StrategySelectiveWithConstantOptimization,Selective+ConstOpt,1,0.16709259579282568,0.22174499912498644,0.051227669001590384,-0.09627398005113284,0.2609543837068267,33,0.03451800346374512,0.5493781566619873,,12,12,true
bike_hour_h216_n005__20260417_161357.jld2,parte1/resultados_Bike/bike_hour_h216_n005__20260417_161357.jld2,w216,441,5,1.0e-7,StrategySelectiveWithConstantOptimization,Selective+ConstOpt,1,0.167141934768173,0.22181198626107346,0.05126007405036649,-0.09684834105331729,0.2610248501152638,33,0.07177281379699707,0.5756750106811523,,12,12,true
bike_hour_h216_n010__20260417_161357.jld2,parte1/resultados_Bike/bike_hour_h216_n010__20260417_161357.jld2,w216,2,10,0.01,StrategySelective,Selective,1,0.16643315192230618,0.2212916806519446,0.05096846345626221,-0.09537120032861114,0.26076270660365763,33,7.432942867279053,10.656007051467896,,12,12,true
bike_hour_h216_n010__20260417_161357.jld2,parte1/resultados_Bike/bike_hour_h216_n010__20260417_161357.jld2,w216,42,10,0.001,StrategySelective,Selective,1,0.16643315192230618,0.2212916806519446,0.05096846345626221,-0.09537120032861114,0.26076270660365763,33,0.042156219482421875,0.5888619422912598,,12,12,true
bike_hour_h216_n010__20260417_161357.jld2,parte1/resultados_Bike/bike_hour_h216_n010__20260417_161357.jld2,w216,82,10,0.0001,StrategySelective,Selective,1,0.14796975137108284,0.20625501997667425,0.04464297074678005,0.06295956542998495,0.24121221723626912,33,0.5986130237579346,1.2433340549468994,,12,12,true
bike_hour_h216_n010__20260417_161357.jld2,parte1/resultados_Bike/bike_hour_h216_n010__20260417_161357.jld2,w216,122,10,1.0e-5,StrategySelective,Selective,1,0.14808601342926594,0.2066390480001165,0.04482417030032171,0.05999933252322169,0.24157828342513754,33,0.11756682395935059,0.622978925704956,,12,12,true
bike_hour_h216_n010__20260417_161357.jld2,parte1/resultados_Bike/bike_hour_h216_n010__20260417_161357.jld2,w216,162,10,1.0e-6,StrategySelective,Selective,1,0.14815499854636452,0.20682129444884495,0.04490804836862938,0.05850760622848389,0.24176580402460773,33,0.16959500312805176,0.6787900924682617,,12,12,true
bike_hour_h216_n010__20260417_161357.jld2,parte1/resultados_Bike/bike_hour_h216_n010__20260417_161357.jld2,w216,202,10,1.0e-7,StrategySelective,Selective,1,0.14815543225965377,0.20682840184799453,0.04491231065307278,0.0584817021619372,0.2417669055526299,33,0.14780592918395996,0.9693539142608643,,12,12,true
bike_hour_h216_n010__20260417_161357.jld2,parte1/resultados_Bike/bike_hour_h216_n010__20260417_161357.jld2,w216,242,10,0.01,StrategySelectiveWithConstantOptimization,Selective+ConstOpt,1,0.16643315192230618,0.2212916806519446,0.05096846345626221,-0.09537120032861114,0.26076270660365763,33,0.5539510250091553,1.0490968227386475,,12,12,true
bike_hour_h216_n010__20260417_161357.jld2,parte1/resultados_Bike/bike_hour_h216_n010__20260417_161357.jld2,w216,282,10,0.001,StrategySelectiveWithConstantOptimization,Selective+ConstOpt,1,0.16643315192230618,0.2212916806519446,0.05096846345626221,-0.09537120032861114,0.26076270660365763,33,0.0381159782409668,0.5366389751434326,,12,12,true
bike_hour_h216_n010__20260417_161357.jld2,parte1/resultados_Bike/bike_hour_h216_n010__20260417_161357.jld2,w216,322,10,0.0001,StrategySelectiveWithConstantOptimization,Selective+ConstOpt,1,0.14796975137108284,0.20625501997667425,0.04464297074678005,0.06295956542998495,0.24121221723626912,33,0.12220883369445801,0.6085011959075928,,12,12,true
bike_hour_h216_n010__20260417_161357.jld2,parte1/resultados_Bike/bike_hour_h216_n010__20260417_161357.jld2,w216,362,10,1.0e-5,StrategySelectiveWithConstantOptimization,Selective+ConstOpt,1,0.14811085995631929,0.20666507443773122,0.04483567073206877,0.05977250936976873,0.24160786901544767,33,0.23540306091308594,0.9287309646606445,,12,12,true
bike_hour_h216_n010__20260417_161357.jld2,parte1/resultados_Bike/bike_hour_h216_n010__20260417_161357.jld2,w216,402,10,1.0e-6,StrategySelectiveWithConstantOptimization,Selective+ConstOpt,1,0.14813514049246287,0.20677331037571786,0.04488698141595631,0.05893473661019079,0.24170999975821572,33,0.1005549430847168,0.6001489162445068,,12,12,true
bike_hour_h216_n010__20260417_161357.jld2,parte1/resultados_Bike/bike_hour_h216_n010__20260417_161357.jld2,w216,442,10,1.0e-7,StrategySelectiveWithConstantOptimization,Selective+ConstOpt,1,0.14815036551042174,0.20681456105593424,0.044906245177518435,0.05860538594007692,0.24175072586257204,33,0.11375093460083008,0.6016550064086914,,12,12,true
bike_hour_h216_n015__20260417_161357.jld2,parte1/resultados_Bike/bike_hour_h216_n015__20260417_161357.jld2,w216,3,15,0.01,StrategySelective,Selective,1,0.16643315192230618,0.2212916806519446,0.05096846345626221,-0.09537120032861114,0.26076270660365763,33,7.427371025085449,10.663747072219849,,12,12,true
bike_hour_h216_n015__20260417_161357.jld2,parte1/resultados_Bike/bike_hour_h216_n015__20260417_161357.jld2,w216,43,15,0.001,StrategySelective,Selective,1,0.16643315192230618,0.2212916806519446,0.05096846345626221,-0.09537120032861114,0.26076270660365763,33,0.04273509979248047,0.5773670673370361,,12,12,true
bike_hour_h216_n015__20260417_161357.jld2,parte1/resultados_Bike/bike_hour_h216_n015__20260417_161357.jld2,w216,83,15,0.0001,StrategySelective,Selective,1,0.12479842367147492,0.18841862112920033,0.03736760782941297,0.21681798940329983,0.22002281820342104,33,1.2970831394195557,2.0446670055389404,,12,12,true
bike_hour_h216_n015__20260417_161357.jld2,parte1/resultados_Bike/bike_hour_h216_n015__20260417_161357.jld2,w216,123,15,1.0e-5,StrategySelective,Selective,1,0.1247236776395477,0.1884089867962939,0.03736436483410686,0.2169074817008716,0.2200068904992331,33,0.39240288734436035,0.8991789817810059,,12,12,true
bike_hour_h216_n015__20260417_161357.jld2,parte1/resultados_Bike/bike_hour_h216_n015__20260417_161357.jld2,w216,163,15,1.0e-6,StrategySelective,Selective,1,0.12472131334280902,0.18841912838031938,0.037368296585841274,0.21681290794628483,0.22002482889849945,33,0.4450850486755371,0.9434518814086914,,12,12,true
bike_hour_h216_n015__20260417_161357.jld2,parte1/resultados_Bike/bike_hour_h216_n015__20260417_161357.jld2,w216,203,15,1.0e-7,StrategySelective,Selective,1,0.12472174394152447,0.18837744909795204,0.037351294925141894,0.21713425757526847,0.21998054713396525,33,0.5436191558837891,1.040848970413208,,12,12,true
bike_hour_h216_n015__20260417_161357.jld2,parte1/resultados_Bike/bike_hour_h216_n015__20260417_161357.jld2,w216,243,15,0.01,StrategySelectiveWithConstantOptimization,Selective+ConstOpt,1,0.16643315192230618,0.2212916806519446,0.05096846345626221,-0.09537120032861114,0.26076270660365763,33,0.5853009223937988,1.077073097229004,,12,12,true
bike_hour_h216_n015__20260417_161357.jld2,parte1/resultados_Bike/bike_hour_h216_n015__20260417_161357.jld2,w216,283,15,0.001,StrategySelectiveWithConstantOptimization,Selective+ConstOpt,1,0.16643315192230618,0.2212916806519446,0.05096846345626221,-0.09537120032861114,0.26076270660365763,33,0.03929400444030762,0.6879029273986816,,12,12,true
bike_hour_h216_n015__20260417_161357.jld2,parte1/resultados_Bike/bike_hour_h216_n015__20260417_161357.jld2,w216,323,15,0.0001,StrategySelectiveWithConstantOptimization,Selective+ConstOpt,1,0.1246902967536578,0.18829007737600156,0.037316070914452104,0.2178296907940229,0.21987964711296276,33,0.33268189430236816,0.8293149471282959,,12,12,true
bike_hour_h216_n015__20260417_161357.jld2,parte1/resultados_Bike/bike_hour_h216_n015__20260417_161357.jld2,w216,363,15,1.0e-5,StrategySelectiveWithConstantOptimization,Selective+ConstOpt,1,0.12475409465166787,0.18853590910340487,0.03741574287035313,0.2159065349856703,0.22015015960663997,33,0.3272438049316406,0.8195641040802002,,12,12,true
bike_hour_h216_n015__20260417_161357.jld2,parte1/resultados_Bike/bike_hour_h216_n015__20260417_161357.jld2,w216,403,15,1.0e-6,StrategySelectiveWithConstantOptimization,Selective+ConstOpt,1,0.12472816658221429,0.18842475532772546,0.03737046587283257,0.21676637765291074,0.22003189479661944,33,0.37061619758605957,0.8522689342498779,,12,12,true
bike_hour_h216_n015__20260417_161357.jld2,parte1/resultados_Bike/bike_hour_h216_n015__20260417_161357.jld2,w216,443,15,1.0e-7,StrategySelectiveWithConstantOptimization,Selective+ConstOpt,1,0.12926844966246154,0.19272173471737392,0.03900285038304428,0.17947777260031317,0.22541662264971182,33,0.34102582931518555,1.1988859176635742,,12,12,true
bike_hour_h216_n020__20260417_161357.jld2,parte1/resultados_Bike/bike_hour_h216_n020__20260417_161357.jld2,w216,4,20,0.01,StrategySelective,Selective,1,0.16643315192230618,0.2212916806519446,0.05096846345626221,-0.09537120032861114,0.26076270660365763,33,7.4181969165802,10.643491983413696,,12,12,true
bike_hour_h216_n020__20260417_161357.jld2,parte1/resultados_Bike/bike_hour_h216_n020__20260417_161357.jld2,w216,44,20,0.001,StrategySelective,Selective,1,0.16643315192230618,0.2212916806519446,0.05096846345626221,-0.09537120032861114,0.26076270660365763,33,0.05006003379821777,0.5763449668884277,,12,12,true
bike_hour_h216_n020__20260417_161357.jld2,parte1/resultados_Bike/bike_hour_h216_n020__20260417_161357.jld2,w216,84,20,0.0001,StrategySelective,Selective,1,0.1244062385239717,0.1879647375890522,0.03715026776255735,0.21814999696008908,0.2196843459737077,33,1.5622379779815674,2.3067779541015625,,12,12,true
bike_hour_h216_n020__20260417_161357.jld2,parte1/resultados_Bike/bike_hour_h216_n020__20260417_161357.jld2,w216,124,20,1.0e-5,StrategySelective,Selective,1,0.11932265715167274,0.18553343322828467,0.03613939398477055,0.23646375617654505,0.21734231564606094,33,0.7589781284332275,1.261854887008667,,12,12,true
bike_hour_h216_n020__20260417_161357.jld2,parte1/resultados_Bike/bike_hour_h216_n020__20260417_161357.jld2,w216,164,20,1.0e-6,StrategySelective,Selective,1,0.11920239224447672,0.18531554535346104,0.03605369628287904,0.23816633136201945,0.2170965190565211,33,0.7034521102905273,1.198786973953247,,12,12,true
bike_hour_h216_n020__20260417_161357.jld2,parte1/resultados_Bike/bike_hour_h216_n020__20260417_161357.jld2,w216,204,20,1.0e-7,StrategySelective,Selective,1,0.12471750070455107,0.18825264611741385,0.037298311160857626,0.2179914730282333,0.21985957651122412,33,0.7079789638519287,1.2400319576263428,,12,12,true
bike_hour_h216_n020__20260417_161357.jld2,parte1/resultados_Bike/bike_hour_h216_n020__20260417_161357.jld2,w216,244,20,0.01,StrategySelectiveWithConstantOptimization,Selective+ConstOpt,1,0.16643315192230618,0.2212916806519446,0.05096846345626221,-0.09537120032861114,0.26076270660365763,33,0.5414078235626221,1.389233112335205,,12,12,true
bike_hour_h216_n020__20260417_161357.jld2,parte1/resultados_Bike/bike_hour_h216_n020__20260417_161357.jld2,w216,284,20,0.001,StrategySelectiveWithConstantOptimization,Selective+ConstOpt,1,0.16643315192230618,0.2212916806519446,0.05096846345626221,-0.09537120032861114,0.26076270660365763,33,0.039295196533203125,0.5373730659484863,,12,12,true
bike_hour_h216_n020__20260417_161357.jld2,parte1/resultados_Bike/bike_hour_h216_n020__20260417_161357.jld2,w216,324,20,0.0001,StrategySelectiveWithConstantOptimization,Selective+ConstOpt,1,0.12442419018900894,0.18791866094572154,0.037133050126413,0.2186396424607003,0.2196293690723248,33,0.46823811531066895,0.9545509815216064,,12,12,true
bike_hour_h216_n020__20260417_161357.jld2,parte1/resultados_Bike/bike_hour_h216_n020__20260417_161357.jld2,w216,364,20,1.0e-5,StrategySelectiveWithConstantOptimization,Selective+ConstOpt,1,0.11917736934797335,0.18541190794728984,0.0360910575384368,0.23740724429966825,0.21720348302140932,33,0.4911479949951172,0.979733943939209,,12,12,true
bike_hour_h216_n020__20260417_161357.jld2,parte1/resultados_Bike/bike_hour_h216_n020__20260417_161357.jld2,w216,404,20,1.0e-6,StrategySelectiveWithConstantOptimization,Selective+ConstOpt,1,0.11922714137253337,0.18535740028027767,0.03607084471940802,0.23786366190831626,0.217140390338645,33,0.6921050548553467,1.386134147644043,,12,12,true
bike_hour_h216_n020__20260417_161357.jld2,parte1/resultados_Bike/bike_hour_h216_n020__20260417_161357.jld2,w216,444,20,1.0e-7,StrategySelectiveWithConstantOptimization,Selective+ConstOpt,1,0.1294987475444755,0.18571685935799181,0.03598899021895869,0.22680495794537991,0.21860961405143764,33,0.626641035079956,1.2470378875732422,,12,12,true
bike_hour_h216_n025__20260417_161357.jld2,parte1/resultados_Bike/bike_hour_h216_n025__20260417_161357.jld2,w216,5,25,0.01,StrategySelective,Selective,1,0.16643315192230618,0.2212916806519446,0.05096846345626221,-0.09537120032861114,0.26076270660365763,33,7.514484882354736,10.749768018722534,,12,12,true
bike_hour_h216_n025__20260417_161357.jld2,parte1/resultados_Bike/bike_hour_h216_n025__20260417_161357.jld2,w216,45,25,0.001,StrategySelective,Selective,1,0.16643315192230618,0.2212916806519446,0.05096846345626221,-0.09537120032861114,0.26076270660365763,33,0.04207015037536621,0.573693037033081,,12,12,true
bike_hour_h216_n025__20260417_161357.jld2,parte1/resultados_Bike/bike_hour_h216_n025__20260417_161357.jld2,w216,85,25,0.0001,StrategySelective,Selective,1,0.11953421378240711,0.18574372672818304,0.036211659250883425,0.23393149382842915,0.21762454138256535,33,2.0163400173187256,2.7676730155944824,,12,12,true
bike_hour_h216_n025__20260417_161357.jld2,parte1/resultados_Bike/bike_hour_h216_n025__20260417_161357.jld2,w216,125,25,1.0e-5,StrategySelective,Selective,1,0.11788259148412596,0.182754320401639,0.035029947127031606,0.25727520926834646,0.21439102680004393,33,0.9485678672790527,1.4895718097686768,,12,12,true
bike_hour_h216_n025__20260417_161357.jld2,parte1/resultados_Bike/bike_hour_h216_n025__20260417_161357.jld2,w216,165,25,1.0e-6,StrategySelective,Selective,1,0.11817519280776659,0.18260691482502844,0.034967784583806484,0.2583845279218315,0.214238698985547,33,1.119520902633667,1.6120491027832031,,12,12,true
bike_hour_h216_n025__20260417_161357.jld2,parte1/resultados_Bike/bike_hour_h216_n025__20260417_161357.jld2,w216,205,25,1.0e-7,StrategySelective,Selective,1,0.11783315575305021,0.18263935895863062,0.03498242439484677,0.2579818458961395,0.21428824039295077,33,1.7426769733428955,2.244110107421875,,12,12,true
bike_hour_h216_n025__20260417_161357.jld2,parte1/resultados_Bike/bike_hour_h216_n025__20260417_161357.jld2,w216,245,25,0.01,StrategySelectiveWithConstantOptimization,Selective+ConstOpt,1,0.16643315192230618,0.2212916806519446,0.05096846345626221,-0.09537120032861114,0.26076270660365763,33,0.5170528888702393,1.0020651817321777,,12,12,true
bike_hour_h216_n025__20260417_161357.jld2,parte1/resultados_Bike/bike_hour_h216_n025__20260417_161357.jld2,w216,285,25,0.001,StrategySelectiveWithConstantOptimization,Selective+ConstOpt,1,0.16643315192230618,0.2212916806519446,0.05096846345626221,-0.09537120032861114,0.26076270660365763,33,0.03508305549621582,0.5248758792877197,,12,12,true
bike_hour_h216_n025__20260417_161357.jld2,parte1/resultados_Bike/bike_hour_h216_n025__20260417_161357.jld2,w216,325,25,0.0001,StrategySelectiveWithConstantOptimization,Selective+ConstOpt,1,0.1180366517054875,0.17648809720049588,0.032507154449668965,0.29675411763953496,0.20823661210690458,33,1.1161141395568848,1.6023449897766113,,12,12,true
bike_hour_h216_n025__20260417_161357.jld2,parte1/resultados_Bike/bike_hour_h216_n025__20260417_161357.jld2,w216,365,25,1.0e-5,StrategySelectiveWithConstantOptimization,Selective+ConstOpt,1,0.11815657299458161,0.18263170036353918,0.034980308160726635,0.25835751381144617,0.21424097372329798,33,0.9105780124664307,1.3848059177398682,,12,12,true
bike_hour_h216_n025__20260417_161357.jld2,parte1/resultados_Bike/bike_hour_h216_n025__20260417_161357.jld2,w216,405,25,1.0e-6,StrategySelectiveWithConstantOptimization,Selective+ConstOpt,1,0.11782841963380664,0.18263545178059476,0.03498122332409095,0.2580392107653745,0.21427890564929744,33,0.8467822074890137,1.3225750923156738,,12,12,true
bike_hour_h216_n025__20260417_161357.jld2,parte1/resultados_Bike/bike_hour_h216_n025__20260417_161357.jld2,w216,445,25,1.0e-7,StrategySelectiveWithConstantOptimization,Selective+ConstOpt,1,0.12016909981669784,0.179143857139083,0.03351058536606926,0.2777784861556628,0.21109381568457583,33,1.2000560760498047,1.809798002243042,,12,12,true
bike_hour_h216_n030__20260417_161357.jld2,parte1/resultados_Bike/bike_hour_h216_n030__20260417_161357.jld2,w216,6,30,0.01,StrategySelective,Selective,1,0.16643315192230618,0.2212916806519446,0.05096846345626221,-0.09537120032861114,0.26076270660365763,33,7.531400203704834,10.769999980926514,,12,12,true
bike_hour_h216_n030__20260417_161357.jld2,parte1/resultados_Bike/bike_hour_h216_n030__20260417_161357.jld2,w216,46,30,0.001,StrategySelective,Selective,1,0.16643315192230618,0.2212916806519446,0.05096846345626221,-0.09537120032861114,0.26076270660365763,33,0.0421299934387207,0.578131914138794,,12,12,true
bike_hour_h216_n030__20260417_161357.jld2,parte1/resultados_Bike/bike_hour_h216_n030__20260417_161357.jld2,w216,86,30,0.0001,StrategySelective,Selective,1,0.1188296893723138,0.17509178402002432,0.031899861526597,0.29950512978494526,0.20729556810333846,33,3.0686450004577637,3.8133130073547363,,12,12,true
bike_hour_h216_n030__20260417_161357.jld2,parte1/resultados_Bike/bike_hour_h216_n030__20260417_161357.jld2,w216,126,30,1.0e-5,StrategySelective,Selective,1,0.11851065179680795,0.17669320047400336,0.03258058290409652,0.2956309015404688,0.20840750807399078,33,1.2528250217437744,1.7985730171203613,,12,12,true
bike_hour_h216_n030__20260417_161357.jld2,parte1/resultados_Bike/bike_hour_h216_n030__20260417_161357.jld2,w216,166,30,1.0e-6,StrategySelective,Selective,1,0.11858688227345233,0.17663737768555673,0.03255437473987609,0.2956638722985757,0.20838932603297505,33,1.8737659454345703,2.377120018005371,,12,12,true
bike_hour_h216_n030__20260417_161357.jld2,parte1/resultados_Bike/bike_hour_h216_n030__20260417_161357.jld2,w216,206,30,1.0e-7,StrategySelective,Selective,1,0.11857966889091835,0.17660797184917781,0.03254251088946265,0.2958293457836132,0.20836269343825142,33,1.9369330406188965,2.424438953399658,,12,12,true
bike_hour_h216_n030__20260417_161357.jld2,parte1/resultados_Bike/bike_hour_h216_n030__20260417_161357.jld2,w216,246,30,0.01,StrategySelectiveWithConstantOptimization,Selective+ConstOpt,1,0.16643315192230618,0.2212916806519446,0.05096846345626221,-0.09537120032861114,0.26076270660365763,33,0.5254559516906738,1.0087270736694336,,12,12,true
bike_hour_h216_n030__20260417_161357.jld2,parte1/resultados_Bike/bike_hour_h216_n030__20260417_161357.jld2,w216,286,30,0.001,StrategySelectiveWithConstantOptimization,Selective+ConstOpt,1,0.16643315192230618,0.2212916806519446,0.05096846345626221,-0.09537120032861114,0.26076270660365763,33,0.03794407844543457,0.5235779285430908,,12,12,true
bike_hour_h216_n030__20260417_161357.jld2,parte1/resultados_Bike/bike_hour_h216_n030__20260417_161357.jld2,w216,326,30,0.0001,StrategySelectiveWithConstantOptimization,Selective+ConstOpt,1,0.11828821397546994,0.17649039919190182,0.03250958903813773,0.2970986922772992,0.208207795084563,33,1.3912591934204102,2.148081064224243,,12,12,true
bike_hour_h216_n030__20260417_161357.jld2,parte1/resultados_Bike/bike_hour_h216_n030__20260417_161357.jld2,w216,366,30,1.0e-5,StrategySelectiveWithConstantOptimization,Selective+ConstOpt,1,0.1147880284030817,0.17371050423907758,0.03161807827999546,0.3246006580329448,0.20439148407105534,33,1.1931018829345703,1.680373191833496,,12,12,true
bike_hour_h216_n030__20260417_161357.jld2,parte1/resultados_Bike/bike_hour_h216_n030__20260417_161357.jld2,w216,406,30,1.0e-6,StrategySelectiveWithConstantOptimization,Selective+ConstOpt,1,0.11858704929800584,0.17663354327875802,0.032552610997135134,0.2956873869539425,0.20838549702140852,33,1.3988680839538574,1.8807721138000488,,12,12,true
bike_hour_h216_n030__20260417_161357.jld2,parte1/resultados_Bike/bike_hour_h216_n030__20260417_161357.jld2,w216,446,30,1.0e-7,StrategySelectiveWithConstantOptimization,Selective+ConstOpt,1,0.12013944992770614,0.17912156055501272,0.03350218478344323,0.2779337483513548,0.21106994859896502,33,1.4207110404968262,2.0280940532684326,,12,12,true
bike_hour_h216_n035__20260417_161357.jld2,parte1/resultados_Bike/bike_hour_h216_n035__20260417_161357.jld2,w216,7,35,0.01,StrategySelective,Selective,1,0.16643315192230618,0.2212916806519446,0.05096846345626221,-0.09537120032861114,0.26076270660365763,33,7.487548112869263,10.720569133758545,,12,12,true
bike_hour_h216_n035__20260417_161357.jld2,parte1/resultados_Bike/bike_hour_h216_n035__20260417_161357.jld2,w216,47,35,0.001,StrategySelective,Selective,1,0.16643315192230618,0.2212916806519446,0.05096846345626221,-0.09537120032861114,0.26076270660365763,33,0.0423738956451416,0.5839099884033203,,12,12,true
bike_hour_h216_n035__20260417_161357.jld2,parte1/resultados_Bike/bike_hour_h216_n035__20260417_161357.jld2,w216,87,35,0.0001,StrategySelective,Selective,1,0.11827621212080419,0.17626313320107648,0.03239153209776458,0.2967173954660686,0.2080794566389172,33,3.074331045150757,3.9670300483703613,,12,12,true
bike_hour_h216_n035__20260417_161357.jld2,parte1/resultados_Bike/bike_hour_h216_n035__20260417_161357.jld2,w216,127,35,1.0e-5,StrategySelective,Selective,1,0.11483112755777489,0.1737208603646748,0.031622627012703235,0.3245326663145154,0.20440200623049581,33,1.585299015045166,2.094187021255493,,12,12,true
bike_hour_h216_n035__20260417_161357.jld2,parte1/resultados_Bike/bike_hour_h216_n035__20260417_161357.jld2,w216,167,35,1.0e-6,StrategySelective,Selective,1,0.11583540951588046,0.1730340410596066,0.03131815583613716,0.326650420423655,0.20393239989183196,33,2.4686279296875,2.974001884460449,,12,12,true
bike_hour_h216_n035__20260417_161357.jld2,parte1/resultados_Bike/bike_hour_h216_n035__20260417_161357.jld2,w216,207,35,1.0e-7,StrategySelective,Selective,1,0.11585636871232961,0.17302688427226534,0.03131459871285252,0.3266386452953219,0.20393159597175475,33,3.139370918273926,3.6314120292663574,,12,12,true
bike_hour_h216_n035__20260417_161357.jld2,parte1/resultados_Bike/bike_hour_h216_n035__20260417_161357.jld2,w216,247,35,0.01,StrategySelectiveWithConstantOptimization,Selective+ConstOpt,1,0.16643315192230618,0.2212916806519446,0.05096846345626221,-0.09537120032861114,0.26076270660365763,33,0.5194590091705322,1.0117130279541016,,12,12,true
bike_hour_h216_n035__20260417_161357.jld2,parte1/resultados_Bike/bike_hour_h216_n035__20260417_161357.jld2,w216,287,35,0.001,StrategySelectiveWithConstantOptimization,Selective+ConstOpt,1,0.16643315192230618,0.2212916806519446,0.05096846345626221,-0.09537120032861114,0.26076270660365763,33,0.18898510932922363,0.7060351371765137,,12,12,true
bike_hour_h216_n035__20260417_161357.jld2,parte1/resultados_Bike/bike_hour_h216_n035__20260417_161357.jld2,w216,327,35,0.0001,StrategySelectiveWithConstantOptimization,Selective+ConstOpt,1,0.11830038977019915,0.17620943763487995,0.03238376413524686,0.29821386591506466,0.20800047174413286,33,1.2616360187530518,1.9789578914642334,,12,12,true
bike_hour_h216_n035__20260417_161357.jld2,parte1/resultados_Bike/bike_hour_h216_n035__20260417_161357.jld2,w216,367,35,1.0e-5,StrategySelectiveWithConstantOptimization,Selective+ConstOpt,1,0.11462961733790836,0.16777061474879287,0.029367059726291698,0.3581342161067586,0.1985586993585586,33,1.8001158237457275,2.296627998352051,,12,12,true
bike_hour_h216_n035__20260417_161357.jld2,parte1/resultados_Bike/bike_hour_h216_n035__20260417_161357.jld2,w216,407,35,1.0e-6,StrategySelectiveWithConstantOptimization,Selective+ConstOpt,1,0.11588638785906161,0.1730543262390989,0.03132517348941144,0.3264802702063934,0.2039582849657978,33,1.7978010177612305,2.4415388107299805,,12,12,true
bike_hour_h216_n035__20260417_161357.jld2,parte1/resultados_Bike/bike_hour_h216_n035__20260417_161357.jld2,w216,447,35,1.0e-7,StrategySelectiveWithConstantOptimization,Selective+ConstOpt,1,0.11634731653141987,0.17470113054616296,0.03190290041519517,0.3151521692353563,0.20576947626840889,33,2.471228837966919,3.2340288162231445,,12,12,true
bike_hour_h216_n040__20260417_161357.jld2,parte1/resultados_Bike/bike_hour_h216_n040__20260417_161357.jld2,w216,8,40,0.01,StrategySelective,Selective,1,0.16643315192230618,0.2212916806519446,0.05096846345626221,-0.09537120032861114,0.26076270660365763,33,7.476301908493042,10.695432901382446,,12,12,true
bike_hour_h216_n040__20260417_161357.jld2,parte1/resultados_Bike/bike_hour_h216_n040__20260417_161357.jld2,w216,48,40,0.001,StrategySelective,Selective,1,0.16643315192230618,0.2212916806519446,0.05096846345626221,-0.09537120032861114,0.26076270660365763,33,0.04311800003051758,0.5721189975738525,,12,12,true
bike_hour_h216_n040__20260417_161357.jld2,parte1/resultados_Bike/bike_hour_h216_n040__20260417_161357.jld2,w216,88,40,0.0001,StrategySelective,Selective,1,0.11555478267174342,0.1728825325562661,0.031263698962023447,0.32767474893415,0.20374672200863078,33,3.210223913192749,4.095440149307251,,12,12,true
bike_hour_h216_n040__20260417_161357.jld2,parte1/resultados_Bike/bike_hour_h216_n040__20260417_161357.jld2,w216,128,40,1.0e-5,StrategySelective,Selective,1,0.1161684313956956,0.17114304696604898,0.030600560821240633,0.3380344974035993,0.2020305420832061,33,2.928816080093384,3.6306209564208984,,12,12,true
bike_hour_h216_n040__20260417_161357.jld2,parte1/resultados_Bike/bike_hour_h216_n040__20260417_161357.jld2,w216,168,40,1.0e-6,StrategySelective,Selective,1,0.11417281665839316,0.17084572355629257,0.030587181937741768,0.3458700656844155,0.20121312258118218,33,2.5325851440429688,3.0324671268463135,,12,12,true
bike_hour_h216_n040__20260417_161357.jld2,parte1/resultados_Bike/bike_hour_h216_n040__20260417_161357.jld2,w216,208,40,1.0e-7,StrategySelective,Selective,1,0.1141631606289443,0.17086260453168092,0.030594548323942886,0.345846977475113,0.20122170998088124,33,3.487786054611206,4.1317009925842285,,12,12,true
bike_hour_h216_n040__20260417_161357.jld2,parte1/resultados_Bike/bike_hour_h216_n040__20260417_161357.jld2,w216,248,40,0.01,StrategySelectiveWithConstantOptimization,Selective+ConstOpt,1,0.16643315192230618,0.2212916806519446,0.05096846345626221,-0.09537120032861114,0.26076270660365763,33,0.5161309242248535,0.996164083480835,,12,12,true
bike_hour_h216_n040__20260417_161357.jld2,parte1/resultados_Bike/bike_hour_h216_n040__20260417_161357.jld2,w216,288,40,0.001,StrategySelectiveWithConstantOptimization,Selective+ConstOpt,1,0.16643315192230618,0.2212916806519446,0.05096846345626221,-0.09537120032861114,0.26076270660365763,33,0.03450608253479004,0.5207040309906006,,12,12,true
bike_hour_h216_n040__20260417_161357.jld2,parte1/resultados_Bike/bike_hour_h216_n040__20260417_161357.jld2,w216,328,40,0.0001,StrategySelectiveWithConstantOptimization,Selective+ConstOpt,1,0.11719950595248758,0.1741981079110568,0.0315914823639739,0.308980048132755,0.20612579768088915,33,2.17454195022583,2.8422749042510986,,12,12,true
bike_hour_h216_n040__20260417_161357.jld2,parte1/resultados_Bike/bike_hour_h216_n040__20260417_161357.jld2,w216,368,40,1.0e-5,StrategySelectiveWithConstantOptimization,Selective+ConstOpt,1,0.11304656501438042,0.16545433514460092,0.02859709292265421,0.37505538395465304,0.1958749071343651,33,2.1544017791748047,2.6351959705352783,,12,12,true
bike_hour_h216_n040__20260417_161357.jld2,parte1/resultados_Bike/bike_hour_h216_n040__20260417_161357.jld2,w216,408,40,1.0e-6,StrategySelectiveWithConstantOptimization,Selective+ConstOpt,1,0.11429304671991827,0.1707853930032969,0.030557792638069018,0.3465712061528588,0.20112009319392282,33,2.3946070671081543,2.8733749389648438,,12,12,true
bike_hour_h216_n040__20260417_161357.jld2,parte1/resultados_Bike/bike_hour_h216_n040__20260417_161357.jld2,w216,448,40,1.0e-7,StrategySelectiveWithConstantOptimization,Selective+ConstOpt,1,0.11654241192101913,0.17430289729862578,0.031738092126356705,0.3167405740894224,0.20546247345263963,33,10.940294027328491,11.570626020431519,,12,12,true
bike_hour_h216_n045__20260417_161357.jld2,parte1/resultados_Bike/bike_hour_h216_n045__20260417_161357.jld2,w216,9,45,0.01,StrategySelective,Selective,1,0.16643315192230618,0.2212916806519446,0.05096846345626221,-0.09537120032861114,0.26076270660365763,33,7.048626184463501,10.11129379272461,,12,12,true
bike_hour_h216_n045__20260417_161357.jld2,parte1/resultados_Bike/bike_hour_h216_n045__20260417_161357.jld2,w216,49,45,0.001,StrategySelective,Selective,1,0.16643315192230618,0.2212916806519446,0.05096846345626221,-0.09537120032861114,0.26076270660365763,33,0.04011821746826172,0.5351109504699707,,12,12,true
bike_hour_h216_n045__20260417_161357.jld2,parte1/resultados_Bike/bike_hour_h216_n045__20260417_161357.jld2,w216,89,45,0.0001,StrategySelective,Selective,1,0.11384234344728925,0.16745937408053344,0.02922462155762377,0.3567102283170263,0.19850318511997014,33,3.8942859172821045,4.735128879547119,,12,12,true
bike_hour_h216_n045__20260417_161357.jld2,parte1/resultados_Bike/bike_hour_h216_n045__20260417_161357.jld2,w216,129,45,1.0e-5,StrategySelective,Selective,1,0.11456281064654224,0.16755294040024876,0.02928968800117003,0.3595241164867811,0.1983203562369951,33,2.931007146835327,3.4182209968566895,,12,12,true
bike_hour_h216_n045__20260417_161357.jld2,parte1/resultados_Bike/bike_hour_h216_n045__20260417_161357.jld2,w216,169,45,1.0e-6,StrategySelective,Selective,1,0.11286393916974419,0.16545218284629523,0.028600176191004963,0.376841676877037,0.1958035255144638,33,3.9226059913635254,4.7079479694366455,,12,12,true
bike_hour_h216_n045__20260417_161357.jld2,parte1/resultados_Bike/bike_hour_h216_n045__20260417_161357.jld2,w216,209,45,1.0e-7,StrategySelective,Selective,1,0.1128800103343492,0.16544903998708244,0.028598560199093095,0.3767703576283312,0.19580918494939697,33,5.5644590854644775,6.044190168380737,,12,12,true
bike_hour_h216_n045__20260417_161357.jld2,parte1/resultados_Bike/bike_hour_h216_n045__20260417_161357.jld2,w216,249,45,0.01,StrategySelectiveWithConstantOptimization,Selective+ConstOpt,1,0.16643315192230618,0.2212916806519446,0.05096846345626221,-0.09537120032861114,0.26076270660365763,33,0.5137960910797119,0.9897029399871826,,12,12,true
bike_hour_h216_n045__20260417_161357.jld2,parte1/resultados_Bike/bike_hour_h216_n045__20260417_161357.jld2,w216,289,45,0.001,StrategySelectiveWithConstantOptimization,Selective+ConstOpt,1,0.16643315192230618,0.2212916806519446,0.05096846345626221,-0.09537120032861114,0.26076270660365763,33,0.036871910095214844,0.5216100215911865,,12,12,true
bike_hour_h216_n045__20260417_161357.jld2,parte1/resultados_Bike/bike_hour_h216_n045__20260417_161357.jld2,w216,329,45,0.0001,StrategySelectiveWithConstantOptimization,Selective+ConstOpt,1,0.1158433897731275,0.16700154992753083,0.028940378493729674,0.3514202917508143,0.19860491729179272,33,2.6203441619873047,3.5089409351348877,,12,12,true
bike_hour_h216_n045__20260417_161357.jld2,parte1/resultados_Bike/bike_hour_h216_n045__20260417_161357.jld2,w216,369,45,1.0e-5,StrategySelectiveWithConstantOptimization,Selective+ConstOpt,1,0.10398788032190015,0.1493923645926531,0.023126865628641476,0.4665959775334838,0.17862129324503498,33,3.007283926010132,3.65035080909729,,12,12,true
bike_hour_h216_n045__20260417_161357.jld2,parte1/resultados_Bike/bike_hour_h216_n045__20260417_161357.jld2,w216,409,45,1.0e-6,StrategySelectiveWithConstantOptimization,Selective+ConstOpt,1,0.11286327380163289,0.16546321840074338,0.028604368228231,0.37678447938767723,0.19581454694596806,33,3.170332908630371,3.651984214782715,,12,12,true
bike_hour_h216_n045__20260417_161357.jld2,parte1/resultados_Bike/bike_hour_h216_n045__20260417_161357.jld2,w216,449,45,1.0e-7,StrategySelectiveWithConstantOptimization,Selective+ConstOpt,1,0.10327096370819928,0.15208365078910002,0.023946445846483012,0.4651180146283182,0.18046934281336266,33,39.1920371055603,39.918498039245605,,12,12,true
bike_hour_h216_n050__20260417_161357.jld2,parte1/resultados_Bike/bike_hour_h216_n050__20260417_161357.jld2,w216,10,50,0.01,StrategySelective,Selective,1,0.16643315192230618,0.2212916806519446,0.05096846345626221,-0.09537120032861114,0.26076270660365763,33,7.464363098144531,10.717989206314087,,12,12,true
bike_hour_h216_n050__20260417_161357.jld2,parte1/resultados_Bike/bike_hour_h216_n050__20260417_161357.jld2,w216,50,50,0.001,StrategySelective,Selective,1,0.16643315192230618,0.2212916806519446,0.05096846345626221,-0.09537120032861114,0.26076270660365763,33,0.04033207893371582,0.5456559658050537,,12,12,true
bike_hour_h216_n050__20260417_161357.jld2,parte1/resultados_Bike/bike_hour_h216_n050__20260417_161357.jld2,w216,90,50,0.0001,StrategySelective,Selective,1,0.11340572426469785,0.16565772351861016,0.02856674898272806,0.36611261774248566,0.19673236211800027,33,4.601478099822998,5.588828802108765,,12,12,true
bike_hour_h216_n050__20260417_161357.jld2,parte1/resultados_Bike/bike_hour_h216_n050__20260417_161357.jld2,w216,130,50,1.0e-5,StrategySelective,Selective,1,0.11375352411288317,0.16560891532177494,0.028583069319386034,0.370453100432853,0.19634835783406937,33,4.282670021057129,4.776943922042847,,12,12,true
bike_hour_h216_n050__20260417_161357.jld2,parte1/resultados_Bike/bike_hour_h216_n050__20260417_161357.jld2,w216,170,50,1.0e-6,StrategySelective,Selective,1,0.11288863096616392,0.16543692042848568,0.02859601190992298,0.3769545022209204,0.19578289415667216,33,4.116706132888794,4.600593090057373,,12,12,true
bike_hour_h216_n050__20260417_161357.jld2,parte1/resultados_Bike/bike_hour_h216_n050__20260417_161357.jld2,w216,210,50,1.0e-7,StrategySelective,Selective,1,0.1106809208336424,0.16258594644845417,0.027618766980784897,0.39829190491929617,0.19236496509276158,33,7.163694858551025,7.650289058685303,,12,12,true
bike_hour_h216_n050__20260417_161357.jld2,parte1/resultados_Bike/bike_hour_h216_n050__20260417_161357.jld2,w216,250,50,0.01,StrategySelectiveWithConstantOptimization,Selective+ConstOpt,1,0.16643315192230618,0.2212916806519446,0.05096846345626221,-0.09537120032861114,0.26076270660365763,33,0.5372011661529541,1.019590139389038,,12,12,true
bike_hour_h216_n050__20260417_161357.jld2,parte1/resultados_Bike/bike_hour_h216_n050__20260417_161357.jld2,w216,290,50,0.001,StrategySelectiveWithConstantOptimization,Selective+ConstOpt,1,0.16643315192230618,0.2212916806519446,0.05096846345626221,-0.09537120032861114,0.26076270660365763,33,0.03434300422668457,0.537074089050293,,12,12,true
bike_hour_h216_n050__20260417_161357.jld2,parte1/resultados_Bike/bike_hour_h216_n050__20260417_161357.jld2,w216,330,50,0.0001,StrategySelectiveWithConstantOptimization,Selective+ConstOpt,1,0.11529199898373448,0.16465758956654417,0.028247365514074446,0.37899066175657853,0.1949802949620666,33,3.446030855178833,4.268136024475098,,12,12,true
bike_hour_h216_n050__20260417_161357.jld2,parte1/resultados_Bike/bike_hour_h216_n050__20260417_161357.jld2,w216,370,50,1.0e-5,StrategySelectiveWithConstantOptimization,Selective+ConstOpt,1,0.10451820759591933,0.14929245317440812,0.023098207204311456,0.46750779954152905,0.17849902075481852,33,3.5554678440093994,4.049069881439209,,12,12,true
bike_hour_h216_n050__20260417_161357.jld2,parte1/resultados_Bike/bike_hour_h216_n050__20260417_161357.jld2,w216,410,50,1.0e-6,StrategySelectiveWithConstantOptimization,Selective+ConstOpt,1,0.11064879291376352,0.16254912375706637,0.027606004198400695,0.39853345388557554,0.19232346320345842,33,3.809499979019165,4.288161039352417,,12,12,true
bike_hour_h216_n050__20260417_161357.jld2,parte1/resultados_Bike/bike_hour_h216_n050__20260417_161357.jld2,w216,450,50,1.0e-7,StrategySelectiveWithConstantOptimization,Selective+ConstOpt,1,0.10278119131198138,0.14992735964995024,0.023205331627757973,0.47353231433159515,0.17838343676553783,33,51.90031409263611,52.58006310462952,,12,12,true
bike_hour_h216_n055__20260417_161357.jld2,parte1/resultados_Bike/bike_hour_h216_n055__20260417_161357.jld2,w216,11,55,0.01,StrategySelective,Selective,1,0.16643315192230618,0.2212916806519446,0.05096846345626221,-0.09537120032861114,0.26076270660365763,33,8.27327585220337,11.826688051223755,,12,12,true
bike_hour_h216_n055__20260417_161357.jld2,parte1/resultados_Bike/bike_hour_h216_n055__20260417_161357.jld2,w216,51,55,0.001,StrategySelective,Selective,1,0.16643315192230618,0.2212916806519446,0.05096846345626221,-0.09537120032861114,0.26076270660365763,33,0.045516014099121094,0.6327698230743408,,12,12,true
bike_hour_h216_n055__20260417_161357.jld2,parte1/resultados_Bike/bike_hour_h216_n055__20260417_161357.jld2,w216,91,55,0.0001,StrategySelective,Selective,1,0.11242469603335246,0.1635851231295005,0.027889176631115772,0.3822329573795758,0.19420402386799807,33,6.1829328536987305,7.3144850730896,,12,12,true
bike_hour_h216_n055__20260417_161357.jld2,parte1/resultados_Bike/bike_hour_h216_n055__20260417_161357.jld2,w216,131,55,1.0e-5,StrategySelective,Selective,1,0.11072310917239972,0.16216479925124555,0.027459012537676207,0.39691434603359654,0.1922190367700067,33,5.753934144973755,6.29197883605957,,12,12,true
bike_hour_h216_n055__20260417_161357.jld2,parte1/resultados_Bike/bike_hour_h216_n055__20260417_161357.jld2,w216,171,55,1.0e-6,StrategySelective,Selective,1,0.11163099123012957,0.1626753156055392,0.027616408679380144,0.394138567115389,0.1927793237377068,33,9.849769115447998,10.789191961288452,,12,12,true
bike_hour_h216_n055__20260417_161357.jld2,parte1/resultados_Bike/bike_hour_h216_n055__20260417_161357.jld2,w216,211,55,1.0e-7,StrategySelective,Selective,1,0.11067138247573578,0.16231791497851616,0.02752603161407508,0.39971956670543873,0.19209854951734312,33,9.698134899139404,10.238394021987915,,12,12,true
bike_hour_h216_n055__20260417_161357.jld2,parte1/resultados_Bike/bike_hour_h216_n055__20260417_161357.jld2,w216,251,55,0.01,StrategySelectiveWithConstantOptimization,Selective+ConstOpt,1,0.16643315192230618,0.2212916806519446,0.05096846345626221,-0.09537120032861114,0.26076270660365763,33,0.6304869651794434,1.1668939590454102,,12,12,true
bike_hour_h216_n055__20260417_161357.jld2,parte1/resultados_Bike/bike_hour_h216_n055__20260417_161357.jld2,w216,291,55,0.001,StrategySelectiveWithConstantOptimization,Selective+ConstOpt,1,0.16643315192230618,0.2212916806519446,0.05096846345626221,-0.09537120032861114,0.26076270660365763,33,0.0440669059753418,0.5842328071594238,,12,12,true
bike_hour_h216_n055__20260417_161357.jld2,parte1/resultados_Bike/bike_hour_h216_n055__20260417_161357.jld2,w216,331,55,0.0001,StrategySelectiveWithConstantOptimization,Selective+ConstOpt,1,0.11663853140747604,0.16352676765951993,0.02785473396308607,0.38628223191523614,0.1937356621685124,33,4.711580038070679,5.646036863327026,,12,12,true
bike_hour_h216_n055__20260417_161357.jld2,parte1/resultados_Bike/bike_hour_h216_n055__20260417_161357.jld2,w216,371,55,1.0e-5,StrategySelectiveWithConstantOptimization,Selective+ConstOpt,1,0.10321775346188757,0.14401930494200035,0.021459099374863257,0.5026907564286043,0.1723101248226463,33,5.400071859359741,6.046050071716309,,12,12,true
bike_hour_h216_n055__20260417_161357.jld2,parte1/resultados_Bike/bike_hour_h216_n055__20260417_161357.jld2,w216,411,55,1.0e-6,StrategySelectiveWithConstantOptimization,Selective+ConstOpt,1,0.10950471704302295,0.1606007359437962,0.026929241358225553,0.40948265802998424,0.19029041128586455,33,5.778832912445068,6.286391019821167,,12,12,true
bike_hour_h216_n055__20260417_161357.jld2,parte1/resultados_Bike/bike_hour_h216_n055__20260417_161357.jld2,w216,451,55,1.0e-7,StrategySelectiveWithConstantOptimization,Selective+ConstOpt,1,0.09994899558482755,0.1436806479850496,0.021174013638800622,0.4915986727553273,0.17263289197167453,33,78.81223893165588,79.46881294250488,,12,12,true
bike_hour_h216_n060__20260417_161357.jld2,parte1/resultados_Bike/bike_hour_h216_n060__20260417_161357.jld2,w216,12,60,0.01,StrategySelective,Selective,1,0.16643315192230618,0.2212916806519446,0.05096846345626221,-0.09537120032861114,0.26076270660365763,33,8.256289005279541,11.800924062728882,,12,12,true
bike_hour_h216_n060__20260417_161357.jld2,parte1/resultados_Bike/bike_hour_h216_n060__20260417_161357.jld2,w216,52,60,0.001,StrategySelective,Selective,1,0.16643315192230618,0.2212916806519446,0.05096846345626221,-0.09537120032861114,0.26076270660365763,33,0.04481196403503418,0.6293511390686035,,12,12,true
bike_hour_h216_n060__20260417_161357.jld2,parte1/resultados_Bike/bike_hour_h216_n060__20260417_161357.jld2,w216,92,60,0.0001,StrategySelective,Selective,1,0.11258573689245377,0.16394789753434846,0.028019940714527226,0.38040406722085995,0.19456654194925313,33,6.344315052032471,7.477349042892456,,12,12,true
bike_hour_h216_n060__20260417_161357.jld2,parte1/resultados_Bike/bike_hour_h216_n060__20260417_161357.jld2,w216,132,60,1.0e-5,StrategySelective,Selective,1,0.11076906754016327,0.16216570569989017,0.02745813654140389,0.396910754313974,0.19222088553286026,33,6.613232135772705,7.160001993179321,,12,12,true
bike_hour_h216_n060__20260417_161357.jld2,parte1/resultados_Bike/bike_hour_h216_n060__20260417_161357.jld2,w216,172,60,1.0e-6,StrategySelective,Selective,1,0.10256240477405237,0.13784740903438877,0.019516586127495305,0.5446998831616042,0.1649844180639819,33,10.699573040008545,11.312539100646973,,12,12,true
bike_hour_h216_n060__20260417_161357.jld2,parte1/resultados_Bike/bike_hour_h216_n060__20260417_161357.jld2,w216,212,60,1.0e-7,StrategySelective,Selective,1,0.1100819320051557,0.16170207936778214,0.027311776131478033,0.4036937353393227,0.19141806039245482,33,16.11216115951538,16.654747009277344,,12,12,true
bike_hour_h216_n060__20260417_161357.jld2,parte1/resultados_Bike/bike_hour_h216_n060__20260417_161357.jld2,w216,252,60,0.01,StrategySelectiveWithConstantOptimization,Selective+ConstOpt,1,0.16643315192230618,0.2212916806519446,0.05096846345626221,-0.09537120032861114,0.26076270660365763,33,0.6232359409332275,1.1574969291687012,,12,12,true
bike_hour_h216_n060__20260417_161357.jld2,parte1/resultados_Bike/bike_hour_h216_n060__20260417_161357.jld2,w216,292,60,0.001,StrategySelectiveWithConstantOptimization,Selective+ConstOpt,1,0.16643315192230618,0.2212916806519446,0.05096846345626221,-0.09537120032861114,0.26076270660365763,33,0.043953895568847656,0.5805859565734863,,12,12,true
bike_hour_h216_n060__20260417_161357.jld2,parte1/resultados_Bike/bike_hour_h216_n060__20260417_161357.jld2,w216,332,60,0.0001,StrategySelectiveWithConstantOptimization,Selective+ConstOpt,1,0.1161369779390681,0.16376519968589603,0.02792792558149118,0.38462239159803907,0.19401230883410747,33,4.717714071273804,5.574863910675049,,12,12,true
bike_hour_h216_n060__20260417_161357.jld2,parte1/resultados_Bike/bike_hour_h216_n060__20260417_161357.jld2,w216,372,60,1.0e-5,StrategySelectiveWithConstantOptimization,Selective+ConstOpt,1,0.10161531885905473,0.13879189744562007,0.019875674090557353,0.5345794777344405,0.16623295817864306,33,6.330844879150391,6.984853982925415,,12,12,true
bike_hour_h216_n060__20260417_161357.jld2,parte1/resultados_Bike/bike_hour_h216_n060__20260417_161357.jld2,w216,412,60,1.0e-6,StrategySelectiveWithConstantOptimization,Selective+ConstOpt,1,0.10981469679609068,0.16059683479660003,0.0269231370560269,0.40949068910162556,0.19028862263336183,33,5.84817099571228,6.634973049163818,,12,12,true
bike_hour_h216_n060__20260417_161357.jld2,parte1/resultados_Bike/bike_hour_h216_n060__20260417_161357.jld2,w216,452,60,1.0e-7,StrategySelectiveWithConstantOptimization,Selective+ConstOpt,1,0.09570617916894751,0.13420042966869256,0.018536372198532006,0.5547358341387424,0.16129963644351,33,123.35301399230957,123.99243998527527,,12,12,true
bike_hour_h216_n065__20260417_161357.jld2,parte1/resultados_Bike/bike_hour_h216_n065__20260417_161357.jld2,w216,13,65,0.01,StrategySelective,Selective,1,0.16643315192230618,0.2212916806519446,0.05096846345626221,-0.09537120032861114,0.26076270660365763,33,8.278648138046265,11.818059921264648,,12,12,true
bike_hour_h216_n065__20260417_161357.jld2,parte1/resultados_Bike/bike_hour_h216_n065__20260417_161357.jld2,w216,53,65,0.001,StrategySelective,Selective,1,0.16643315192230618,0.2212916806519446,0.05096846345626221,-0.09537120032861114,0.26076270660365763,33,0.044328927993774414,0.6190719604492188,,12,12,true
bike_hour_h216_n065__20260417_161357.jld2,parte1/resultados_Bike/bike_hour_h216_n065__20260417_161357.jld2,w216,93,65,0.0001,StrategySelective,Selective,1,0.10948892453573787,0.15888146495778943,0.02631405401306198,0.4141216259227684,0.18882594192011107,33,7.710923910140991,8.9548978805542,,12,12,true
bike_hour_h216_n065__20260417_161357.jld2,parte1/resultados_Bike/bike_hour_h216_n065__20260417_161357.jld2,w216,133,65,1.0e-5,StrategySelective,Selective,1,0.10274368402935621,0.14490530979221478,0.021676909378758345,0.4824909659161536,0.17427363832410722,33,7.601686954498291,8.270066976547241,,12,12,true
bike_hour_h216_n065__20260417_161357.jld2,parte1/resultados_Bike/bike_hour_h216_n065__20260417_161357.jld2,w216,173,65,1.0e-6,StrategySelective,Selective,1,0.11603177625686364,0.14099372942558253,0.020540240570470835,0.5253006968465189,0.16804323659699874,33,21.519622802734375,22.057548999786377,,12,12,true
bike_hour_h216_n065__20260417_161357.jld2,parte1/resultados_Bike/bike_hour_h216_n065__20260417_161357.jld2,w216,213,65,1.0e-7,StrategySelective,Selective,1,0.11012615617433434,0.1615849770544428,0.027283326841150226,0.4048365009733042,0.1912654358932279,33,17.859336853027344,18.392634868621826,,12,12,true
bike_hour_h216_n065__20260417_161357.jld2,parte1/resultados_Bike/bike_hour_h216_n065__20260417_161357.jld2,w216,253,65,0.01,StrategySelectiveWithConstantOptimization,Selective+ConstOpt,1,0.16643315192230618,0.2212916806519446,0.05096846345626221,-0.09537120032861114,0.26076270660365763,33,0.5728781223297119,1.0868721008300781,,12,12,true
bike_hour_h216_n065__20260417_161357.jld2,parte1/resultados_Bike/bike_hour_h216_n065__20260417_161357.jld2,w216,293,65,0.001,StrategySelectiveWithConstantOptimization,Selective+ConstOpt,1,0.16643315192230618,0.2212916806519446,0.05096846345626221,-0.09537120032861114,0.26076270660365763,33,0.040060997009277344,0.538862943649292,,12,12,true
bike_hour_h216_n065__20260417_161357.jld2,parte1/resultados_Bike/bike_hour_h216_n065__20260417_161357.jld2,w216,333,65,0.0001,StrategySelectiveWithConstantOptimization,Selective+ConstOpt,1,0.11437016803076379,0.158374446421342,0.02610877957029953,0.4183507072056426,0.18809316730434028,33,5.958101034164429,6.683651924133301,,12,12,true
bike_hour_h216_n065__20260417_161357.jld2,parte1/resultados_Bike/bike_hour_h216_n065__20260417_161357.jld2,w216,373,65,1.0e-5,StrategySelectiveWithConstantOptimization,Selective+ConstOpt,1,0.10159860810204088,0.14030571340576306,0.020320303911913314,0.5272836998565941,0.16788268181891605,33,8.325463056564331,8.947642087936401,,12,12,true
bike_hour_h216_n065__20260417_161357.jld2,parte1/resultados_Bike/bike_hour_h216_n065__20260417_161357.jld2,w216,413,65,1.0e-6,StrategySelectiveWithConstantOptimization,Selective+ConstOpt,1,0.09917491024089332,0.13936359333864784,0.02006093590826651,0.5237183073016607,0.16751771365581214,33,8.091452836990356,8.6179940700531,,12,12,true
bike_hour_h216_n065__20260417_161357.jld2,parte1/resultados_Bike/bike_hour_h216_n065__20260417_161357.jld2,w216,453,65,1.0e-7,StrategySelectiveWithConstantOptimization,Selective+ConstOpt,1,0.09438029665258854,0.1331717772443085,0.018254126075861594,0.5601982967611131,0.16011096791552312,33,145.99709510803223,146.62565898895264,,12,12,true
bike_hour_h216_n070__20260417_161357.jld2,parte1/resultados_Bike/bike_hour_h216_n070__20260417_161357.jld2,w216,14,70,0.01,StrategySelective,Selective,1,0.16643315192230618,0.2212916806519446,0.05096846345626221,-0.09537120032861114,0.26076270660365763,33,8.26335096359253,11.801143884658813,,12,12,true
bike_hour_h216_n070__20260417_161357.jld2,parte1/resultados_Bike/bike_hour_h216_n070__20260417_161357.jld2,w216,54,70,0.001,StrategySelective,Selective,1,0.16643315192230618,0.2212916806519446,0.05096846345626221,-0.09537120032861114,0.26076270660365763,33,0.045281171798706055,0.6201870441436768,,12,12,true
bike_hour_h216_n070__20260417_161357.jld2,parte1/resultados_Bike/bike_hour_h216_n070__20260417_161357.jld2,w216,94,70,0.0001,StrategySelective,Selective,1,0.10881280297918006,0.15667660203551934,0.02560995919683335,0.431557515194919,0.18614162616366028,33,9.396562814712524,10.729926824569702,,12,12,true
bike_hour_h216_n070__20260417_161357.jld2,parte1/resultados_Bike/bike_hour_h216_n070__20260417_161357.jld2,w216,134,70,1.0e-5,StrategySelective,Selective,1,0.10470069354529635,0.14995911009360646,0.023297261625196748,0.4579394758750967,0.17948698029395174,33,9.828112125396729,10.601725101470947,,12,12,true
bike_hour_h216_n070__20260417_161357.jld2,parte1/resultados_Bike/bike_hour_h216_n070__20260417_161357.jld2,w216,174,70,1.0e-6,StrategySelective,Selective,1,0.13977305549176952,0.1584030737959476,0.02589618991410842,0.4023025677780488,0.18878358062972136,33,25.573832988739014,26.10727095603943,,12,12,true
bike_hour_h216_n070__20260417_161357.jld2,parte1/resultados_Bike/bike_hour_h216_n070__20260417_161357.jld2,w216,214,70,1.0e-7,StrategySelective,Selective,1,0.10923176461029035,0.15965901550446313,0.026618883366277227,0.4160566165325376,0.18922870938591843,33,22.671903133392334,23.185054063796997,,12,12,true
bike_hour_h216_n070__20260417_161357.jld2,parte1/resultados_Bike/bike_hour_h216_n070__20260417_161357.jld2,w216,254,70,0.01,StrategySelectiveWithConstantOptimization,Selective+ConstOpt,1,0.16643315192230618,0.2212916806519446,0.05096846345626221,-0.09537120032861114,0.26076270660365763,33,0.6578559875488281,1.1886770725250244,,12,12,true
bike_hour_h216_n070__20260417_161357.jld2,parte1/resultados_Bike/bike_hour_h216_n070__20260417_161357.jld2,w216,294,70,0.001,StrategySelectiveWithConstantOptimization,Selective+ConstOpt,1,0.16643315192230618,0.2212916806519446,0.05096846345626221,-0.09537120032861114,0.26076270660365763,33,0.038725852966308594,0.5783720016479492,,12,12,true
bike_hour_h216_n070__20260417_161357.jld2,parte1/resultados_Bike/bike_hour_h216_n070__20260417_161357.jld2,w216,334,70,0.0001,StrategySelectiveWithConstantOptimization,Selective+ConstOpt,1,0.11399557011842479,0.15759907913298035,0.02586834686466217,0.4249565058182559,0.18709705934833734,33,7.562819957733154,8.199029922485352,,12,12,true
bike_hour_h216_n070__20260417_161357.jld2,parte1/resultados_Bike/bike_hour_h216_n070__20260417_161357.jld2,w216,374,70,1.0e-5,StrategySelectiveWithConstantOptimization,Selective+ConstOpt,1,0.10070455937764929,0.13960452032382378,0.020118384196252757,0.5330186273833262,0.16698930768026563,33,9.188928127288818,9.721476078033447,,12,12,true
bike_hour_h216_n070__20260417_161357.jld2,parte1/resultados_Bike/bike_hour_h216_n070__20260417_161357.jld2,w216,414,70,1.0e-6,StrategySelectiveWithConstantOptimization,Selective+ConstOpt,1,0.09184321812953915,0.13327786193836744,0.018334899328884866,0.5571415686781588,0.1605631217389097,33,11.963062047958374,12.492029190063477,,12,12,true
bike_hour_h216_n070__20260417_161357.jld2,parte1/resultados_Bike/bike_hour_h216_n070__20260417_161357.jld2,w216,454,70,1.0e-7,StrategySelectiveWithConstantOptimization,Selective+ConstOpt,1,0.09383933650893088,0.13273345687463353,0.018129462461210666,0.5619860745432864,0.15967377716577,33,151.0686640739441,151.69274306297302,,12,12,true
bike_hour_h216_n075__20260417_161357.jld2,parte1/resultados_Bike/bike_hour_h216_n075__20260417_161357.jld2,w216,15,75,0.01,StrategySelective,Selective,1,0.16643315192230618,0.2212916806519446,0.05096846345626221,-0.09537120032861114,0.26076270660365763,33,8.256652116775513,11.812173128128052,,12,12,true
bike_hour_h216_n075__20260417_161357.jld2,parte1/resultados_Bike/bike_hour_h216_n075__20260417_161357.jld2,w216,55,75,0.001,StrategySelective,Selective,1,0.16643315192230618,0.2212916806519446,0.05096846345626221,-0.09537120032861114,0.26076270660365763,33,0.04663491249084473,0.6180770397186279,,12,12,true
bike_hour_h216_n075__20260417_161357.jld2,parte1/resultados_Bike/bike_hour_h216_n075__20260417_161357.jld2,w216,95,75,0.0001,StrategySelective,Selective,1,0.10746933056033933,0.1530306883380164,0.02446098525869259,0.4562204622530064,0.18186438690202175,33,11.128477811813354,12.51059103012085,,12,12,true
bike_hour_h216_n075__20260417_161357.jld2,parte1/resultados_Bike/bike_hour_h216_n075__20260417_161357.jld2,w216,135,75,1.0e-5,StrategySelective,Selective,1,0.10362389375762344,0.14929445034376615,0.023109350133279208,0.4638225390992468,0.17863433433572484,33,10.90034794807434,11.691563844680786,,12,12,true
bike_hour_h216_n075__20260417_161357.jld2,parte1/resultados_Bike/bike_hour_h216_n075__20260417_161357.jld2,w216,175,75,1.0e-6,StrategySelective,Selective,1,0.139622967229025,0.1582132580194571,0.025829293089738223,0.40389031015654164,0.18856673277693534,33,27.206401824951172,27.75692915916443,,12,12,true
bike_hour_h216_n075__20260417_161357.jld2,parte1/resultados_Bike/bike_hour_h216_n075__20260417_161357.jld2,w216,215,75,1.0e-7,StrategySelective,Selective,1,0.10863764445028093,0.15858169212458773,0.026289563818670862,0.4261578551546572,0.18776047195438475,33,35.7060809135437,36.2402560710907,,12,12,true
bike_hour_h216_n075__20260417_161357.jld2,parte1/resultados_Bike/bike_hour_h216_n075__20260417_161357.jld2,w216,255,75,0.01,StrategySelectiveWithConstantOptimization,Selective+ConstOpt,1,0.16643315192230618,0.2212916806519446,0.05096846345626221,-0.09537120032861114,0.26076270660365763,33,0.6299850940704346,1.1683800220489502,,12,12,true
bike_hour_h216_n075__20260417_161357.jld2,parte1/resultados_Bike/bike_hour_h216_n075__20260417_161357.jld2,w216,295,75,0.001,StrategySelectiveWithConstantOptimization,Selective+ConstOpt,1,0.16643315192230618,0.2212916806519446,0.05096846345626221,-0.09537120032861114,0.26076270660365763,33,0.039016008377075195,0.5795979499816895,,12,12,true
bike_hour_h216_n075__20260417_161357.jld2,parte1/resultados_Bike/bike_hour_h216_n075__20260417_161357.jld2,w216,335,75,0.0001,StrategySelectiveWithConstantOptimization,Selective+ConstOpt,1,0.11299637199521469,0.15636620114891514,0.025445642623064774,0.43113545462668756,0.18584800778820343,33,8.836314916610718,9.47855019569397,,12,12,true
bike_hour_h216_n075__20260417_161357.jld2,parte1/resultados_Bike/bike_hour_h216_n075__20260417_161357.jld2,w216,375,75,1.0e-5,StrategySelectiveWithConstantOptimization,Selective+ConstOpt,1,0.0987821229738248,0.13767890025155186,0.01956073003820042,0.5420138052318615,0.1649835132181287,33,8.87549901008606,9.410827159881592,,12,12,true
bike_hour_h216_n075__20260417_161357.jld2,parte1/resultados_Bike/bike_hour_h216_n075__20260417_161357.jld2,w216,415,75,1.0e-6,StrategySelectiveWithConstantOptimization,Selective+ConstOpt,1,0.08972282153538189,0.13191253428606703,0.01797181646016707,0.5806453970887686,0.1579594836471378,33,21.922435998916626,22.455820083618164,,12,12,true
bike_hour_h216_n075__20260417_161357.jld2,parte1/resultados_Bike/bike_hour_h216_n075__20260417_161357.jld2,w216,455,75,1.0e-7,StrategySelectiveWithConstantOptimization,Selective+ConstOpt,1,0.09393816232626594,0.1312873768723022,0.017750418567597053,0.5718145665866442,0.15787430625156065,33,243.23812198638916,243.86637711524963,,12,12,true
bike_hour_h216_n080__20260417_161357.jld2,parte1/resultados_Bike/bike_hour_h216_n080__20260417_161357.jld2,w216,16,80,0.01,StrategySelective,Selective,1,0.16643315192230618,0.2212916806519446,0.05096846345626221,-0.09537120032861114,0.26076270660365763,33,8.256112098693848,11.813115119934082,,12,12,true
bike_hour_h216_n080__20260417_161357.jld2,parte1/resultados_Bike/bike_hour_h216_n080__20260417_161357.jld2,w216,56,80,0.001,StrategySelective,Selective,1,0.16643315192230618,0.2212916806519446,0.05096846345626221,-0.09537120032861114,0.26076270660365763,33,0.04695010185241699,0.6309831142425537,,12,12,true
bike_hour_h216_n080__20260417_161357.jld2,parte1/resultados_Bike/bike_hour_h216_n080__20260417_161357.jld2,w216,96,80,0.0001,StrategySelective,Selective,1,0.10741155172331728,0.15219969124412955,0.024185265022641417,0.46007886907473783,0.18101536001723667,33,11.945389986038208,13.383046865463257,,12,12,true
bike_hour_h216_n080__20260417_161357.jld2,parte1/resultados_Bike/bike_hour_h216_n080__20260417_161357.jld2,w216,136,80,1.0e-5,StrategySelective,Selective,1,0.10278602663883324,0.14808838154709197,0.02275942163389435,0.4754186843815056,0.1770342612222726,33,12.698889970779419,13.48341703414917,,12,12,true
bike_hour_h216_n080__20260417_161357.jld2,parte1/resultados_Bike/bike_hour_h216_n080__20260417_161357.jld2,w216,176,80,1.0e-6,StrategySelective,Selective,1,0.13529307091649737,0.15396025939352143,0.024383392574099622,0.4253314808417366,0.18419394268025932,33,35.19399690628052,35.79856610298157,,12,12,true
bike_hour_h216_n080__20260417_161357.jld2,parte1/resultados_Bike/bike_hour_h216_n080__20260417_161357.jld2,w216,216,80,1.0e-7,StrategySelective,Selective,1,0.11097395260805268,0.150523394829084,0.02352924151155545,0.4724044549106457,0.17910942092943433,33,47.261945962905884,47.800405979156494,,12,12,true
bike_hour_h216_n080__20260417_161357.jld2,parte1/resultados_Bike/bike_hour_h216_n080__20260417_161357.jld2,w216,256,80,0.01,StrategySelectiveWithConstantOptimization,Selective+ConstOpt,1,0.16643315192230618,0.2212916806519446,0.05096846345626221,-0.09537120032861114,0.26076270660365763,33,0.6273598670959473,1.1546390056610107,,12,12,true
bike_hour_h216_n080__20260417_161357.jld2,parte1/resultados_Bike/bike_hour_h216_n080__20260417_161357.jld2,w216,296,80,0.001,StrategySelectiveWithConstantOptimization,Selective+ConstOpt,1,0.16643315192230618,0.2212916806519446,0.05096846345626221,-0.09537120032861114,0.26076270660365763,33,0.03856515884399414,0.5849637985229492,,12,12,true
bike_hour_h216_n080__20260417_161357.jld2,parte1/resultados_Bike/bike_hour_h216_n080__20260417_161357.jld2,w216,336,80,0.0001,StrategySelectiveWithConstantOptimization,Selective+ConstOpt,1,0.11164110406861051,0.15518568822661435,0.025072186833650253,0.4412426687614168,0.18435493697549032,33,11.302612066268921,11.831778049468994,,12,12,true
bike_hour_h216_n080__20260417_161357.jld2,parte1/resultados_Bike/bike_hour_h216_n080__20260417_161357.jld2,w216,376,80,1.0e-5,StrategySelectiveWithConstantOptimization,Selective+ConstOpt,1,0.09833864035693476,0.1357487677345539,0.01898038760246844,0.5511856850293082,0.16289356016517764,33,11.042571067810059,11.578833103179932,,12,12,true
bike_hour_h216_n080__20260417_161357.jld2,parte1/resultados_Bike/bike_hour_h216_n080__20260417_161357.jld2,w216,416,80,1.0e-6,StrategySelectiveWithConstantOptimization,Selective+ConstOpt,1,0.08760748733928843,0.12740030985938058,0.016681772888918377,0.5968071264217376,0.15338266752435756,33,31.9909029006958,32.51957607269287,,12,12,true
bike_hour_h216_n080__20260417_161357.jld2,parte1/resultados_Bike/bike_hour_h216_n080__20260417_161357.jld2,w216,456,80,1.0e-7,StrategySelectiveWithConstantOptimization,Selective+ConstOpt,1,0.09316013543528485,0.1305194018047778,0.01754828302942026,0.5796991495252133,0.1568143244251704,33,211.6579418182373,212.27518892288208,,12,12,true
bike_hour_h216_n085__20260417_161357.jld2,parte1/resultados_Bike/bike_hour_h216_n085__20260417_161357.jld2,w216,17,85,0.01,StrategySelective,Selective,1,0.16643315192230618,0.2212916806519446,0.05096846345626221,-0.09537120032861114,0.26076270660365763,33,8.248902082443237,11.78358507156372,,12,12,true
bike_hour_h216_n085__20260417_161357.jld2,parte1/resultados_Bike/bike_hour_h216_n085__20260417_161357.jld2,w216,57,85,0.001,StrategySelective,Selective,1,0.16643315192230618,0.2212916806519446,0.05096846345626221,-0.09537120032861114,0.26076270660365763,33,0.04512190818786621,0.6133158206939697,,12,12,true
bike_hour_h216_n085__20260417_161357.jld2,parte1/resultados_Bike/bike_hour_h216_n085__20260417_161357.jld2,w216,97,85,0.0001,StrategySelective,Selective,1,0.09960124127251035,0.14120677004919172,0.02074536325088292,0.5215478255143992,0.168918712503374,33,11.750418901443481,13.179872989654541,,12,12,true
bike_hour_h216_n085__20260417_161357.jld2,parte1/resultados_Bike/bike_hour_h216_n085__20260417_161357.jld2,w216,137,85,1.0e-5,StrategySelective,Selective,1,0.0996826284913941,0.14015887849441114,0.020373364681390504,0.516490714121105,0.16836824996442212,33,22.46285605430603,23.236915826797485,,12,12,true
bike_hour_h216_n085__20260417_161357.jld2,parte1/resultados_Bike/bike_hour_h216_n085__20260417_161357.jld2,w216,177,85,1.0e-6,StrategySelective,Selective,1,0.13523262816530782,0.1536540342132695,0.024290464574574667,0.42831560898189436,0.18378795837953282,33,42.43290591239929,43.04645609855652,,12,12,true
bike_hour_h216_n085__20260417_161357.jld2,parte1/resultados_Bike/bike_hour_h216_n085__20260417_161357.jld2,w216,217,85,1.0e-7,StrategySelective,Selective,1,0.1120249347708775,0.14933776238513463,0.023114845335634838,0.48178108662177427,0.17762209127011797,33,67.46357583999634,67.99767398834229,,12,12,true
bike_hour_h216_n085__20260417_161357.jld2,parte1/resultados_Bike/bike_hour_h216_n085__20260417_161357.jld2,w216,257,85,0.01,StrategySelectiveWithConstantOptimization,Selective+ConstOpt,1,0.16643315192230618,0.2212916806519446,0.05096846345626221,-0.09537120032861114,0.26076270660365763,33,0.6082780361175537,1.121183156967163,,12,12,true
bike_hour_h216_n085__20260417_161357.jld2,parte1/resultados_Bike/bike_hour_h216_n085__20260417_161357.jld2,w216,297,85,0.001,StrategySelectiveWithConstantOptimization,Selective+ConstOpt,1,0.16643315192230618,0.2212916806519446,0.05096846345626221,-0.09537120032861114,0.26076270660365763,33,0.0380098819732666,0.5495328903198242,,12,12,true
bike_hour_h216_n085__20260417_161357.jld2,parte1/resultados_Bike/bike_hour_h216_n085__20260417_161357.jld2,w216,337,85,0.0001,StrategySelectiveWithConstantOptimization,Selective+ConstOpt,1,0.11157681060682414,0.15494659768170388,0.024993267183437626,0.44231025624486797,0.18412980048712768,33,11.006572961807251,11.524283170700073,,12,12,true
bike_hour_h216_n085__20260417_161357.jld2,parte1/resultados_Bike/bike_hour_h216_n085__20260417_161357.jld2,w216,377,85,1.0e-5,StrategySelectiveWithConstantOptimization,Selective+ConstOpt,1,0.09770916135382667,0.13521681332892915,0.01882848871563946,0.5540748135332562,0.16229975240488353,33,12.005260229110718,12.515836000442505,,12,12,true
bike_hour_h216_n085__20260417_161357.jld2,parte1/resultados_Bike/bike_hour_h216_n085__20260417_161357.jld2,w216,417,85,1.0e-6,StrategySelectiveWithConstantOptimization,Selective+ConstOpt,1,0.0870839370548947,0.11960109399531757,0.014618954924520098,0.6308969396321418,0.14483963856230092,33,53.29109501838684,53.8560049533844,,12,12,true
bike_hour_h216_n085__20260417_161357.jld2,parte1/resultados_Bike/bike_hour_h216_n085__20260417_161357.jld2,w216,457,85,1.0e-7,StrategySelectiveWithConstantOptimization,Selective+ConstOpt,1,0.09299700868509438,0.1246147054663002,0.015967557441776612,0.605447698924016,0.15039891430601415,33,377.45489597320557,378.06933307647705,,12,12,true
bike_hour_h216_n090__20260417_161357.jld2,parte1/resultados_Bike/bike_hour_h216_n090__20260417_161357.jld2,w216,18,90,0.01,StrategySelective,Selective,1,0.16643315192230618,0.2212916806519446,0.05096846345626221,-0.09537120032861114,0.26076270660365763,33,8.299442768096924,11.854959964752197,,12,12,true
bike_hour_h216_n090__20260417_161357.jld2,parte1/resultados_Bike/bike_hour_h216_n090__20260417_161357.jld2,w216,58,90,0.001,StrategySelective,Selective,1,0.16643315192230618,0.2212916806519446,0.05096846345626221,-0.09537120032861114,0.26076270660365763,33,0.0463099479675293,0.6200590133666992,,12,12,true
bike_hour_h216_n090__20260417_161357.jld2,parte1/resultados_Bike/bike_hour_h216_n090__20260417_161357.jld2,w216,98,90,0.0001,StrategySelective,Selective,1,0.09819505211392765,0.13863527624057337,0.01996869482005773,0.5404979722219189,0.16562213582701032,33,14.026551961898804,15.475127935409546,,12,12,true
bike_hour_h216_n090__20260417_161357.jld2,parte1/resultados_Bike/bike_hour_h216_n090__20260417_161357.jld2,w216,138,90,1.0e-5,StrategySelective,Selective,1,0.09910488119520638,0.13976417404921027,0.020256819279877714,0.5185629304344671,0.16794457255596007,33,23.486063957214355,24.280447006225586,,12,12,true
bike_hour_h216_n090__20260417_161357.jld2,parte1/resultados_Bike/bike_hour_h216_n090__20260417_161357.jld2,w216,178,90,1.0e-6,StrategySelective,Selective,1,0.1366483486387321,0.1550519471214908,0.024726341507871678,0.42036813309690396,0.1853385615797847,33,40.527567863464355,41.06941795349121,,12,12,true
bike_hour_h216_n090__20260417_161357.jld2,parte1/resultados_Bike/bike_hour_h216_n090__20260417_161357.jld2,w216,218,90,1.0e-7,StrategySelective,Selective,1,0.11389871104524082,0.14886685589385337,0.022936664597606675,0.48443611020714855,0.17716225123866303,33,75.80411911010742,76.365473985672,,12,12,true
bike_hour_h216_n090__20260417_161357.jld2,parte1/resultados_Bike/bike_hour_h216_n090__20260417_161357.jld2,w216,258,90,0.01,StrategySelectiveWithConstantOptimization,Selective+ConstOpt,1,0.16643315192230618,0.2212916806519446,0.05096846345626221,-0.09537120032861114,0.26076270660365763,33,0.616757869720459,1.137511968612671,,12,12,true
bike_hour_h216_n090__20260417_161357.jld2,parte1/resultados_Bike/bike_hour_h216_n090__20260417_161357.jld2,w216,298,90,0.001,StrategySelectiveWithConstantOptimization,Selective+ConstOpt,1,0.16643315192230618,0.2212916806519446,0.05096846345626221,-0.09537120032861114,0.26076270660365763,33,0.04234814643859863,0.5637049674987793,,12,12,true
bike_hour_h216_n090__20260417_161357.jld2,parte1/resultados_Bike/bike_hour_h216_n090__20260417_161357.jld2,w216,338,90,0.0001,StrategySelectiveWithConstantOptimization,Selective+ConstOpt,1,0.10706834364588765,0.14911784712487744,0.023081878000062686,0.47335670896993814,0.17789831675517667,33,14.000448942184448,14.521281957626343,,12,12,true
bike_hour_h216_n090__20260417_161357.jld2,parte1/resultados_Bike/bike_hour_h216_n090__20260417_161357.jld2,w216,378,90,1.0e-5,StrategySelectiveWithConstantOptimization,Selective+ConstOpt,1,0.09763792293672206,0.13501129422567293,0.01876574294246849,0.5549647400857893,0.16208938928405456,33,12.492248058319092,13.012699127197266,,12,12,true
bike_hour_h216_n090__20260417_161357.jld2,parte1/resultados_Bike/bike_hour_h216_n090__20260417_161357.jld2,w216,418,90,1.0e-6,StrategySelectiveWithConstantOptimization,Selective+ConstOpt,1,0.08619190522762647,0.11854249990651006,0.014368844228505269,0.6400822702046243,0.14337960332104338,33,56.35263705253601,56.897297859191895,,12,12,true
bike_hour_h216_n090__20260417_161357.jld2,parte1/resultados_Bike/bike_hour_h216_n090__20260417_161357.jld2,w216,458,90,1.0e-7,StrategySelectiveWithConstantOptimization,Selective+ConstOpt,1,0.09278508156058463,0.12410323550875194,0.015834868092796675,0.6074376437217208,0.14985195493258605,33,395.7039930820465,396.33617782592773,,12,12,true
bike_hour_h216_n095__20260417_161357.jld2,parte1/resultados_Bike/bike_hour_h216_n095__20260417_161357.jld2,w216,19,95,0.01,StrategySelective,Selective,1,0.16643315192230618,0.2212916806519446,0.05096846345626221,-0.09537120032861114,0.26076270660365763,33,8.288084030151367,11.84094500541687,,12,12,true
bike_hour_h216_n095__20260417_161357.jld2,parte1/resultados_Bike/bike_hour_h216_n095__20260417_161357.jld2,w216,59,95,0.001,StrategySelective,Selective,1,0.16643315192230618,0.2212916806519446,0.05096846345626221,-0.09537120032861114,0.26076270660365763,33,0.046633005142211914,0.6397478580474854,,12,12,true
bike_hour_h216_n095__20260417_161357.jld2,parte1/resultados_Bike/bike_hour_h216_n095__20260417_161357.jld2,w216,99,95,0.0001,StrategySelective,Selective,1,0.09313908088515313,0.13203718533807005,0.01808118847364387,0.5709973376292568,0.15857888067145487,33,17.083251953125,18.550731897354126,,12,12,true
bike_hour_h216_n095__20260417_161357.jld2,parte1/resultados_Bike/bike_hour_h216_n095__20260417_161357.jld2,w216,139,95,1.0e-5,StrategySelective,Selective,1,0.09704206831434584,0.13461100616116448,0.018810417249786198,0.5442597636517762,0.16220552663466853,33,28.444616079330444,29.231054067611694,,12,12,true
bike_hour_h216_n095__20260417_161357.jld2,parte1/resultados_Bike/bike_hour_h216_n095__20260417_161357.jld2,w216,179,95,1.0e-6,StrategySelective,Selective,1,0.13627436345682056,0.1545908048274824,0.024587730704214657,0.4275584392000722,0.18454326729147014,33,44.70627403259277,45.20938682556152,,12,12,true
bike_hour_h216_n095__20260417_161357.jld2,parte1/resultados_Bike/bike_hour_h216_n095__20260417_161357.jld2,w216,219,95,1.0e-7,StrategySelective,Selective,1,0.10388898335246015,0.14257714058408927,0.02093902586493145,0.518279250056838,0.17037399728180802,33,107.95892000198364,108.49468183517456,,12,12,true
bike_hour_h216_n095__20260417_161357.jld2,parte1/resultados_Bike/bike_hour_h216_n095__20260417_161357.jld2,w216,259,95,0.01,StrategySelectiveWithConstantOptimization,Selective+ConstOpt,1,0.16643315192230618,0.2212916806519446,0.05096846345626221,-0.09537120032861114,0.26076270660365763,33,0.5962209701538086,1.1144678592681885,,12,12,true
bike_hour_h216_n095__20260417_161357.jld2,parte1/resultados_Bike/bike_hour_h216_n095__20260417_161357.jld2,w216,299,95,0.001,StrategySelectiveWithConstantOptimization,Selective+ConstOpt,1,0.16643315192230618,0.2212916806519446,0.05096846345626221,-0.09537120032861114,0.26076270660365763,33,0.03770613670349121,0.5640220642089844,,12,12,true
bike_hour_h216_n095__20260417_161357.jld2,parte1/resultados_Bike/bike_hour_h216_n095__20260417_161357.jld2,w216,339,95,0.0001,StrategySelectiveWithConstantOptimization,Selective+ConstOpt,1,0.09383643817143662,0.13156886777088866,0.017984035671814922,0.5812172793042939,0.15773451564446878,33,17.898792028427124,18.58490014076233,,12,12,true
bike_hour_h216_n095__20260417_161357.jld2,parte1/resultados_Bike/bike_hour_h216_n095__20260417_161357.jld2,w216,379,95,1.0e-5,StrategySelectiveWithConstantOptimization,Selective+ConstOpt,1,0.0928388513397605,0.13062148132279733,0.017546304920248276,0.576999770322105,0.15719996153622323,33,15.348855018615723,15.875744104385376,,12,12,true
bike_hour_h216_n095__20260417_161357.jld2,parte1/resultados_Bike/bike_hour_h216_n095__20260417_161357.jld2,w216,419,95,1.0e-6,StrategySelectiveWithConstantOptimization,Selective+ConstOpt,1,0.0858570760547871,0.11785249045936316,0.0141957915868847,0.6423433826286554,0.14268469055392538,33,61.75326204299927,62.38873314857483,,12,12,true
bike_hour_h216_n095__20260417_161357.jld2,parte1/resultados_Bike/bike_hour_h216_n095__20260417_161357.jld2,w216,459,95,1.0e-7,StrategySelectiveWithConstantOptimization,Selective+ConstOpt,1,0.0905706755639009,0.12008083201157854,0.01476055720190456,0.6262644378850539,0.1453923098663582,33,348.7724959850311,349.287535905838,,12,12,true
bike_hour_h216_n100__20260417_161357.jld2,parte1/resultados_Bike/bike_hour_h216_n100__20260417_161357.jld2,w216,20,100,0.01,StrategySelective,Selective,1,0.16643315192230618,0.2212916806519446,0.05096846345626221,-0.09537120032861114,0.26076270660365763,33,8.281227111816406,11.83059310913086,,12,12,true
bike_hour_h216_n100__20260417_161357.jld2,parte1/resultados_Bike/bike_hour_h216_n100__20260417_161357.jld2,w216,60,100,0.001,StrategySelective,Selective,1,0.16643315192230618,0.2212916806519446,0.05096846345626221,-0.09537120032861114,0.26076270660365763,33,0.04680490493774414,0.6207149028778076,,12,12,true
bike_hour_h216_n100__20260417_161357.jld2,parte1/resultados_Bike/bike_hour_h216_n100__20260417_161357.jld2,w216,100,100,0.0001,StrategySelective,Selective,1,0.09276073740660012,0.13150969266047066,0.017928673305656298,0.5716013012069951,0.15807633370534155,33,18.85818099975586,20.315616846084595,,12,12,true
bike_hour_h216_n100__20260417_161357.jld2,parte1/resultados_Bike/bike_hour_h216_n100__20260417_161357.jld2,w216,140,100,1.0e-5,StrategySelective,Selective,1,0.09560503473209067,0.13308943514417046,0.01841397737483761,0.5596472394948814,0.16007428976769897,33,29.10266900062561,29.898591995239258,,12,12,true
bike_hour_h216_n100__20260417_161357.jld2,parte1/resultados_Bike/bike_hour_h216_n100__20260417_161357.jld2,w216,180,100,1.0e-6,StrategySelective,Selective,1,0.1329045448856005,0.1516550653179336,0.02360472535655078,0.4456762526039877,0.18133547476834383,33,52.315569162368774,52.85872197151184,,12,12,true
bike_hour_h216_n100__20260417_161357.jld2,parte1/resultados_Bike/bike_hour_h216_n100__20260417_161357.jld2,w216,220,100,1.0e-7,StrategySelective,Selective,1,0.09090526653188481,0.1290756997607219,0.01706738387318338,0.5826807744115248,0.15570094475538562,33,139.6850609779358,140.21767783164978,,12,12,true
bike_hour_h216_n100__20260417_161357.jld2,parte1/resultados_Bike/bike_hour_h216_n100__20260417_161357.jld2,w216,260,100,0.01,StrategySelectiveWithConstantOptimization,Selective+ConstOpt,1,0.16643315192230618,0.2212916806519446,0.05096846345626221,-0.09537120032861114,0.26076270660365763,33,0.5717170238494873,1.0833518505096436,,12,12,true
bike_hour_h216_n100__20260417_161357.jld2,parte1/resultados_Bike/bike_hour_h216_n100__20260417_161357.jld2,w216,300,100,0.001,StrategySelectiveWithConstantOptimization,Selective+ConstOpt,1,0.16643315192230618,0.2212916806519446,0.05096846345626221,-0.09537120032861114,0.26076270660365763,33,0.03677082061767578,0.5639660358428955,,12,12,true
bike_hour_h216_n100__20260417_161357.jld2,parte1/resultados_Bike/bike_hour_h216_n100__20260417_161357.jld2,w216,340,100,0.0001,StrategySelectiveWithConstantOptimization,Selective+ConstOpt,1,0.09119872894308448,0.12807805185029741,0.017007302533032623,0.597551071593386,0.15394571449400893,33,18.20758891105652,18.865252017974854,,12,12,true
bike_hour_h216_n100__20260417_161357.jld2,parte1/resultados_Bike/bike_hour_h216_n100__20260417_161357.jld2,w216,380,100,1.0e-5,StrategySelectiveWithConstantOptimization,Selective+ConstOpt,1,0.09118608156605136,0.12935435098414497,0.017187685911153473,0.5819348557085524,0.15583875633841465,33,18.59937310218811,19.109215021133423,,12,12,true
bike_hour_h216_n100__20260417_161357.jld2,parte1/resultados_Bike/bike_hour_h216_n100__20260417_161357.jld2,w216,420,100,1.0e-6,StrategySelectiveWithConstantOptimization,Selective+ConstOpt,1,0.08316950906491374,0.11298171999124043,0.01305401282923027,0.6674438884948292,0.13700347521398215,33,68.55237102508545,69.2810480594635,,12,12,true
bike_hour_h216_n100__20260417_161357.jld2,parte1/resultados_Bike/bike_hour_h216_n100__20260417_161357.jld2,w216,460,100,1.0e-7,StrategySelectiveWithConstantOptimization,Selective+ConstOpt,1,0.09035736067843862,0.11962501988419755,0.014642505777488895,0.6286640886502126,0.1448892446525576,33,404.1948618888855,404.7074820995331,,12,12,true
bike_hour_h216_n105__20260417_161357.jld2,parte1/resultados_Bike/bike_hour_h216_n105__20260417_161357.jld2,w216,21,105,0.01,StrategySelective,Selective,1,0.16643315192230618,0.2212916806519446,0.05096846345626221,-0.09537120032861114,0.26076270660365763,33,8.293212890625,11.845119953155518,,12,12,true
bike_hour_h216_n105__20260417_161357.jld2,parte1/resultados_Bike/bike_hour_h216_n105__20260417_161357.jld2,w216,61,105,0.001,StrategySelective,Selective,1,0.16643315192230618,0.2212916806519446,0.05096846345626221,-0.09537120032861114,0.26076270660365763,33,0.0452418327331543,0.6181628704071045,,12,12,true
bike_hour_h216_n105__20260417_161357.jld2,parte1/resultados_Bike/bike_hour_h216_n105__20260417_161357.jld2,w216,101,105,0.0001,StrategySelective,Selective,1,0.09055249528032648,0.12986279045448446,0.017508101093805205,0.5860697836552434,0.1558557978914374,33,20.057002782821655,21.684450149536133,,12,12,true
bike_hour_h216_n105__20260417_161357.jld2,parte1/resultados_Bike/bike_hour_h216_n105__20260417_161357.jld2,w216,141,105,1.0e-5,StrategySelective,Selective,1,0.09650051181854233,0.1295427234108355,0.0173868218572813,0.5686202707409492,0.15659215803438414,33,34.454888105392456,35.051839113235474,,12,12,true
bike_hour_h216_n105__20260417_161357.jld2,parte1/resultados_Bike/bike_hour_h216_n105__20260417_161357.jld2,w216,181,105,1.0e-6,StrategySelective,Selective,1,0.12977116448805567,0.14886070976829857,0.02268066368376123,0.45926953773345736,0.17848325899389464,33,66.8137629032135,67.35573983192444,,12,12,true
bike_hour_h216_n105__20260417_161357.jld2,parte1/resultados_Bike/bike_hour_h216_n105__20260417_161357.jld2,w216,221,105,1.0e-7,StrategySelective,Selective,1,0.08811927299075127,0.12680847235666245,0.01645693053432774,0.5965869252001053,0.15295639090586438,33,184.5615038871765,185.096293926239,,12,12,true
bike_hour_h216_n105__20260417_161357.jld2,parte1/resultados_Bike/bike_hour_h216_n105__20260417_161357.jld2,w216,261,105,0.01,StrategySelectiveWithConstantOptimization,Selective+ConstOpt,1,0.16643315192230618,0.2212916806519446,0.05096846345626221,-0.09537120032861114,0.26076270660365763,33,0.5717918872833252,1.0776889324188232,,12,12,true
bike_hour_h216_n105__20260417_161357.jld2,parte1/resultados_Bike/bike_hour_h216_n105__20260417_161357.jld2,w216,301,105,0.001,StrategySelectiveWithConstantOptimization,Selective+ConstOpt,1,0.16643315192230618,0.2212916806519446,0.05096846345626221,-0.09537120032861114,0.26076270660365763,33,0.03671002388000488,0.7695350646972656,,12,12,true
bike_hour_h216_n105__20260417_161357.jld2,parte1/resultados_Bike/bike_hour_h216_n105__20260417_161357.jld2,w216,341,105,0.0001,StrategySelectiveWithConstantOptimization,Selective+ConstOpt,1,0.08181573459459955,0.11274501318375005,0.013086467002444944,0.669320431173561,0.1367192125698117,33,18.89377999305725,19.715041160583496,,12,12,true
bike_hour_h216_n105__20260417_161357.jld2,parte1/resultados_Bike/bike_hour_h216_n105__20260417_161357.jld2,w216,381,105,1.0e-5,StrategySelectiveWithConstantOptimization,Selective+ConstOpt,1,0.09095644096885326,0.12385722932477754,0.015731370140239242,0.612532250514272,0.14942587165834215,33,21.932508945465088,22.446206092834473,,12,12,true
bike_hour_h216_n105__20260417_161357.jld2,parte1/resultados_Bike/bike_hour_h216_n105__20260417_161357.jld2,w216,421,105,1.0e-6,StrategySelectiveWithConstantOptimization,Selective+ConstOpt,1,0.07706987711220128,0.10630275465855854,0.011589740624717829,0.6936590597230119,0.12950005379947038,33,96.12093091011047,96.8002769947052,,12,12,true
bike_hour_h216_n105__20260417_161357.jld2,parte1/resultados_Bike/bike_hour_h216_n105__20260417_161357.jld2,w216,461,105,1.0e-7,StrategySelectiveWithConstantOptimization,Selective+ConstOpt,1,0.08942432693348468,0.11912747515957714,0.014542055487019721,0.6410636105122852,0.14372642808682187,33,626.1109721660614,626.6365718841553,,12,12,true
bike_hour_h216_n115__20260417_161357.jld2,parte1/resultados_Bike/bike_hour_h216_n115__20260417_161357.jld2,w216,23,115,0.01,StrategySelective,Selective,1,0.11351131955841864,0.16079794043825665,0.02688042687787141,0.41337400867647184,0.18984041303455537,33,16.161900997161865,20.19182801246643,,12,12,true
bike_hour_h216_n115__20260417_161357.jld2,parte1/resultados_Bike/bike_hour_h216_n115__20260417_161357.jld2,w216,63,115,0.001,StrategySelective,Selective,1,0.11032725594049637,0.15586431849799998,0.025117821902231746,0.43734526034217,0.18507479492540294,33,8.145286083221436,8.823829889297485,,12,12,true
bike_hour_h216_n115__20260417_161357.jld2,parte1/resultados_Bike/bike_hour_h216_n115__20260417_161357.jld2,w216,103,115,0.0001,StrategySelective,Selective,1,0.08622134552334179,0.12309966018425289,0.015706304787982947,0.6274025597178888,0.14777595057440418,33,23.68938398361206,24.92354989051819,,12,12,true
bike_hour_h216_n115__20260417_161357.jld2,parte1/resultados_Bike/bike_hour_h216_n115__20260417_161357.jld2,w216,143,115,1.0e-5,StrategySelective,Selective,1,0.09633463407951888,0.12939201079454543,0.017343734405923853,0.569888783607093,0.15639119424768919,33,36.5495970249176,37.17577409744263,,12,12,true
bike_hour_h216_n115__20260417_161357.jld2,parte1/resultados_Bike/bike_hour_h216_n115__20260417_161357.jld2,w216,183,115,1.0e-6,StrategySelective,Selective,1,0.11796924898202885,0.13688199411589363,0.019081241375776076,0.5325888186754751,0.16488576673706057,33,97.66296601295471,98.24945902824402,,12,12,true
bike_hour_h216_n115__20260417_161357.jld2,parte1/resultados_Bike/bike_hour_h216_n115__20260417_161357.jld2,w216,223,115,1.0e-7,StrategySelective,Selective,1,0.08675225224304818,0.12294159796288726,0.015455850323063174,0.6189006854840945,0.14835968925520848,33,257.85485100746155,258.3779809474945,,12,12,true
bike_hour_h216_n115__20260417_161357.jld2,parte1/resultados_Bike/bike_hour_h216_n115__20260417_161357.jld2,w216,263,115,0.01,StrategySelectiveWithConstantOptimization,Selective+ConstOpt,1,0.11249973864988186,0.16451650642149634,0.028209957418514148,0.3915888521281627,0.19380959272276602,33,5.164581060409546,5.669188022613525,,12,12,true
bike_hour_h216_n115__20260417_161357.jld2,parte1/resultados_Bike/bike_hour_h216_n115__20260417_161357.jld2,w216,303,115,0.001,StrategySelectiveWithConstantOptimization,Selective+ConstOpt,1,0.10733494919260829,0.15279859012835303,0.024140192317736658,0.4586479644566318,0.18145974666265396,33,5.526489019393921,6.035443067550659,,12,12,true
bike_hour_h216_n115__20260417_161357.jld2,parte1/resultados_Bike/bike_hour_h216_n115__20260417_161357.jld2,w216,343,115,0.0001,StrategySelectiveWithConstantOptimization,Selective+ConstOpt,1,0.07922250140981411,0.10749305239291615,0.011898738061097874,0.6981677883929729,0.1303572570776162,33,23.554534912109375,24.23220205307007,,12,12,true
bike_hour_h216_n115__20260417_161357.jld2,parte1/resultados_Bike/bike_hour_h216_n115__20260417_161357.jld2,w216,383,115,1.0e-5,StrategySelectiveWithConstantOptimization,Selective+ConstOpt,1,0.10004421635623345,0.1422837781270757,0.021766585722751357,0.5297667993194679,0.1679126008629911,33,24.027810096740723,24.540608882904053,,12,12,true
bike_hour_h216_n115__20260417_161357.jld2,parte1/resultados_Bike/bike_hour_h216_n115__20260417_161357.jld2,w216,423,115,1.0e-6,StrategySelectiveWithConstantOptimization,Selective+ConstOpt,1,0.07236032755125994,0.09912186078686874,0.010093180751834739,0.7213095183742805,0.12151077992327204,33,144.86444401741028,145.40587306022644,,12,12,true
bike_hour_h216_n115__20260417_161357.jld2,parte1/resultados_Bike/bike_hour_h216_n115__20260417_161357.jld2,w216,463,115,1.0e-7,StrategySelectiveWithConstantOptimization,Selective+ConstOpt,1,0.08974562388432594,0.11959113792262502,0.014654109098418784,0.6383309528906342,0.14423335373276014,33,590.957319021225,591.4631011486053,,12,12,true
bike_hour_h216_n125__20260417_161357.jld2,parte1/resultados_Bike/bike_hour_h216_n125__20260417_161357.jld2,w216,25,125,0.01,StrategySelective,Selective,1,0.11351131955841864,0.16079794043825665,0.02688042687787141,0.41337400867647184,0.18984041303455537,33,17.877848863601685,21.956199884414673,,12,12,true
bike_hour_h216_n125__20260417_161357.jld2,parte1/resultados_Bike/bike_hour_h216_n125__20260417_161357.jld2,w216,65,125,0.001,StrategySelective,Selective,1,0.11109880647103366,0.1557427798232961,0.025123842628995547,0.44141278015149377,0.1846342437754329,33,10.116157054901123,10.882208108901978,,12,12,true
bike_hour_h216_n125__20260417_161357.jld2,parte1/resultados_Bike/bike_hour_h216_n125__20260417_161357.jld2,w216,105,125,0.0001,StrategySelective,Selective,1,0.08407583045278123,0.11826888212623038,0.014491745031919091,0.654230795131157,0.14214034568061573,33,24.50910496711731,25.661246061325073,,12,12,true
bike_hour_h216_n125__20260417_161357.jld2,parte1/resultados_Bike/bike_hour_h216_n125__20260417_161357.jld2,w216,145,125,1.0e-5,StrategySelective,Selective,1,0.0950033347010933,0.1277119500049022,0.016816037931559828,0.5720425265928973,0.15495835653241133,33,41.737812995910645,42.34165382385254,,12,12,true
bike_hour_h216_n125__20260417_161357.jld2,parte1/resultados_Bike/bike_hour_h216_n125__20260417_161357.jld2,w216,185,125,1.0e-6,StrategySelective,Selective,1,0.1163073764102215,0.13504517997868926,0.018580704121669803,0.5430017181416692,0.16278372544869368,33,112.4929370880127,113.10128784179688,,12,12,true
bike_hour_h216_n125__20260417_161357.jld2,parte1/resultados_Bike/bike_hour_h216_n125__20260417_161357.jld2,w216,225,125,1.0e-7,StrategySelective,Selective,1,0.08972874059669216,0.11936433268727309,0.014720877696580948,0.6389191550295391,0.1440321913809275,33,875.0512230396271,875.5689890384674,,12,12,true
bike_hour_h216_n125__20260417_161357.jld2,parte1/resultados_Bike/bike_hour_h216_n125__20260417_161357.jld2,w216,265,125,0.01,StrategySelectiveWithConstantOptimization,Selective+ConstOpt,1,0.11249973864988186,0.16451650642149634,0.028209957418514148,0.3915888521281627,0.19380959272276602,33,6.977485179901123,7.485796928405762,,12,12,true
bike_hour_h216_n125__20260417_161357.jld2,parte1/resultados_Bike/bike_hour_h216_n125__20260417_161357.jld2,w216,305,125,0.001,StrategySelectiveWithConstantOptimization,Selective+ConstOpt,1,0.10017843691272259,0.14145744908509955,0.020610559173694254,0.5183756390950638,0.16930138859138943,33,7.944102048873901,8.486863136291504,,12,12,true
bike_hour_h216_n125__20260417_161357.jld2,parte1/resultados_Bike/bike_hour_h216_n125__20260417_161357.jld2,w216,345,125,0.0001,StrategySelectiveWithConstantOptimization,Selective+ConstOpt,1,0.0743998776488009,0.10136932001707595,0.010546048124728067,0.7236489757575244,0.1234302421051462,33,27.104860067367554,27.757117986679077,,12,12,true
bike_hour_h216_n125__20260417_161357.jld2,parte1/resultados_Bike/bike_hour_h216_n125__20260417_161357.jld2,w216,385,125,1.0e-5,StrategySelectiveWithConstantOptimization,Selective+ConstOpt,1,0.09911570151583038,0.1405985965677608,0.021224006542660812,0.5373420485538438,0.1661831515625504,33,27.35027003288269,27.89849615097046,,12,12,true
bike_hour_h216_n125__20260417_161357.jld2,parte1/resultados_Bike/bike_hour_h216_n125__20260417_161357.jld2,w216,425,125,1.0e-6,StrategySelectiveWithConstantOptimization,Selective+ConstOpt,1,0.07506590152960359,0.10203621233261558,0.010701995006236994,0.706338364057558,0.12499378230976953,33,138.7031750679016,139.31363105773926,,12,12,true
bike_hour_h216_n125__20260417_161357.jld2,parte1/resultados_Bike/bike_hour_h216_n125__20260417_161357.jld2,w216,465,125,1.0e-7,StrategySelectiveWithConstantOptimization,Selective+ConstOpt,1,0.08243320033398072,0.11313129463762359,0.013064877141142617,0.6616259817023392,0.13732015210656015,33,688.3092589378357,688.8720121383667,,12,12,true
bike_hour_h216_n135__20260417_161357.jld2,parte1/resultados_Bike/bike_hour_h216_n135__20260417_161357.jld2,w216,27,135,0.01,StrategySelective,Selective,1,0.11351131955841864,0.16079794043825665,0.02688042687787141,0.41337400867647184,0.18984041303455537,33,17.38703489303589,21.31114387512207,,12,12,true
bike_hour_h216_n135__20260417_161357.jld2,parte1/resultados_Bike/bike_hour_h216_n135__20260417_161357.jld2,w216,67,135,0.001,StrategySelective,Selective,1,0.1007422976253616,0.13913007774121647,0.019967085017770295,0.5385856693030366,0.16614946380667397,33,13.534195899963379,14.3556489944458,,12,12,true
bike_hour_h216_n135__20260417_161357.jld2,parte1/resultados_Bike/bike_hour_h216_n135__20260417_161357.jld2,w216,107,135,0.0001,StrategySelective,Selective,1,0.07612703126615417,0.10702654251135213,0.011844484647005741,0.7004230302787654,0.1295758387997835,33,27.818892002105713,28.793966054916382,,12,12,true
bike_hour_h216_n135__20260417_161357.jld2,parte1/resultados_Bike/bike_hour_h216_n135__20260417_161357.jld2,w216,147,135,1.0e-5,StrategySelective,Selective,1,0.09448128982374947,0.12675969197241307,0.016538439940624452,0.5778685804899357,0.1538685076823297,33,47.63926100730896,48.22513484954834,,12,12,true
bike_hour_h216_n135__20260417_161357.jld2,parte1/resultados_Bike/bike_hour_h216_n135__20260417_161357.jld2,w216,187,135,1.0e-6,StrategySelective,Selective,1,0.11498886233883215,0.13392033257260627,0.018307465060112556,0.547543558280959,0.16149793228673004,33,117.87213206291199,118.46042108535767,,12,12,true
bike_hour_h216_n135__20260417_161357.jld2,parte1/resultados_Bike/bike_hour_h216_n135__20260417_161357.jld2,w216,227,135,1.0e-7,StrategySelective,Selective,1,0.08987220966108114,0.1184716979508488,0.01448821303214969,0.6411996352646265,0.14311297331570036,33,1305.689050912857,1306.2112629413605,,12,12,true
bike_hour_h216_n135__20260417_161357.jld2,parte1/resultados_Bike/bike_hour_h216_n135__20260417_161357.jld2,w216,267,135,0.01,StrategySelectiveWithConstantOptimization,Selective+ConstOpt,1,0.11249973864988186,0.16451650642149634,0.028209957418514148,0.3915888521281627,0.19380959272276602,33,7.144864797592163,7.734125137329102,,12,12,true
bike_hour_h216_n135__20260417_161357.jld2,parte1/resultados_Bike/bike_hour_h216_n135__20260417_161357.jld2,w216,307,135,0.001,StrategySelectiveWithConstantOptimization,Selective+ConstOpt,1,0.09612556470812691,0.12598525018170947,0.016258761865399707,0.6079850405058052,0.15156501846792897,33,14.269843816757202,14.892333030700684,,12,12,true
bike_hour_h216_n135__20260417_161357.jld2,parte1/resultados_Bike/bike_hour_h216_n135__20260417_161357.jld2,w216,347,135,0.0001,StrategySelectiveWithConstantOptimization,Selective+ConstOpt,1,0.07373499947959719,0.09874344494575635,0.009972779633413283,0.7278002980135004,0.12071175417463946,33,31.75708794593811,32.41059899330139,,12,12,true
bike_hour_h216_n135__20260417_161357.jld2,parte1/resultados_Bike/bike_hour_h216_n135__20260417_161357.jld2,w216,387,135,1.0e-5,StrategySelectiveWithConstantOptimization,Selective+ConstOpt,1,0.09517416172016849,0.1354218640950522,0.01970107515113656,0.5641908883096545,0.16044646051870215,33,31.167553901672363,31.71536087989807,,12,12,true
bike_hour_h216_n135__20260417_161357.jld2,parte1/resultados_Bike/bike_hour_h216_n135__20260417_161357.jld2,w216,427,135,1.0e-6,StrategySelectiveWithConstantOptimization,Selective+ConstOpt,1,0.07548207265696448,0.10124427391783032,0.010530437825882219,0.7116645391030226,0.12398175660668677,33,159.735023021698,160.35194611549377,,12,12,true
bike_hour_h216_n135__20260417_161357.jld2,parte1/resultados_Bike/bike_hour_h216_n135__20260417_161357.jld2,w216,467,135,1.0e-7,StrategySelectiveWithConstantOptimization,Selective+ConstOpt,1,0.07964292110756548,0.10949146432168363,0.012194603809146404,0.6803705899070162,0.1331071827337144,33,719.2941031455994,719.8422501087189,,12,12,true
bike_hour_h216_n145__20260417_161357.jld2,parte1/resultados_Bike/bike_hour_h216_n145__20260417_161357.jld2,w216,29,145,0.01,StrategySelective,Selective,1,0.11351131955841864,0.16079794043825665,0.02688042687787141,0.41337400867647184,0.18984041303455537,33,16.20312809944153,19.816946029663086,,12,12,true
bike_hour_h216_n145__20260417_161357.jld2,parte1/resultados_Bike/bike_hour_h216_n145__20260417_161357.jld2,w216,69,145,0.001,StrategySelective,Selective,1,0.09616723185437777,0.13387508182302113,0.01844844664710272,0.5665013594909896,0.16036696775732143,33,16.188964128494263,16.98186206817627,,12,12,true
bike_hour_h216_n145__20260417_161357.jld2,parte1/resultados_Bike/bike_hour_h216_n145__20260417_161357.jld2,w216,109,145,0.0001,StrategySelective,Selective,1,0.07475735635560077,0.10483310810288332,0.011341652497132456,0.7048305828580708,0.12741087926662503,33,31.15349292755127,32.06773900985718,,12,12,true
bike_hour_h216_n145__20260417_161357.jld2,parte1/resultados_Bike/bike_hour_h216_n145__20260417_161357.jld2,w216,149,145,1.0e-5,StrategySelective,Selective,1,0.0932453951712302,0.12505564463229343,0.016099208785262633,0.5871408992422216,0.15196493982090614,33,52.68773007392883,53.34825897216797,,12,12,true
bike_hour_h216_n145__20260417_161357.jld2,parte1/resultados_Bike/bike_hour_h216_n145__20260417_161357.jld2,w216,189,145,1.0e-6,StrategySelective,Selective,1,0.11460315882212749,0.1332363179611767,0.01814504851783152,0.550078384731031,0.16071179811342856,33,152.0768129825592,152.67716717720032,,12,12,true
bike_hour_h216_n145__20260417_161357.jld2,parte1/resultados_Bike/bike_hour_h216_n145__20260417_161357.jld2,w216,229,145,1.0e-7,StrategySelective,Selective,1,0.08978453120378048,0.11806474412946066,0.01437254188492092,0.6420906809776056,0.14275838172886945,33,1343.1436908245087,1343.6406099796295,,12,12,true
bike_hour_h216_n145__20260417_161357.jld2,parte1/resultados_Bike/bike_hour_h216_n145__20260417_161357.jld2,w216,269,145,0.01,StrategySelectiveWithConstantOptimization,Selective+ConstOpt,1,0.11249973864988186,0.16451650642149634,0.028209957418514148,0.3915888521281627,0.19380959272276602,33,6.611622095108032,7.119429111480713,,12,12,true
bike_hour_h216_n145__20260417_161357.jld2,parte1/resultados_Bike/bike_hour_h216_n145__20260417_161357.jld2,w216,309,145,0.001,StrategySelectiveWithConstantOptimization,Selective+ConstOpt,1,0.09358928221816674,0.12330524338400263,0.015600809606004754,0.6262009163142251,0.14825143112640812,33,17.97885799407959,18.536943197250366,,12,12,true
bike_hour_h216_n145__20260417_161357.jld2,parte1/resultados_Bike/bike_hour_h216_n145__20260417_161357.jld2,w216,349,145,0.0001,StrategySelectiveWithConstantOptimization,Selective+ConstOpt,1,0.07371673659612055,0.0988950238996367,0.010018670148075271,0.7260793998757711,0.12095283327450203,33,33.8790340423584,34.387980937957764,,12,12,true
bike_hour_h216_n145__20260417_161357.jld2,parte1/resultados_Bike/bike_hour_h216_n145__20260417_161357.jld2,w216,389,145,1.0e-5,StrategySelectiveWithConstantOptimization,Selective+ConstOpt,1,0.08587177910220345,0.11231776234518974,0.012882329586056703,0.6588399118966889,0.1367166060842826,33,35.21763896942139,35.73434400558472,,12,12,true
bike_hour_h216_n145__20260417_161357.jld2,parte1/resultados_Bike/bike_hour_h216_n145__20260417_161357.jld2,w216,429,145,1.0e-6,StrategySelectiveWithConstantOptimization,Selective+ConstOpt,1,0.07515507171764792,0.10105391395075483,0.01049762536711967,0.7178536831972666,0.12345312163532067,33,160.74108600616455,161.26944208145142,,12,12,true
bike_hour_h216_n145__20260417_161357.jld2,parte1/resultados_Bike/bike_hour_h216_n145__20260417_161357.jld2,w216,469,145,1.0e-7,StrategySelectiveWithConstantOptimization,Selective+ConstOpt,1,0.07975388602477905,0.10768248462480251,0.011801421525744859,0.690831334453049,0.13092052665001983,33,795.2174849510193,795.7294800281525,,12,12,true
bike_hour_h216_n150__20260417_161357.jld2,parte1/resultados_Bike/bike_hour_h216_n150__20260417_161357.jld2,w216,30,150,0.01,StrategySelective,Selective,1,0.11351131955841864,0.16079794043825665,0.02688042687787141,0.41337400867647184,0.18984041303455537,33,16.220652103424072,19.83456587791443,,12,12,true
bike_hour_h216_n150__20260417_161357.jld2,parte1/resultados_Bike/bike_hour_h216_n150__20260417_161357.jld2,w216,70,150,0.001,StrategySelective,Selective,1,0.09566675008453497,0.13314241721302295,0.018233161203488567,0.5722447499494263,0.15945474428297576,33,18.402740955352783,19.244505882263184,,12,12,true
bike_hour_h216_n150__20260417_161357.jld2,parte1/resultados_Bike/bike_hour_h216_n150__20260417_161357.jld2,w216,110,150,0.0001,StrategySelective,Selective,1,0.07462652877228702,0.10478119901195393,0.011338652425791193,0.7056641573366665,0.12730334611435554,33,33.34681701660156,34.19102907180786,,12,12,true
bike_hour_h216_n150__20260417_161357.jld2,parte1/resultados_Bike/bike_hour_h216_n150__20260417_161357.jld2,w216,150,150,1.0e-5,StrategySelective,Selective,1,0.09235888378793378,0.1238793026280518,0.015744069481663032,0.5980369573325781,0.15048196695397353,33,55.48874497413635,56.04044818878174,,12,12,true
bike_hour_h216_n150__20260417_161357.jld2,parte1/resultados_Bike/bike_hour_h216_n150__20260417_161357.jld2,w216,190,150,1.0e-6,StrategySelective,Selective,1,0.11460412898672623,0.13321018797968398,0.018136729894511164,0.5499951980226766,0.16070200633803386,33,160.88978004455566,161.47251200675964,,12,12,true
bike_hour_h216_n150__20260417_161357.jld2,parte1/resultados_Bike/bike_hour_h216_n150__20260417_161357.jld2,w216,230,150,1.0e-7,StrategySelective,Selective,1,0.08979568335966252,0.11805951197526875,0.014369174107095175,0.6418393357594875,0.14276993982116618,33,1366.8243961334229,1367.3309710025787,,12,12,true
bike_hour_h216_n150__20260417_161357.jld2,parte1/resultados_Bike/bike_hour_h216_n150__20260417_161357.jld2,w216,270,150,0.01,StrategySelectiveWithConstantOptimization,Selective+ConstOpt,1,0.11249973864988186,0.16451650642149634,0.028209957418514148,0.3915888521281627,0.19380959272276602,33,6.634164094924927,7.15281081199646,,12,12,true
bike_hour_h216_n150__20260417_161357.jld2,parte1/resultados_Bike/bike_hour_h216_n150__20260417_161357.jld2,w216,310,150,0.001,StrategySelectiveWithConstantOptimization,Selective+ConstOpt,1,0.09349822603759662,0.1228173392181053,0.015472561708560312,0.6291500516941727,0.14766520626723373,33,21.95744299888611,22.53636407852173,,12,12,true
bike_hour_h216_n150__20260417_161357.jld2,parte1/resultados_Bike/bike_hour_h216_n150__20260417_161357.jld2,w216,350,150,0.0001,StrategySelectiveWithConstantOptimization,Selective+ConstOpt,1,0.07340266749106504,0.09853298617296226,0.00994853367459844,0.7273189823671837,0.12055789135105195,33,34.91508197784424,35.541703939437866,,12,12,true
bike_hour_h216_n150__20260417_161357.jld2,parte1/resultados_Bike/bike_hour_h216_n150__20260417_161357.jld2,w216,390,150,1.0e-5,StrategySelectiveWithConstantOptimization,Selective+ConstOpt,1,0.08270719232754288,0.10887157102647392,0.012108294216776347,0.6694657406001857,0.133071687623156,33,35.94897222518921,36.461294174194336,,12,12,true
bike_hour_h216_n150__20260417_161357.jld2,parte1/resultados_Bike/bike_hour_h216_n150__20260417_161357.jld2,w216,430,150,1.0e-6,StrategySelectiveWithConstantOptimization,Selective+ConstOpt,1,0.07372372435932202,0.1004349848497581,0.010397939601136849,0.7239695534351389,0.1224920308829118,33,216.82843494415283,217.34642100334167,,12,12,true
bike_hour_h216_n150__20260417_161357.jld2,parte1/resultados_Bike/bike_hour_h216_n150__20260417_161357.jld2,w216,470,150,1.0e-7,StrategySelectiveWithConstantOptimization,Selective+ConstOpt,1,0.07734592608720835,0.10601366548270223,0.011429833604324991,0.6972420072004776,0.1290774665160521,33,813.314934015274,813.840940952301,,12,12,true
bike_hour_h216_n155__20260417_161357.jld2,parte1/resultados_Bike/bike_hour_h216_n155__20260417_161357.jld2,w216,31,155,0.01,StrategySelective,Selective,1,0.11351131955841864,0.16079794043825665,0.02688042687787141,0.41337400867647184,0.18984041303455537,33,16.212235927581787,19.83714509010315,,12,12,true
bike_hour_h216_n155__20260417_161357.jld2,parte1/resultados_Bike/bike_hour_h216_n155__20260417_161357.jld2,w216,71,155,0.001,StrategySelective,Selective,1,0.09505719223703836,0.13255444478234188,0.018072025634408854,0.5761404024127941,0.15875257321219774,33,21.463605880737305,22.308892011642456,,12,12,true
bike_hour_h216_n155__20260417_161357.jld2,parte1/resultados_Bike/bike_hour_h216_n155__20260417_161357.jld2,w216,111,155,0.0001,StrategySelective,Selective,1,0.0937906864342273,0.1295245846374647,0.018301576327869003,0.5855868073321197,0.15415760520679145,33,37.02450180053711,37.8911669254303,,12,12,true
bike_hour_h216_n155__20260417_161357.jld2,parte1/resultados_Bike/bike_hour_h216_n155__20260417_161357.jld2,w216,151,155,1.0e-5,StrategySelective,Selective,1,0.0880656009663214,0.11899947469912399,0.014501705691542124,0.6304553832146579,0.14445991385174983,33,59.82680702209473,60.42093086242676,,12,12,true
bike_hour_h216_n155__20260417_161357.jld2,parte1/resultados_Bike/bike_hour_h216_n155__20260417_161357.jld2,w216,191,155,1.0e-6,StrategySelective,Selective,1,0.11431380018964629,0.13295444779634336,0.0180619298777492,0.5499782702999343,0.1605172874698554,33,171.78346180915833,172.3654670715332,,12,12,true
bike_hour_h216_n155__20260417_161357.jld2,parte1/resultados_Bike/bike_hour_h216_n155__20260417_161357.jld2,w216,231,155,1.0e-7,StrategySelective,Selective,1,0.08927902149212198,0.11707730612050739,0.01413224707582057,0.6445313912983626,0.14171819356706306,33,1423.231765985489,1423.7392179965973,,12,12,true
bike_hour_h216_n155__20260417_161357.jld2,parte1/resultados_Bike/bike_hour_h216_n155__20260417_161357.jld2,w216,271,155,0.01,StrategySelectiveWithConstantOptimization,Selective+ConstOpt,1,0.11249973864988186,0.16451650642149634,0.028209957418514148,0.3915888521281627,0.19380959272276602,33,6.593950033187866,7.117342948913574,,12,12,true
bike_hour_h216_n155__20260417_161357.jld2,parte1/resultados_Bike/bike_hour_h216_n155__20260417_161357.jld2,w216,311,155,0.001,StrategySelectiveWithConstantOptimization,Selective+ConstOpt,1,0.09278982863245491,0.12152789559021508,0.015148356972655505,0.6388734299289189,0.14598403834906268,33,26.1368670463562,26.71741509437561,,12,12,true
bike_hour_h216_n155__20260417_161357.jld2,parte1/resultados_Bike/bike_hour_h216_n155__20260417_161357.jld2,w216,351,155,0.0001,StrategySelectiveWithConstantOptimization,Selective+ConstOpt,1,0.07184928563831545,0.09595651264096833,0.00944328950669059,0.7373251159669624,0.11760403473379191,33,37.240034103393555,37.85186791419983,,12,12,true
bike_hour_h216_n155__20260417_161357.jld2,parte1/resultados_Bike/bike_hour_h216_n155__20260417_161357.jld2,w216,391,155,1.0e-5,StrategySelectiveWithConstantOptimization,Selective+ConstOpt,1,0.0781554234681425,0.10430586235497077,0.01119216549242856,0.6881517749262557,0.1278185123183166,33,50.6367301940918,51.16158604621887,,12,12,true
bike_hour_h216_n155__20260417_161357.jld2,parte1/resultados_Bike/bike_hour_h216_n155__20260417_161357.jld2,w216,431,155,1.0e-6,StrategySelectiveWithConstantOptimization,Selective+ConstOpt,1,0.07385879207740882,0.10045326986518402,0.010398647333318986,0.7243303298390468,0.12248993623878668,33,217.6536898612976,218.16912198066711,,12,12,true
bike_hour_h216_n155__20260417_161357.jld2,parte1/resultados_Bike/bike_hour_h216_n155__20260417_161357.jld2,w216,471,155,1.0e-7,StrategySelectiveWithConstantOptimization,Selective+ConstOpt,1,0.07430877247700805,0.10090385795105986,0.01037237822618285,0.7185080846678954,0.12321432409133178,33,859.2556688785553,859.7900478839874,,12,12,true
bike_hour_h216_n165__20260417_161357.jld2,parte1/resultados_Bike/bike_hour_h216_n165__20260417_161357.jld2,w216,33,165,0.01,StrategySelective,Selective,1,0.11351131955841864,0.16079794043825665,0.02688042687787141,0.41337400867647184,0.18984041303455537,33,16.17331600189209,19.791871070861816,,12,12,true
bike_hour_h216_n165__20260417_161357.jld2,parte1/resultados_Bike/bike_hour_h216_n165__20260417_161357.jld2,w216,73,165,0.001,StrategySelective,Selective,1,0.08970616989185988,0.12762914395961328,0.016765986273736707,0.603720302739381,0.15298551271236024,33,26.53822898864746,27.391798973083496,,12,12,true
bike_hour_h216_n165__20260417_161357.jld2,parte1/resultados_Bike/bike_hour_h216_n165__20260417_161357.jld2,w216,113,165,0.0001,StrategySelective,Selective,1,0.09240044615457872,0.12746588976949152,0.01767154429608018,0.5964795361952826,0.1519322404040297,33,41.05416798591614,42.019365072250366,,12,12,true
bike_hour_h216_n165__20260417_161357.jld2,parte1/resultados_Bike/bike_hour_h216_n165__20260417_161357.jld2,w216,153,165,1.0e-5,StrategySelective,Selective,1,0.08788035711368368,0.11865561378960794,0.014418554667441063,0.6314707718467603,0.1441023611248041,33,62.41029191017151,62.96766519546509,,12,12,true
bike_hour_h216_n165__20260417_161357.jld2,parte1/resultados_Bike/bike_hour_h216_n165__20260417_161357.jld2,w216,193,165,1.0e-6,StrategySelective,Selective,1,0.11443165979433635,0.13304302236418844,0.01811279197310763,0.5540625606785241,0.16032148365634288,33,202.79956912994385,203.3422839641571,,12,12,true
bike_hour_h216_n165__20260417_161357.jld2,parte1/resultados_Bike/bike_hour_h216_n165__20260417_161357.jld2,w216,233,165,1.0e-7,StrategySelective,Selective,1,0.0885908595534494,0.11636373853002357,0.01396153058961137,0.6492392937898992,0.140774067761694,33,1640.0067551136017,1640.5083482265472,,12,12,true
bike_hour_h216_n165__20260417_161357.jld2,parte1/resultados_Bike/bike_hour_h216_n165__20260417_161357.jld2,w216,273,165,0.01,StrategySelectiveWithConstantOptimization,Selective+ConstOpt,1,0.11249973864988186,0.16451650642149634,0.028209957418514148,0.3915888521281627,0.19380959272276602,33,6.571943044662476,7.097728967666626,,12,12,true
bike_hour_h216_n165__20260417_161357.jld2,parte1/resultados_Bike/bike_hour_h216_n165__20260417_161357.jld2,w216,313,165,0.001,StrategySelectiveWithConstantOptimization,Selective+ConstOpt,1,0.08978468127925242,0.11806717866747522,0.014260212071567364,0.6562529450643423,0.1420325548314067,33,29.76730704307556,30.341869115829468,,12,12,true
bike_hour_h216_n165__20260417_161357.jld2,parte1/resultados_Bike/bike_hour_h216_n165__20260417_161357.jld2,w216,353,165,0.0001,StrategySelectiveWithConstantOptimization,Selective+ConstOpt,1,0.07155459908339137,0.09538080606845445,0.009325733489653081,0.7379841707488538,0.11706024169544775,33,42.95798206329346,43.639041900634766,,12,12,true
bike_hour_h216_n165__20260417_161357.jld2,parte1/resultados_Bike/bike_hour_h216_n165__20260417_161357.jld2,w216,393,165,1.0e-5,StrategySelectiveWithConstantOptimization,Selective+ConstOpt,1,0.07704198671885289,0.10229599865048437,0.010765743916175026,0.70715717828959,0.12504856415011809,33,57.34636092185974,57.89958596229553,,12,12,true
bike_hour_h216_n165__20260417_161357.jld2,parte1/resultados_Bike/bike_hour_h216_n165__20260417_161357.jld2,w216,433,165,1.0e-6,StrategySelectiveWithConstantOptimization,Selective+ConstOpt,1,0.07066835440969678,0.09731482960449088,0.00975362570001914,0.7382789855571383,0.11880379636363425,33,278.8843140602112,279.43290305137634,,12,12,true
bike_hour_h216_n165__20260417_161357.jld2,parte1/resultados_Bike/bike_hour_h216_n165__20260417_161357.jld2,w216,473,165,1.0e-7,StrategySelectiveWithConstantOptimization,Selective+ConstOpt,1,0.07420812360447415,0.10084127169288047,0.01036174026300681,0.7185134753364326,0.12315752294563775,33,861.730297088623,862.2386918067932,,12,12,true
bike_hour_h216_n175__20260417_161357.jld2,parte1/resultados_Bike/bike_hour_h216_n175__20260417_161357.jld2,w216,35,175,0.01,StrategySelective,Selective,1,0.11351131955841864,0.16079794043825665,0.02688042687787141,0.41337400867647184,0.18984041303455537,33,15.701178789138794,19.173246145248413,,12,12,true
bike_hour_h216_n175__20260417_161357.jld2,parte1/resultados_Bike/bike_hour_h216_n175__20260417_161357.jld2,w216,75,175,0.001,StrategySelective,Selective,1,0.08822918899720679,0.12452028822275411,0.015993526332782775,0.6265944526640028,0.1489489860094065,33,32.546040773391724,33.35680913925171,,12,12,true
bike_hour_h216_n175__20260417_161357.jld2,parte1/resultados_Bike/bike_hour_h216_n175__20260417_161357.jld2,w216,115,175,0.0001,StrategySelective,Selective,1,0.09287250719837224,0.1269624607810738,0.01765504528152832,0.5989114725921141,0.15117985785776208,33,45.8008918762207,46.71798300743103,,12,12,true
bike_hour_h216_n175__20260417_161357.jld2,parte1/resultados_Bike/bike_hour_h216_n175__20260417_161357.jld2,w216,155,175,1.0e-5,StrategySelective,Selective,1,0.08701417087034416,0.11755268665936226,0.014140926464426879,0.6378578468060443,0.14280097039678763,33,66.6921739578247,67.29493999481201,,12,12,true
bike_hour_h216_n175__20260417_161357.jld2,parte1/resultados_Bike/bike_hour_h216_n175__20260417_161357.jld2,w216,195,175,1.0e-6,StrategySelective,Selective,1,0.11246921196395333,0.13199223740403124,0.017870121016163202,0.5622892797214377,0.1588835314820652,33,224.59231781959534,225.1029269695282,,12,12,true
bike_hour_h216_n175__20260417_161357.jld2,parte1/resultados_Bike/bike_hour_h216_n175__20260417_161357.jld2,w216,235,175,1.0e-7,StrategySelective,Selective,1,0.08814469314989772,0.11417348353128932,0.013455810911507958,0.6609980681646788,0.13814358034288063,33,1957.454251050949,1957.9484848976135,,12,12,true
bike_hour_h216_n175__20260417_161357.jld2,parte1/resultados_Bike/bike_hour_h216_n175__20260417_161357.jld2,w216,275,175,0.01,StrategySelectiveWithConstantOptimization,Selective+ConstOpt,1,0.11249973864988186,0.16451650642149634,0.028209957418514148,0.3915888521281627,0.19380959272276602,33,6.536537170410156,7.032071113586426,,12,12,true
bike_hour_h216_n175__20260417_161357.jld2,parte1/resultados_Bike/bike_hour_h216_n175__20260417_161357.jld2,w216,315,175,0.001,StrategySelectiveWithConstantOptimization,Selective+ConstOpt,1,0.0960390182787728,0.12687027675570117,0.01674920104299302,0.6162991433565607,0.1513219676224211,33,48.57909297943115,49.131799936294556,,12,12,true
bike_hour_h216_n175__20260417_161357.jld2,parte1/resultados_Bike/bike_hour_h216_n175__20260417_161357.jld2,w216,355,175,0.0001,StrategySelectiveWithConstantOptimization,Selective+ConstOpt,1,0.07043103918672304,0.09355424048796859,0.00898981861364704,0.7399055596872168,0.11523695009342848,33,58.28445506095886,58.89688587188721,,12,12,true
bike_hour_h216_n175__20260417_161357.jld2,parte1/resultados_Bike/bike_hour_h216_n175__20260417_161357.jld2,w216,395,175,1.0e-5,StrategySelectiveWithConstantOptimization,Selective+ConstOpt,1,0.07748486552089143,0.1022905444496328,0.01077484542211992,0.7098191288176113,0.12485931962354535,33,60.53918695449829,61.04919481277466,,12,12,true
bike_hour_h216_n175__20260417_161357.jld2,parte1/resultados_Bike/bike_hour_h216_n175__20260417_161357.jld2,w216,435,175,1.0e-6,StrategySelectiveWithConstantOptimization,Selective+ConstOpt,1,0.07068461558769505,0.09736264336560595,0.00976282324948739,0.7379680489566769,0.1188684858673882,33,286.17288398742676,286.68021297454834,,12,12,true
bike_hour_h216_n175__20260417_161357.jld2,parte1/resultados_Bike/bike_hour_h216_n175__20260417_161357.jld2,w216,475,175,1.0e-7,StrategySelectiveWithConstantOptimization,Selective+ConstOpt,1,0.0740843384156458,0.10131706018021717,0.010506244906580454,0.7168362188650635,0.12352877508350188,33,925.6450088024139,926.1591708660126,,12,12,true
bike_hour_h216_n185__20260417_161357.jld2,parte1/resultados_Bike/bike_hour_h216_n185__20260417_161357.jld2,w216,37,185,0.01,StrategySelective,Selective,1,0.11351131955841864,0.16079794043825665,0.02688042687787141,0.41337400867647184,0.18984041303455537,33,15.707198858261108,19.184444904327393,,12,12,true
bike_hour_h216_n185__20260417_161357.jld2,parte1/resultados_Bike/bike_hour_h216_n185__20260417_161357.jld2,w216,77,185,0.001,StrategySelective,Selective,1,0.0824986888313554,0.11507864716522453,0.013584882899458492,0.6791900565516678,0.1379480822786012,33,42.57967209815979,43.38367795944214,,12,12,true
bike_hour_h216_n185__20260417_161357.jld2,parte1/resultados_Bike/bike_hour_h216_n185__20260417_161357.jld2,w216,117,185,0.0001,StrategySelective,Selective,1,0.09328257792592941,0.1273278520217801,0.017842041515291566,0.5984236671610172,0.15130519256180128,33,52.83470010757446,53.76608395576477,,12,12,true
bike_hour_h216_n185__20260417_161357.jld2,parte1/resultados_Bike/bike_hour_h216_n185__20260417_161357.jld2,w216,157,185,1.0e-5,StrategySelective,Selective,1,0.08667737077992778,0.11711388829621434,0.01403308357728822,0.6396294153501596,0.14228340443226317,33,74.66265892982483,75.2573070526123,,12,12,true
bike_hour_h216_n185__20260417_161357.jld2,parte1/resultados_Bike/bike_hour_h216_n185__20260417_161357.jld2,w216,197,185,1.0e-6,StrategySelective,Selective,1,0.1148833563886972,0.13444058243652063,0.01862444897411015,0.5522528804418277,0.1613308131238543,33,253.8102719783783,254.37090492248535,,12,12,true
bike_hour_h216_n185__20260417_161357.jld2,parte1/resultados_Bike/bike_hour_h216_n185__20260417_161357.jld2,w216,237,185,1.0e-7,StrategySelective,Selective,1,0.08261356997601878,0.10479482075465814,0.011260842873898272,0.708012187560654,0.1273330604343211,33,2136.689085960388,2137.1850168704987,,12,12,true
bike_hour_h216_n185__20260417_161357.jld2,parte1/resultados_Bike/bike_hour_h216_n185__20260417_161357.jld2,w216,277,185,0.01,StrategySelectiveWithConstantOptimization,Selective+ConstOpt,1,0.11249973864988186,0.16451650642149634,0.028209957418514148,0.3915888521281627,0.19380959272276602,33,6.665462017059326,7.183732032775879,,12,12,true
bike_hour_h216_n185__20260417_161357.jld2,parte1/resultados_Bike/bike_hour_h216_n185__20260417_161357.jld2,w216,317,185,0.001,StrategySelectiveWithConstantOptimization,Selective+ConstOpt,1,0.09389274256920745,0.12315392824319411,0.01580065957937747,0.6358206666520339,0.14707376201288938,33,145.4180040359497,145.98300290107727,,12,12,true
bike_hour_h216_n185__20260417_161357.jld2,parte1/resultados_Bike/bike_hour_h216_n185__20260417_161357.jld2,w216,357,185,0.0001,StrategySelectiveWithConstantOptimization,Selective+ConstOpt,1,0.06935036433843206,0.09232955238718876,0.008763554652101291,0.7447213432386205,0.1137928316662954,33,79.79154992103577,80.41030883789062,,12,12,true
bike_hour_h216_n185__20260417_161357.jld2,parte1/resultados_Bike/bike_hour_h216_n185__20260417_161357.jld2,w216,397,185,1.0e-5,StrategySelectiveWithConstantOptimization,Selective+ConstOpt,1,0.07782512952084668,0.10277858156307436,0.01083139383389858,0.696189893788535,0.12609692498491437,33,65.66297793388367,66.17602396011353,,12,12,true
bike_hour_h216_n185__20260417_161357.jld2,parte1/resultados_Bike/bike_hour_h216_n185__20260417_161357.jld2,w216,437,185,1.0e-6,StrategySelectiveWithConstantOptimization,Selective+ConstOpt,1,0.06945077612118608,0.09571195485167405,0.00944654130482554,0.7486400121230016,0.11677122732055067,33,366.5395579338074,367.0410611629486,,12,12,true
bike_hour_h216_n185__20260417_161357.jld2,parte1/resultados_Bike/bike_hour_h216_n185__20260417_161357.jld2,w216,477,185,1.0e-7,StrategySelectiveWithConstantOptimization,Selective+ConstOpt,1,0.07383917275880714,0.10082931276986548,0.010393058784095443,0.7218689933329253,0.1228725472013975,33,1021.1632859706879,1021.6706168651581,,12,12,true
bike_hour_h216_n195__20260417_161357.jld2,parte1/resultados_Bike/bike_hour_h216_n195__20260417_161357.jld2,w216,39,195,0.01,StrategySelective,Selective,1,0.11351131955841864,0.16079794043825665,0.02688042687787141,0.41337400867647184,0.18984041303455537,33,15.686092138290405,19.155951023101807,,12,12,true
bike_hour_h216_n195__20260417_161357.jld2,parte1/resultados_Bike/bike_hour_h216_n195__20260417_161357.jld2,w216,79,195,0.001,StrategySelective,Selective,1,0.08185081183438958,0.11494364349160674,0.013572163490142196,0.6833370720896236,0.13750093754117151,33,47.135581970214844,47.94022798538208,,12,12,true
bike_hour_h216_n195__20260417_161357.jld2,parte1/resultados_Bike/bike_hour_h216_n195__20260417_161357.jld2,w216,119,195,0.0001,StrategySelective,Selective,1,0.0915324538340771,0.12526853623594522,0.016983840205768895,0.6082682345391303,0.1494627051620825,33,59.72824692726135,60.65154480934143,,12,12,true
bike_hour_h216_n195__20260417_161357.jld2,parte1/resultados_Bike/bike_hour_h216_n195__20260417_161357.jld2,w216,159,195,1.0e-5,StrategySelective,Selective,1,0.09377362066705347,0.13935604867225831,0.02181187982244578,0.48923894413040464,0.16592658715009492,33,83.33373594284058,83.9283721446991,,12,12,true
bike_hour_h216_n195__20260417_161357.jld2,parte1/resultados_Bike/bike_hour_h216_n195__20260417_161357.jld2,w216,199,195,1.0e-6,StrategySelective,Selective,1,0.11521795971410075,0.13482191996505485,0.018725873013357718,0.5485496933686805,0.1618791565497487,33,277.2157518863678,277.78373193740845,,12,12,true
bike_hour_h216_n195__20260417_161357.jld2,parte1/resultados_Bike/bike_hour_h216_n195__20260417_161357.jld2,w216,239,195,1.0e-7,StrategySelective,Selective,1,0.08414073220984741,0.10406276229725335,0.011072529652144064,0.7081117533238365,0.12653069981571008,33,2346.072551012039,2346.577677965164,,12,12,true
bike_hour_h216_n195__20260417_161357.jld2,parte1/resultados_Bike/bike_hour_h216_n195__20260417_161357.jld2,w216,279,195,0.01,StrategySelectiveWithConstantOptimization,Selective+ConstOpt,1,0.11249973864988186,0.16451650642149634,0.028209957418514148,0.3915888521281627,0.19380959272276602,33,6.6777660846710205,7.183854103088379,,12,12,true
bike_hour_h216_n195__20260417_161357.jld2,parte1/resultados_Bike/bike_hour_h216_n195__20260417_161357.jld2,w216,319,195,0.001,StrategySelectiveWithConstantOptimization,Selective+ConstOpt,1,0.08824188368547063,0.11626269945107523,0.014105465152642476,0.6741460893179939,0.13885982727769897,33,276.12904810905457,276.68316197395325,,12,12,true
bike_hour_h216_n195__20260417_161357.jld2,parte1/resultados_Bike/bike_hour_h216_n195__20260417_161357.jld2,w216,359,195,0.0001,StrategySelectiveWithConstantOptimization,Selective+ConstOpt,1,0.06916780816607453,0.09210930386672117,0.008712246092626311,0.7473619590059353,0.11347669793483786,33,101.3105239868164,101.93541097640991,,12,12,true
bike_hour_h216_n195__20260417_161357.jld2,parte1/resultados_Bike/bike_hour_h216_n195__20260417_161357.jld2,w216,399,195,1.0e-5,StrategySelectiveWithConstantOptimization,Selective+ConstOpt,1,0.07662985843577312,0.10152404658501617,0.010527575290721836,0.6985208792868399,0.12491363951101024,33,81.34532308578491,81.86002802848816,,12,12,true
bike_hour_h216_n195__20260417_161357.jld2,parte1/resultados_Bike/bike_hour_h216_n195__20260417_161357.jld2,w216,439,195,1.0e-6,StrategySelectiveWithConstantOptimization,Selective+ConstOpt,1,0.06840900205676753,0.09452267459469631,0.009202104046643607,0.7481922100839515,0.11571401115255038,33,437.12723302841187,437.6360831260681,,12,12,true
bike_hour_h216_n195__20260417_161357.jld2,parte1/resultados_Bike/bike_hour_h216_n195__20260417_161357.jld2,w216,479,195,1.0e-7,StrategySelectiveWithConstantOptimization,Selective+ConstOpt,1,0.0749570803545825,0.10152479440964055,0.010600805372496554,0.7122417647956281,0.12391569930901644,33,1136.1068799495697,1136.6184298992157,,12,12,true
bike_hour_h216_n200__20260417_161357.jld2,parte1/resultados_Bike/bike_hour_h216_n200__20260417_161357.jld2,w216,40,200,0.01,StrategySelective,Selective,1,0.11351131955841864,0.16079794043825665,0.02688042687787141,0.41337400867647184,0.18984041303455537,33,15.773269891738892,19.260828971862793,,12,12,true
bike_hour_h216_n200__20260417_161357.jld2,parte1/resultados_Bike/bike_hour_h216_n200__20260417_161357.jld2,w216,80,200,0.001,StrategySelective,Selective,1,0.08124583105617658,0.11406904226391808,0.013366975764320381,0.6888733296176864,0.13642976300117873,33,49.289345026016235,50.10526418685913,,12,12,true
bike_hour_h216_n200__20260417_161357.jld2,parte1/resultados_Bike/bike_hour_h216_n200__20260417_161357.jld2,w216,120,200,0.0001,StrategySelective,Selective,1,0.09136530461684032,0.12471928035910562,0.016821768948567635,0.609550967566342,0.1489723105468607,33,61.89861512184143,62.8427631855011,,12,12,true
bike_hour_h216_n200__20260417_161357.jld2,parte1/resultados_Bike/bike_hour_h216_n200__20260417_161357.jld2,w216,160,200,1.0e-5,StrategySelective,Selective,1,0.09656515174475949,0.14689566306623109,0.02539956294271785,0.4187962996069392,0.17399651495155077,33,87.90138101577759,88.49848294258118,,12,12,true
bike_hour_h216_n200__20260417_161357.jld2,parte1/resultados_Bike/bike_hour_h216_n200__20260417_161357.jld2,w216,200,200,1.0e-6,StrategySelective,Selective,1,0.11509057218641777,0.13470743326247975,0.018693612226929827,0.5491678550732306,0.16175079387446012,33,279.98602199554443,280.55996322631836,,12,12,true
bike_hour_h216_n200__20260417_161357.jld2,parte1/resultados_Bike/bike_hour_h216_n200__20260417_161357.jld2,w216,240,200,1.0e-7,StrategySelective,Selective,1,0.0839096431128739,0.10396069398208518,0.011055203384631682,0.7084860101557745,0.12639237370352585,33,2358.702709913254,2359.2044248580933,,12,12,true
bike_hour_h216_n200__20260417_161357.jld2,parte1/resultados_Bike/bike_hour_h216_n200__20260417_161357.jld2,w216,280,200,0.01,StrategySelectiveWithConstantOptimization,Selective+ConstOpt,1,0.11249973864988186,0.16451650642149634,0.028209957418514148,0.3915888521281627,0.19380959272276602,33,6.70220685005188,7.206722021102905,,12,12,true
bike_hour_h216_n200__20260417_161357.jld2,parte1/resultados_Bike/bike_hour_h216_n200__20260417_161357.jld2,w216,320,200,0.001,StrategySelectiveWithConstantOptimization,Selective+ConstOpt,1,0.08846041659493452,0.11670492454156621,0.014224859603701984,0.672359391046787,0.1392903165953654,33,303.9908301830292,304.54609298706055,,12,12,true
bike_hour_h216_n200__20260417_161357.jld2,parte1/resultados_Bike/bike_hour_h216_n200__20260417_161357.jld2,w216,360,200,0.0001,StrategySelectiveWithConstantOptimization,Selective+ConstOpt,1,0.06904123879335654,0.09177022299262577,0.008636601516910336,0.7488567666580752,0.11312713237871987,33,109.30913996696472,109.93340396881104,,12,12,true
bike_hour_h216_n200__20260417_161357.jld2,parte1/resultados_Bike/bike_hour_h216_n200__20260417_161357.jld2,w216,400,200,1.0e-5,StrategySelectiveWithConstantOptimization,Selective+ConstOpt,1,0.07646555727627566,0.10137828222388881,0.010492373768117366,0.6989542485108344,0.12477043097465765,33,82.29105806350708,82.80583000183105,,12,12,true
bike_hour_h216_n200__20260417_161357.jld2,parte1/resultados_Bike/bike_hour_h216_n200__20260417_161357.jld2,w216,440,200,1.0e-6,StrategySelectiveWithConstantOptimization,Selective+ConstOpt,1,0.06824294123849944,0.09457038701120911,0.009211071996769418,0.7485343643109177,0.11576027422537298,33,448.6101219654083,449.1263029575348,,12,12,true
bike_hour_h216_n200__20260417_161357.jld2,parte1/resultados_Bike/bike_hour_h216_n200__20260417_161357.jld2,w216,480,200,1.0e-7,StrategySelectiveWithConstantOptimization,Selective+ConstOpt,1,0.07296626204004591,0.09906318737020056,0.010103616147286519,0.7215023454400854,0.1211721629781639,33,1196.9958908557892,1197.510934829712,,12,12,true
bike_hour_h240_n005__20260417_161357.jld2,parte1/resultados_Bike/bike_hour_h240_n005__20260417_161357.jld2,w240,1,5,0.01,StrategySelective,Selective,1,0.16903094706630264,0.22481834626247735,0.05205117917163406,-0.09528407837133478,0.26155361551247674,29,7.2065651416778564,10.310785055160522,,12,12,true
bike_hour_h240_n005__20260417_161357.jld2,parte1/resultados_Bike/bike_hour_h240_n005__20260417_161357.jld2,w240,41,5,0.001,StrategySelective,Selective,1,0.16903094706630264,0.22481834626247735,0.05205117917163406,-0.09528407837133478,0.26155361551247674,29,0.040112972259521484,0.5483689308166504,,12,12,true
bike_hour_h240_n005__20260417_161357.jld2,parte1/resultados_Bike/bike_hour_h240_n005__20260417_161357.jld2,w240,81,5,0.0001,StrategySelective,Selective,1,0.169152707133402,0.22462954537597626,0.05196743130459345,-0.09269137547579485,0.26130919879210224,29,0.24914312362670898,0.8058221340179443,,12,12,true
bike_hour_h240_n005__20260417_161357.jld2,parte1/resultados_Bike/bike_hour_h240_n005__20260417_161357.jld2,w240,121,5,1.0e-5,StrategySelective,Selective,1,0.16960482692694917,0.22521633458991874,0.05224472460501366,-0.09794016692315466,0.26196909499291093,29,0.03567314147949219,0.5445029735565186,,12,12,true
bike_hour_h240_n005__20260417_161357.jld2,parte1/resultados_Bike/bike_hour_h240_n005__20260417_161357.jld2,w240,161,5,1.0e-6,StrategySelective,Selective,1,0.16974686826623078,0.2253997198021149,0.05233138321778398,-0.09959773222459908,0.26217643318043815,29,0.044754981994628906,0.540442943572998,,12,12,true
bike_hour_h240_n005__20260417_161357.jld2,parte1/resultados_Bike/bike_hour_h240_n005__20260417_161357.jld2,w240,201,5,1.0e-7,StrategySelective,Selective,1,0.1697979286665184,0.2254704521915673,0.05236480553250692,-0.10024530649871118,0.26225641478704215,29,0.049983978271484375,0.7554681301116943,,12,12,true
bike_hour_h240_n005__20260417_161357.jld2,parte1/resultados_Bike/bike_hour_h240_n005__20260417_161357.jld2,w240,241,5,0.01,StrategySelectiveWithConstantOptimization,Selective+ConstOpt,1,0.16903094706630264,0.22481834626247735,0.05205117917163406,-0.09528407837133478,0.26155361551247674,29,0.5227880477905273,1.1385250091552734,,12,12,true
bike_hour_h240_n005__20260417_161357.jld2,parte1/resultados_Bike/bike_hour_h240_n005__20260417_161357.jld2,w240,281,5,0.001,StrategySelectiveWithConstantOptimization,Selective+ConstOpt,1,0.16903094706630264,0.22481834626247735,0.05205117917163406,-0.09528407837133478,0.26155361551247674,29,0.03783106803894043,0.5275781154632568,,12,12,true
bike_hour_h240_n005__20260417_161357.jld2,parte1/resultados_Bike/bike_hour_h240_n005__20260417_161357.jld2,w240,321,5,0.0001,StrategySelectiveWithConstantOptimization,Selective+ConstOpt,1,0.169152707133402,0.22462954537597626,0.05196743130459345,-0.09269137547579485,0.26130919879210224,29,0.059867143630981445,0.5404081344604492,,12,12,true
bike_hour_h240_n005__20260417_161357.jld2,parte1/resultados_Bike/bike_hour_h240_n005__20260417_161357.jld2,w240,361,5,1.0e-5,StrategySelectiveWithConstantOptimization,Selective+ConstOpt,1,0.16960482692694917,0.22521633458991874,0.05224472460501366,-0.09794016692315466,0.26196909499291093,29,0.030267953872680664,0.5213150978088379,,12,12,true
bike_hour_h240_n005__20260417_161357.jld2,parte1/resultados_Bike/bike_hour_h240_n005__20260417_161357.jld2,w240,401,5,1.0e-6,StrategySelectiveWithConstantOptimization,Selective+ConstOpt,1,0.16974686826623078,0.2253997198021149,0.05233138321778398,-0.09959773222459908,0.26217643318043815,29,0.033418893814086914,0.5210459232330322,,12,12,true
bike_hour_h240_n005__20260417_161357.jld2,parte1/resultados_Bike/bike_hour_h240_n005__20260417_161357.jld2,w240,441,5,1.0e-7,StrategySelectiveWithConstantOptimization,Selective+ConstOpt,1,0.1697979286665184,0.2254704521915673,0.05236480553250692,-0.10024530649871118,0.26225641478704215,29,0.06299018859863281,0.5486981868743896,,12,12,true
bike_hour_h240_n010__20260417_161357.jld2,parte1/resultados_Bike/bike_hour_h240_n010__20260417_161357.jld2,w240,2,10,0.01,StrategySelective,Selective,1,0.16903094706630264,0.22481834626247735,0.05205117917163406,-0.09528407837133478,0.26155361551247674,29,7.167307138442993,10.255738019943237,,12,12,true
bike_hour_h240_n010__20260417_161357.jld2,parte1/resultados_Bike/bike_hour_h240_n010__20260417_161357.jld2,w240,42,10,0.001,StrategySelective,Selective,1,0.16903094706630264,0.22481834626247735,0.05205117917163406,-0.09528407837133478,0.26155361551247674,29,0.040303945541381836,0.5498569011688232,,12,12,true
bike_hour_h240_n010__20260417_161357.jld2,parte1/resultados_Bike/bike_hour_h240_n010__20260417_161357.jld2,w240,82,10,0.0001,StrategySelective,Selective,1,0.1506647025207349,0.2102331780755694,0.04566103301937754,0.04861322876349668,0.24395621334573256,29,0.6170988082885742,1.2381370067596436,,12,12,true
bike_hour_h240_n010__20260417_161357.jld2,parte1/resultados_Bike/bike_hour_h240_n010__20260417_161357.jld2,w240,122,10,1.0e-5,StrategySelective,Selective,1,0.15079713319793947,0.21065768555205758,0.045848730960867154,0.04492156670222223,0.24445427872921494,29,0.10306215286254883,0.7329840660095215,,12,12,true
bike_hour_h240_n010__20260417_161357.jld2,parte1/resultados_Bike/bike_hour_h240_n010__20260417_161357.jld2,w240,162,10,1.0e-6,StrategySelective,Selective,1,0.15087016649410617,0.21085303321262228,0.04593519594868663,0.04320766392087294,0.24468111443777377,29,0.12224888801574707,0.6014609336853027,,12,12,true
bike_hour_h240_n010__20260417_161357.jld2,parte1/resultados_Bike/bike_hour_h240_n010__20260417_161357.jld2,w240,202,10,1.0e-7,StrategySelective,Selective,1,0.15087194605442636,0.2108635337274267,0.04593978013694847,0.04311016647411581,0.2446957116732273,29,0.13960599899291992,0.6196129322052002,,12,12,true
bike_hour_h240_n010__20260417_161357.jld2,parte1/resultados_Bike/bike_hour_h240_n010__20260417_161357.jld2,w240,242,10,0.01,StrategySelectiveWithConstantOptimization,Selective+ConstOpt,1,0.16903094706630264,0.22481834626247735,0.05205117917163406,-0.09528407837133478,0.26155361551247674,29,0.5166759490966797,1.001783847808838,,12,12,true
bike_hour_h240_n010__20260417_161357.jld2,parte1/resultados_Bike/bike_hour_h240_n010__20260417_161357.jld2,w240,282,10,0.001,StrategySelectiveWithConstantOptimization,Selective+ConstOpt,1,0.16903094706630264,0.22481834626247735,0.05205117917163406,-0.09528407837133478,0.26155361551247674,29,0.03419303894042969,0.6797358989715576,,12,12,true
bike_hour_h240_n010__20260417_161357.jld2,parte1/resultados_Bike/bike_hour_h240_n010__20260417_161357.jld2,w240,322,10,0.0001,StrategySelectiveWithConstantOptimization,Selective+ConstOpt,1,0.1506647025207349,0.2102331780755694,0.04566103301937754,0.04861322876349668,0.24395621334573256,29,0.10484480857849121,0.5870528221130371,,12,12,true
bike_hour_h240_n010__20260417_161357.jld2,parte1/resultados_Bike/bike_hour_h240_n010__20260417_161357.jld2,w240,362,10,1.0e-5,StrategySelectiveWithConstantOptimization,Selective+ConstOpt,1,0.1508235906683545,0.21068404878930397,0.04586050422740767,0.04469767739820137,0.2444830604878419,29,0.08685898780822754,0.5658929347991943,,12,12,true
bike_hour_h240_n010__20260417_161357.jld2,parte1/resultados_Bike/bike_hour_h240_n010__20260417_161357.jld2,w240,402,10,1.0e-6,StrategySelectiveWithConstantOptimization,Selective+ConstOpt,1,0.15085050684907061,0.2108045537144845,0.04591367719943296,0.04362941130631422,0.2446270945655307,29,0.10223603248596191,0.5845530033111572,,12,12,true
bike_hour_h240_n010__20260417_161357.jld2,parte1/resultados_Bike/bike_hour_h240_n010__20260417_161357.jld2,w240,442,10,1.0e-7,StrategySelectiveWithConstantOptimization,Selective+ConstOpt,1,0.15086703159831158,0.21084957781004054,0.04593358748667792,0.04323175695261974,0.2446801586014056,29,0.13306093215942383,0.6151618957519531,,12,12,true
bike_hour_h240_n015__20260417_161357.jld2,parte1/resultados_Bike/bike_hour_h240_n015__20260417_161357.jld2,w240,3,15,0.01,StrategySelective,Selective,1,0.16903094706630264,0.22481834626247735,0.05205117917163406,-0.09528407837133478,0.26155361551247674,29,10.06801986694336,14.464184999465942,,12,12,true
bike_hour_h240_n015__20260417_161357.jld2,parte1/resultados_Bike/bike_hour_h240_n015__20260417_161357.jld2,w240,43,15,0.001,StrategySelective,Selective,1,0.16903094706630264,0.22481834626247735,0.05205117917163406,-0.09528407837133478,0.26155361551247674,29,0.06099200248718262,0.6340088844299316,,12,12,true
bike_hour_h240_n015__20260417_161357.jld2,parte1/resultados_Bike/bike_hour_h240_n015__20260417_161357.jld2,w240,83,15,0.0001,StrategySelective,Selective,1,0.12718375025566486,0.19231612405441353,0.03823721204513963,0.20048052298513427,0.2235036541369279,29,1.3306031227111816,2.188868999481201,,12,12,true
bike_hour_h240_n015__20260417_161357.jld2,parte1/resultados_Bike/bike_hour_h240_n015__20260417_161357.jld2,w240,123,15,1.0e-5,StrategySelective,Selective,1,0.1271055276986967,0.19230913978462716,0.03823400583615384,0.20050688310011042,0.22350061990050368,29,0.8951520919799805,1.464345932006836,,12,12,true
bike_hour_h240_n015__20260417_161357.jld2,parte1/resultados_Bike/bike_hour_h240_n015__20260417_161357.jld2,w240,163,15,1.0e-6,StrategySelective,Selective,1,0.12710829265273194,0.19231522536517218,0.03823790771761959,0.20054216036260272,0.223492531002371,29,0.5453178882598877,1.1033618450164795,,12,12,true
bike_hour_h240_n015__20260417_161357.jld2,parte1/resultados_Bike/bike_hour_h240_n015__20260417_161357.jld2,w240,203,15,1.0e-7,StrategySelective,Selective,1,0.12711028582356904,0.19227107037937027,0.038220442288281746,0.20090986880520612,0.2234392397327137,29,0.6428170204162598,1.198659896850586,,12,12,true
bike_hour_h240_n015__20260417_161357.jld2,parte1/resultados_Bike/bike_hour_h240_n015__20260417_161357.jld2,w240,243,15,0.01,StrategySelectiveWithConstantOptimization,Selective+ConstOpt,1,0.16903094706630264,0.22481834626247735,0.05205117917163406,-0.09528407837133478,0.26155361551247674,29,0.7647459506988525,1.3132569789886475,,12,12,true
bike_hour_h240_n015__20260417_161357.jld2,parte1/resultados_Bike/bike_hour_h240_n015__20260417_161357.jld2,w240,283,15,0.001,StrategySelectiveWithConstantOptimization,Selective+ConstOpt,1,0.16903094706630264,0.22481834626247735,0.05205117917163406,-0.09528407837133478,0.26155361551247674,29,0.05382204055786133,0.6170470714569092,,12,12,true
bike_hour_h240_n015__20260417_161357.jld2,parte1/resultados_Bike/bike_hour_h240_n015__20260417_161357.jld2,w240,323,15,0.0001,StrategySelectiveWithConstantOptimization,Selective+ConstOpt,1,0.12707606183448203,0.1921833206307166,0.038184420784453485,0.20156725752484042,0.2233470115058182,29,0.421032190322876,1.2983341217041016,,12,12,true
bike_hour_h240_n015__20260417_161357.jld2,parte1/resultados_Bike/bike_hour_h240_n015__20260417_161357.jld2,w240,363,15,1.0e-5,StrategySelectiveWithConstantOptimization,Selective+ConstOpt,1,0.12713754191871518,0.19243846873066955,0.03828661515984721,0.19950996127881968,0.22364189168200238,29,0.39339208602905273,0.9512360095977783,,12,12,true
bike_hour_h240_n015__20260417_161357.jld2,parte1/resultados_Bike/bike_hour_h240_n015__20260417_161357.jld2,w240,403,15,1.0e-6,StrategySelectiveWithConstantOptimization,Selective+ConstOpt,1,0.12711549872694497,0.19232053041242284,0.03824011230198963,0.20050460034973008,0.22349775467055294,29,0.4415411949157715,0.9834320545196533,,12,12,true
bike_hour_h240_n015__20260417_161357.jld2,parte1/resultados_Bike/bike_hour_h240_n015__20260417_161357.jld2,w240,443,15,1.0e-7,StrategySelectiveWithConstantOptimization,Selective+ConstOpt,1,0.13152589941277268,0.19654118548786229,0.039895350243217186,0.16403714636639222,0.22858698823899953,29,1.0537240505218506,1.6573700904846191,,12,12,true
bike_hour_h240_n020__20260417_161357.jld2,parte1/resultados_Bike/bike_hour_h240_n020__20260417_161357.jld2,w240,4,20,0.01,StrategySelective,Selective,1,0.16903094706630264,0.22481834626247735,0.05205117917163406,-0.09528407837133478,0.26155361551247674,29,10.19908094406128,14.592167139053345,,12,12,true
bike_hour_h240_n020__20260417_161357.jld2,parte1/resultados_Bike/bike_hour_h240_n020__20260417_161357.jld2,w240,44,20,0.001,StrategySelective,Selective,1,0.16903094706630264,0.22481834626247735,0.05205117917163406,-0.09528407837133478,0.26155361551247674,29,0.04814910888671875,0.6350758075714111,,12,12,true
bike_hour_h240_n020__20260417_161357.jld2,parte1/resultados_Bike/bike_hour_h240_n020__20260417_161357.jld2,w240,84,20,0.0001,StrategySelective,Selective,1,0.12679821938224858,0.19183486531479593,0.038014179101569776,0.20105610721160772,0.2233336314909817,29,1.9810550212860107,2.8319878578186035,,12,12,true
bike_hour_h240_n020__20260417_161357.jld2,parte1/resultados_Bike/bike_hour_h240_n020__20260417_161357.jld2,w240,124,20,1.0e-5,StrategySelective,Selective,1,0.12140457901015592,0.1891428731973937,0.03696162381737998,0.2231593920085601,0.2201893817503514,29,0.9522109031677246,1.5179510116577148,,12,12,true
bike_hour_h240_n020__20260417_161357.jld2,parte1/resultados_Bike/bike_hour_h240_n020__20260417_161357.jld2,w240,164,20,1.0e-6,StrategySelective,Selective,1,0.12128530918263461,0.1889186839159299,0.0368739445097138,0.2249673664524601,0.21992755161431,29,0.8483679294586182,1.404498815536499,,12,12,true
bike_hour_h240_n020__20260417_161357.jld2,parte1/resultados_Bike/bike_hour_h240_n020__20260417_161357.jld2,w240,204,20,1.0e-7,StrategySelective,Selective,1,0.12710602198937954,0.19213450285221173,0.03816585434760016,0.20194859553809086,0.22328135439921598,29,0.9523890018463135,1.5644629001617432,,12,12,true
bike_hour_h240_n020__20260417_161357.jld2,parte1/resultados_Bike/bike_hour_h240_n020__20260417_161357.jld2,w240,244,20,0.01,StrategySelectiveWithConstantOptimization,Selective+ConstOpt,1,0.16903094706630264,0.22481834626247735,0.05205117917163406,-0.09528407837133478,0.26155361551247674,29,0.7496929168701172,1.8844380378723145,,12,12,true
bike_hour_h240_n020__20260417_161357.jld2,parte1/resultados_Bike/bike_hour_h240_n020__20260417_161357.jld2,w240,284,20,0.001,StrategySelectiveWithConstantOptimization,Selective+ConstOpt,1,0.16903094706630264,0.22481834626247735,0.05205117917163406,-0.09528407837133478,0.26155361551247674,29,0.0474848747253418,0.6066710948944092,,12,12,true
bike_hour_h240_n020__20260417_161357.jld2,parte1/resultados_Bike/bike_hour_h240_n020__20260417_161357.jld2,w240,324,20,0.0001,StrategySelectiveWithConstantOptimization,Selective+ConstOpt,1,0.12681803061125152,0.19178456345116301,0.03799641073230429,0.20169876623247437,0.22324974566892336,29,0.5712578296661377,1.114894151687622,,12,12,true
bike_hour_h240_n020__20260417_161357.jld2,parte1/resultados_Bike/bike_hour_h240_n020__20260417_161357.jld2,w240,364,20,1.0e-5,StrategySelectiveWithConstantOptimization,Selective+ConstOpt,1,0.12125387529192823,0.18901884600175875,0.03691218308404236,0.22409935600900605,0.2200530595651013,29,0.6123199462890625,1.1578211784362793,,12,12,true
bike_hour_h240_n020__20260417_161357.jld2,parte1/resultados_Bike/bike_hour_h240_n020__20260417_161357.jld2,w240,404,20,1.0e-6,StrategySelectiveWithConstantOptimization,Selective+ConstOpt,1,0.1213117087219992,0.1889627238611618,0.03689160983254788,0.2246458862546294,0.21997469011361115,29,0.6820120811462402,1.8558340072631836,,12,12,true
bike_hour_h240_n020__20260417_161357.jld2,parte1/resultados_Bike/bike_hour_h240_n020__20260417_161357.jld2,w240,444,20,1.0e-7,StrategySelectiveWithConstantOptimization,Selective+ConstOpt,1,0.13137301613965946,0.18890101738612708,0.03676554995258457,0.21907777400616374,0.2205455565741023,29,0.7807819843292236,1.4995300769805908,,12,12,true
bike_hour_h240_n025__20260417_161357.jld2,parte1/resultados_Bike/bike_hour_h240_n025__20260417_161357.jld2,w240,5,25,0.01,StrategySelective,Selective,1,0.16903094706630264,0.22481834626247735,0.05205117917163406,-0.09528407837133478,0.26155361551247674,29,10.049133062362671,14.425647974014282,,12,12,true
bike_hour_h240_n025__20260417_161357.jld2,parte1/resultados_Bike/bike_hour_h240_n025__20260417_161357.jld2,w240,45,25,0.001,StrategySelective,Selective,1,0.16903094706630264,0.22481834626247735,0.05205117917163406,-0.09528407837133478,0.26155361551247674,29,0.04490518569946289,0.6287229061126709,,12,12,true
bike_hour_h240_n025__20260417_161357.jld2,parte1/resultados_Bike/bike_hour_h240_n025__20260417_161357.jld2,w240,85,25,0.0001,StrategySelective,Selective,1,0.12164589313796022,0.18936034754381392,0.03703634442847394,0.21997976055376323,0.22059656252322601,29,2.6270859241485596,3.480384111404419,,12,12,true
bike_hour_h240_n025__20260417_161357.jld2,parte1/resultados_Bike/bike_hour_h240_n025__20260417_161357.jld2,w240,125,25,1.0e-5,StrategySelective,Selective,1,0.11983777373240422,0.18617810282042827,0.03581519019586448,0.24652720584149734,0.21679568289403267,29,1.1656818389892578,1.791043996810913,,12,12,true
bike_hour_h240_n025__20260417_161357.jld2,parte1/resultados_Bike/bike_hour_h240_n025__20260417_161357.jld2,w240,165,25,1.0e-6,StrategySelective,Selective,1,0.12012215505990047,0.18601346338163258,0.03575066244896134,0.24795618457443516,0.2165902851883598,29,1.3884978294372559,1.9423611164093018,,12,12,true
bike_hour_h240_n025__20260417_161357.jld2,parte1/resultados_Bike/bike_hour_h240_n025__20260417_161357.jld2,w240,205,25,1.0e-7,StrategySelective,Selective,1,0.11979197115609146,0.1860488638464213,0.03576583996845402,0.24753167688058209,0.21664116230586475,29,2.396074056625366,2.9624547958374023,,12,12,true
bike_hour_h240_n025__20260417_161357.jld2,parte1/resultados_Bike/bike_hour_h240_n025__20260417_161357.jld2,w240,245,25,0.01,StrategySelectiveWithConstantOptimization,Selective+ConstOpt,1,0.16903094706630264,0.22481834626247735,0.05205117917163406,-0.09528407837133478,0.26155361551247674,29,0.7208821773529053,1.262218952178955,,12,12,true
bike_hour_h240_n025__20260417_161357.jld2,parte1/resultados_Bike/bike_hour_h240_n025__20260417_161357.jld2,w240,285,25,0.001,StrategySelectiveWithConstantOptimization,Selective+ConstOpt,1,0.16903094706630264,0.22481834626247735,0.05205117917163406,-0.09528407837133478,0.26155361551247674,29,0.0501251220703125,0.6013460159301758,,12,12,true
bike_hour_h240_n025__20260417_161357.jld2,parte1/resultados_Bike/bike_hour_h240_n025__20260417_161357.jld2,w240,325,25,0.0001,StrategySelectiveWithConstantOptimization,Selective+ConstOpt,1,0.11965876039259252,0.17939338951345188,0.03319504963066882,0.2927127916659468,0.20964096772351307,29,1.3929510116577148,1.9395420551300049,,12,12,true
bike_hour_h240_n025__20260417_161357.jld2,parte1/resultados_Bike/bike_hour_h240_n025__20260417_161357.jld2,w240,365,25,1.0e-5,StrategySelectiveWithConstantOptimization,Selective+ConstOpt,1,0.12010364894798965,0.18604943019776837,0.03576417420358718,0.24767531523136327,0.21663703323982905,29,0.917539119720459,1.772737979888916,,12,12,true
bike_hour_h240_n025__20260417_161357.jld2,parte1/resultados_Bike/bike_hour_h240_n025__20260417_161357.jld2,w240,405,25,1.0e-6,StrategySelectiveWithConstantOptimization,Selective+ConstOpt,1,0.11978541514163817,0.18604710138936031,0.035764731399030386,0.24752694640313863,0.2166429204154859,29,1.0201351642608643,1.5605220794677734,,12,12,true
bike_hour_h240_n025__20260417_161357.jld2,parte1/resultados_Bike/bike_hour_h240_n025__20260417_161357.jld2,w240,445,25,1.0e-7,StrategySelectiveWithConstantOptimization,Selective+ConstOpt,1,0.12189723870598072,0.18220772656104553,0.03423362937913827,0.2708234885312861,0.21291509359751631,29,1.7021849155426025,2.4049079418182373,,12,12,true
bike_hour_h240_n030__20260417_161357.jld2,parte1/resultados_Bike/bike_hour_h240_n030__20260417_161357.jld2,w240,6,30,0.01,StrategySelective,Selective,1,0.16903094706630264,0.22481834626247735,0.05205117917163406,-0.09528407837133478,0.26155361551247674,29,10.219557046890259,14.612720966339111,,12,12,true
bike_hour_h240_n030__20260417_161357.jld2,parte1/resultados_Bike/bike_hour_h240_n030__20260417_161357.jld2,w240,46,30,0.001,StrategySelective,Selective,1,0.16903094706630264,0.22481834626247735,0.05205117917163406,-0.09528407837133478,0.26155361551247674,29,0.050228118896484375,0.674842119216919,,12,12,true
bike_hour_h240_n030__20260417_161357.jld2,parte1/resultados_Bike/bike_hour_h240_n030__20260417_161357.jld2,w240,86,30,0.0001,StrategySelective,Selective,1,0.12030374236355405,0.1778131886494049,0.03254510003120978,0.29903632345734876,0.2082591340845148,29,3.8627099990844727,4.719003915786743,,12,12,true
bike_hour_h240_n030__20260417_161357.jld2,parte1/resultados_Bike/bike_hour_h240_n030__20260417_161357.jld2,w240,126,30,1.0e-5,StrategySelective,Selective,1,0.12012728720846427,0.17961484986516224,0.03327126579105084,0.2908866157830946,0.20991678145258327,29,1.528158187866211,2.1460931301116943,,12,12,true
bike_hour_h240_n030__20260417_161357.jld2,parte1/resultados_Bike/bike_hour_h240_n030__20260417_161357.jld2,w240,166,30,1.0e-6,StrategySelective,Selective,1,0.1201964143209526,0.17954219337832017,0.03324283784164017,0.29130702391110275,0.20984454533387306,29,2.5058279037475586,3.0599310398101807,,12,12,true
bike_hour_h240_n030__20260417_161357.jld2,parte1/resultados_Bike/bike_hour_h240_n030__20260417_161357.jld2,w240,206,30,1.0e-7,StrategySelective,Selective,1,0.12018551523638796,0.1795094270588175,0.03323034574726162,0.29154079422259227,0.20980848051571785,29,2.38824200630188,2.9270100593566895,,12,12,true
bike_hour_h240_n030__20260417_161357.jld2,parte1/resultados_Bike/bike_hour_h240_n030__20260417_161357.jld2,w240,246,30,0.01,StrategySelectiveWithConstantOptimization,Selective+ConstOpt,1,0.16903094706630264,0.22481834626247735,0.05205117917163406,-0.09528407837133478,0.26155361551247674,29,0.737205982208252,1.2818810939788818,,12,12,true
bike_hour_h240_n030__20260417_161357.jld2,parte1/resultados_Bike/bike_hour_h240_n030__20260417_161357.jld2,w240,286,30,0.001,StrategySelectiveWithConstantOptimization,Selective+ConstOpt,1,0.16903094706630264,0.22481834626247735,0.05205117917163406,-0.09528407837133478,0.26155361551247674,29,0.049835920333862305,0.5996439456939697,,12,12,true
bike_hour_h240_n030__20260417_161357.jld2,parte1/resultados_Bike/bike_hour_h240_n030__20260417_161357.jld2,w240,326,30,0.0001,StrategySelectiveWithConstantOptimization,Selective+ConstOpt,1,0.11991190536982071,0.17939988714863536,0.033198088095797613,0.29301176083788283,0.20961729348456468,29,1.7596840858459473,2.7737860679626465,,12,12,true
bike_hour_h240_n030__20260417_161357.jld2,parte1/resultados_Bike/bike_hour_h240_n030__20260417_161357.jld2,w240,366,30,1.0e-5,StrategySelectiveWithConstantOptimization,Selective+ConstOpt,1,0.11645239419793638,0.17666654979919705,0.03230042412406764,0.3188365381398559,0.2060151382351245,29,1.3885958194732666,1.9338359832763672,,12,12,true
bike_hour_h240_n030__20260417_161357.jld2,parte1/resultados_Bike/bike_hour_h240_n030__20260417_161357.jld2,w240,406,30,1.0e-6,StrategySelectiveWithConstantOptimization,Selective+ConstOpt,1,0.1201938087715192,0.17953758670136158,0.03324088105840134,0.29133763708384075,0.20983993646493557,29,1.732591152191162,2.252377986907959,,12,12,true
bike_hour_h240_n030__20260417_161357.jld2,parte1/resultados_Bike/bike_hour_h240_n030__20260417_161357.jld2,w240,446,30,1.0e-7,StrategySelectiveWithConstantOptimization,Selective+ConstOpt,1,0.12186962810855502,0.18218472207915087,0.034225054841968944,0.27099361920929976,0.21288881218481587,29,1.6901030540466309,2.3855409622192383,,12,12,true
bike_hour_h240_n035__20260417_161357.jld2,parte1/resultados_Bike/bike_hour_h240_n035__20260417_161357.jld2,w240,7,35,0.01,StrategySelective,Selective,1,0.16903094706630264,0.22481834626247735,0.05205117917163406,-0.09528407837133478,0.26155361551247674,29,8.253859996795654,11.816188097000122,,12,12,true
bike_hour_h240_n035__20260417_161357.jld2,parte1/resultados_Bike/bike_hour_h240_n035__20260417_161357.jld2,w240,47,35,0.001,StrategySelective,Selective,1,0.16903094706630264,0.22481834626247735,0.05205117917163406,-0.09528407837133478,0.26155361551247674,29,0.04532885551452637,0.5920181274414062,,12,12,true
bike_hour_h240_n035__20260417_161357.jld2,parte1/resultados_Bike/bike_hour_h240_n035__20260417_161357.jld2,w240,87,35,0.0001,StrategySelective,Selective,1,0.11987640158142114,0.17913393871182934,0.0330708804655296,0.29270425867146627,0.20951156076424363,29,3.359498977661133,4.307217121124268,,12,12,true
bike_hour_h240_n035__20260417_161357.jld2,parte1/resultados_Bike/bike_hour_h240_n035__20260417_161357.jld2,w240,127,35,1.0e-5,StrategySelective,Selective,1,0.11649094319653798,0.17667677425562803,0.0323049147016431,0.3187784772407623,0.20602365908267906,29,1.7288529872894287,2.2655630111694336,,12,12,true
bike_hour_h240_n035__20260417_161357.jld2,parte1/resultados_Bike/bike_hour_h240_n035__20260417_161357.jld2,w240,167,35,1.0e-6,StrategySelective,Selective,1,0.11743018403847336,0.1758797513343931,0.031982764176340286,0.3226161960544091,0.20531111003022934,29,2.908818006515503,3.448132038116455,,12,12,true
bike_hour_h240_n035__20260417_161357.jld2,parte1/resultados_Bike/bike_hour_h240_n035__20260417_161357.jld2,w240,207,35,1.0e-7,StrategySelective,Selective,1,0.1174501380682012,0.17587049774900984,0.03197889475349278,0.32265496641284647,0.20530313013389245,29,3.4456779956817627,3.9729058742523193,,12,12,true
bike_hour_h240_n035__20260417_161357.jld2,parte1/resultados_Bike/bike_hour_h240_n035__20260417_161357.jld2,w240,247,35,0.01,StrategySelectiveWithConstantOptimization,Selective+ConstOpt,1,0.16903094706630264,0.22481834626247735,0.05205117917163406,-0.09528407837133478,0.26155361551247674,29,0.5906720161437988,1.1181490421295166,,12,12,true
bike_hour_h240_n035__20260417_161357.jld2,parte1/resultados_Bike/bike_hour_h240_n035__20260417_161357.jld2,w240,287,35,0.001,StrategySelectiveWithConstantOptimization,Selective+ConstOpt,1,0.16903094706630264,0.22481834626247735,0.05205117917163406,-0.09528407837133478,0.26155361551247674,29,0.03832197189331055,0.7982978820800781,,12,12,true
bike_hour_h240_n035__20260417_161357.jld2,parte1/resultados_Bike/bike_hour_h240_n035__20260417_161357.jld2,w240,327,35,0.0001,StrategySelectiveWithConstantOptimization,Selective+ConstOpt,1,0.1199187949021062,0.1790654784011831,0.03306416183965978,0.2953694221135894,0.20924977902214467,29,1.4100160598754883,2.20743989944458,,12,12,true
bike_hour_h240_n035__20260417_161357.jld2,parte1/resultados_Bike/bike_hour_h240_n035__20260417_161357.jld2,w240,367,35,1.0e-5,StrategySelectiveWithConstantOptimization,Selective+ConstOpt,1,0.11607352208362684,0.1703296030303239,0.02995560454339892,0.35892448760509,0.19931006221102815,29,2.0034148693084717,2.5366950035095215,,12,12,true
bike_hour_h240_n035__20260417_161357.jld2,parte1/resultados_Bike/bike_hour_h240_n035__20260417_161357.jld2,w240,407,35,1.0e-6,StrategySelectiveWithConstantOptimization,Selective+ConstOpt,1,0.11748069670928514,0.17589915850364185,0.03198979490940252,0.3224667674577878,0.20533400812065458,29,2.0070722103118896,2.729948043823242,,12,12,true
bike_hour_h240_n035__20260417_161357.jld2,parte1/resultados_Bike/bike_hour_h240_n035__20260417_161357.jld2,w240,447,35,1.0e-7,StrategySelectiveWithConstantOptimization,Selective+ConstOpt,1,0.11794446049259075,0.17761619213638508,0.03258222982761681,0.3109191034870976,0.20713987734572786,29,2.7398438453674316,3.5105111598968506,,12,12,true
bike_hour_h240_n040__20260417_161357.jld2,parte1/resultados_Bike/bike_hour_h240_n040__20260417_161357.jld2,w240,8,40,0.01,StrategySelective,Selective,1,0.16903094706630264,0.22481834626247735,0.05205117917163406,-0.09528407837133478,0.26155361551247674,29,7.397864103317261,10.627264022827148,,12,12,true
bike_hour_h240_n040__20260417_161357.jld2,parte1/resultados_Bike/bike_hour_h240_n040__20260417_161357.jld2,w240,48,40,0.001,StrategySelective,Selective,1,0.16903094706630264,0.22481834626247735,0.05205117917163406,-0.09528407837133478,0.26155361551247674,29,0.042572975158691406,0.5499789714813232,,12,12,true
bike_hour_h240_n040__20260417_161357.jld2,parte1/resultados_Bike/bike_hour_h240_n040__20260417_161357.jld2,w240,88,40,0.0001,StrategySelective,Selective,1,0.1171651114254525,0.1757358914929522,0.03192683600630168,0.3235348697800661,0.20516209370235125,29,3.2882730960845947,4.141676902770996,,12,12,true
bike_hour_h240_n040__20260417_161357.jld2,parte1/resultados_Bike/bike_hour_h240_n040__20260417_161357.jld2,w240,128,40,1.0e-5,StrategySelective,Selective,1,0.11775559879866591,0.17383048984053737,0.03123424926955298,0.3367101992455499,0.20305060931326185,29,2.6740520000457764,3.306226968765259,,12,12,true
bike_hour_h240_n040__20260417_161357.jld2,parte1/resultados_Bike/bike_hour_h240_n040__20260417_161357.jld2,w240,168,40,1.0e-6,StrategySelective,Selective,1,0.11573901295411816,0.1736197571615164,0.031234531475183933,0.3434395337659739,0.20226575290159168,29,2.4893300533294678,3.138592004776001,,12,12,true
bike_hour_h240_n040__20260417_161357.jld2,parte1/resultados_Bike/bike_hour_h240_n040__20260417_161357.jld2,w240,208,40,1.0e-7,StrategySelective,Selective,1,0.11573108861653916,0.17363954102469303,0.0312423176565857,0.3433622345109685,0.20228241384248566,29,3.4804069995880127,3.9673080444335938,,12,12,true
bike_hour_h240_n040__20260417_161357.jld2,parte1/resultados_Bike/bike_hour_h240_n040__20260417_161357.jld2,w240,248,40,0.01,StrategySelectiveWithConstantOptimization,Selective+ConstOpt,1,0.16903094706630264,0.22481834626247735,0.05205117917163406,-0.09528407837133478,0.26155361551247674,29,0.6821081638336182,1.352329969406128,,12,12,true
bike_hour_h240_n040__20260417_161357.jld2,parte1/resultados_Bike/bike_hour_h240_n040__20260417_161357.jld2,w240,288,40,0.001,StrategySelectiveWithConstantOptimization,Selective+ConstOpt,1,0.16903094706630264,0.22481834626247735,0.05205117917163406,-0.09528407837133478,0.26155361551247674,29,0.03665590286254883,0.5240740776062012,,12,12,true
bike_hour_h240_n040__20260417_161357.jld2,parte1/resultados_Bike/bike_hour_h240_n040__20260417_161357.jld2,w240,328,40,0.0001,StrategySelectiveWithConstantOptimization,Selective+ConstOpt,1,0.11874122328160927,0.17684311818061282,0.03223179243848388,0.3101108188211002,0.20686397053834388,29,1.8881330490112305,2.5646469593048096,,12,12,true
bike_hour_h240_n040__20260417_161357.jld2,parte1/resultados_Bike/bike_hour_h240_n040__20260417_161357.jld2,w240,368,40,1.0e-5,StrategySelectiveWithConstantOptimization,Selective+ConstOpt,1,0.11440800510346524,0.16794195416627705,0.029161105450566892,0.3781064563679518,0.19632839251908155,29,2.336729049682617,2.828131914138794,,12,12,true
bike_hour_h240_n040__20260417_161357.jld2,parte1/resultados_Bike/bike_hour_h240_n040__20260417_161357.jld2,w240,408,40,1.0e-6,StrategySelectiveWithConstantOptimization,Selective+ConstOpt,1,0.11583680718229401,0.17355312870996742,0.031202456079132915,0.3446635121637395,0.2021266442545225,29,2.1034939289093018,2.591187000274658,,12,12,true
bike_hour_h240_n040__20260417_161357.jld2,parte1/resultados_Bike/bike_hour_h240_n040__20260417_161357.jld2,w240,448,40,1.0e-7,StrategySelectiveWithConstantOptimization,Selective+ConstOpt,1,0.11808923185149592,0.17715001054047408,0.03240723705392736,0.31365808922366684,0.20667893399608178,29,11.39586091041565,11.973489046096802,,12,12,true
bike_hour_h240_n045__20260417_161357.jld2,parte1/resultados_Bike/bike_hour_h240_n045__20260417_161357.jld2,w240,9,45,0.01,StrategySelective,Selective,1,0.16903094706630264,0.22481834626247735,0.05205117917163406,-0.09528407837133478,0.26155361551247674,29,7.929795980453491,11.367233037948608,,12,12,true
bike_hour_h240_n045__20260417_161357.jld2,parte1/resultados_Bike/bike_hour_h240_n045__20260417_161357.jld2,w240,49,45,0.001,StrategySelective,Selective,1,0.16903094706630264,0.22481834626247735,0.05205117917163406,-0.09528407837133478,0.26155361551247674,29,0.04364609718322754,0.5714209079742432,,12,12,true
bike_hour_h240_n045__20260417_161357.jld2,parte1/resultados_Bike/bike_hour_h240_n045__20260417_161357.jld2,w240,89,45,0.0001,StrategySelective,Selective,1,0.11511375392854414,0.1699361077655247,0.029797987198870106,0.3587920925798911,0.19909684417884058,29,4.202709913253784,5.088241815567017,,12,12,true
bike_hour_h240_n045__20260417_161357.jld2,parte1/resultados_Bike/bike_hour_h240_n045__20260417_161357.jld2,w240,129,45,1.0e-5,StrategySelective,Selective,1,0.11600007086305485,0.17010508947443942,0.029875917737891937,0.3603654090548556,0.19906598561776176,29,3.1341500282287598,3.6433169841766357,,12,12,true
bike_hour_h240_n045__20260417_161357.jld2,parte1/resultados_Bike/bike_hour_h240_n045__20260417_161357.jld2,w240,169,45,1.0e-6,StrategySelective,Selective,1,0.11419803785058405,0.1679155274327033,0.029166277362899597,0.3798580882582595,0.19618217746986397,29,4.157526016235352,5.041930913925171,,12,12,true
bike_hour_h240_n045__20260417_161357.jld2,parte1/resultados_Bike/bike_hour_h240_n045__20260417_161357.jld2,w240,209,45,1.0e-7,StrategySelective,Selective,1,0.11421375786829992,0.16791058065041373,0.02916433798086814,0.3798430290703987,0.19618075055261397,29,6.233121871948242,6.719449043273926,,12,12,true
bike_hour_h240_n045__20260417_161357.jld2,parte1/resultados_Bike/bike_hour_h240_n045__20260417_161357.jld2,w240,249,45,0.01,StrategySelectiveWithConstantOptimization,Selective+ConstOpt,1,0.16903094706630264,0.22481834626247735,0.05205117917163406,-0.09528407837133478,0.26155361551247674,29,0.5514321327209473,1.0495188236236572,,12,12,true
bike_hour_h240_n045__20260417_161357.jld2,parte1/resultados_Bike/bike_hour_h240_n045__20260417_161357.jld2,w240,289,45,0.001,StrategySelectiveWithConstantOptimization,Selective+ConstOpt,1,0.16903094706630264,0.22481834626247735,0.05205117917163406,-0.09528407837133478,0.26155361551247674,29,0.036656856536865234,0.5502209663391113,,12,12,true
bike_hour_h240_n045__20260417_161357.jld2,parte1/resultados_Bike/bike_hour_h240_n045__20260417_161357.jld2,w240,329,45,0.0001,StrategySelectiveWithConstantOptimization,Selective+ConstOpt,1,0.11718608910243342,0.1692802432061337,0.02947929575027518,0.3578063420452523,0.19875659970121723,29,2.8202059268951416,3.7714579105377197,,12,12,true
bike_hour_h240_n045__20260417_161357.jld2,parte1/resultados_Bike/bike_hour_h240_n045__20260417_161357.jld2,w240,369,45,1.0e-5,StrategySelectiveWithConstantOptimization,Selective+ConstOpt,1,0.10483787520550616,0.15112005042719628,0.023510789496908945,0.47683765275334317,0.17823268746331178,29,3.230051040649414,4.119784832000732,,12,12,true
bike_hour_h240_n045__20260417_161357.jld2,parte1/resultados_Bike/bike_hour_h240_n045__20260417_161357.jld2,w240,409,45,1.0e-6,StrategySelectiveWithConstantOptimization,Selective+ConstOpt,1,0.11419797743480421,0.16792762514012594,0.029170672579589347,0.3797880840702847,0.19619440317146175,29,3.442833185195923,3.948477029800415,,12,12,true
bike_hour_h240_n045__20260417_161357.jld2,parte1/resultados_Bike/bike_hour_h240_n045__20260417_161357.jld2,w240,449,45,1.0e-7,StrategySelectiveWithConstantOptimization,Selective+ConstOpt,1,0.10430436892336642,0.1542201366660352,0.024408462703077952,0.46526193790483095,0.1811567087896721,29,42.248507022857666,43.01587891578674,,12,12,true
bike_hour_h240_n050__20260417_161357.jld2,parte1/resultados_Bike/bike_hour_h240_n050__20260417_161357.jld2,w240,10,50,0.01,StrategySelective,Selective,1,0.16903094706630264,0.22481834626247735,0.05205117917163406,-0.09528407837133478,0.26155361551247674,29,7.174072980880737,10.275700092315674,,12,12,true
bike_hour_h240_n050__20260417_161357.jld2,parte1/resultados_Bike/bike_hour_h240_n050__20260417_161357.jld2,w240,50,50,0.001,StrategySelective,Selective,1,0.16903094706630264,0.22481834626247735,0.05205117917163406,-0.09528407837133478,0.26155361551247674,29,0.0406801700592041,0.5505688190460205,,12,12,true
bike_hour_h240_n050__20260417_161357.jld2,parte1/resultados_Bike/bike_hour_h240_n050__20260417_161357.jld2,w240,90,50,0.0001,StrategySelective,Selective,1,0.11466683713536388,0.16797513002371983,0.02910882759867761,0.37136871459725895,0.19695199744954026,29,4.560395956039429,5.535740852355957,,12,12,true
bike_hour_h240_n050__20260417_161357.jld2,parte1/resultados_Bike/bike_hour_h240_n050__20260417_161357.jld2,w240,130,50,1.0e-5,StrategySelective,Selective,1,0.11513261680702544,0.16800568330812413,0.029137812963638925,0.3742948900614944,0.19673843824324028,29,4.279470920562744,4.780366897583008,,12,12,true
bike_hour_h240_n050__20260417_161357.jld2,parte1/resultados_Bike/bike_hour_h240_n050__20260417_161357.jld2,w240,170,50,1.0e-6,StrategySelective,Selective,1,0.11422422311452575,0.16790149432793972,0.029162040957733122,0.379949772807306,0.1961652482575254,29,4.119389057159424,4.60099196434021,,12,12,true
bike_hour_h240_n050__20260417_161357.jld2,parte1/resultados_Bike/bike_hour_h240_n050__20260417_161357.jld2,w240,210,50,1.0e-7,StrategySelective,Selective,1,0.11197830988863972,0.16499978762554418,0.028162515479244296,0.401157657680869,0.1927706844544244,29,7.322866916656494,7.810062885284424,,12,12,true
bike_hour_h240_n050__20260417_161357.jld2,parte1/resultados_Bike/bike_hour_h240_n050__20260417_161357.jld2,w240,250,50,0.01,StrategySelectiveWithConstantOptimization,Selective+ConstOpt,1,0.16903094706630264,0.22481834626247735,0.05205117917163406,-0.09528407837133478,0.26155361551247674,29,0.5230090618133545,1.0075368881225586,,12,12,true
bike_hour_h240_n050__20260417_161357.jld2,parte1/resultados_Bike/bike_hour_h240_n050__20260417_161357.jld2,w240,290,50,0.001,StrategySelectiveWithConstantOptimization,Selective+ConstOpt,1,0.16903094706630264,0.22481834626247735,0.05205117917163406,-0.09528407837133478,0.26155361551247674,29,0.03651905059814453,0.5351579189300537,,12,12,true
bike_hour_h240_n050__20260417_161357.jld2,parte1/resultados_Bike/bike_hour_h240_n050__20260417_161357.jld2,w240,330,50,0.0001,StrategySelectiveWithConstantOptimization,Selective+ConstOpt,1,0.11681966465563437,0.1672037902624179,0.02881638810207987,0.37822123220063614,0.19590438650675768,29,3.25968599319458,4.267770051956177,,12,12,true
bike_hour_h240_n050__20260417_161357.jld2,parte1/resultados_Bike/bike_hour_h240_n050__20260417_161357.jld2,w240,370,50,1.0e-5,StrategySelectiveWithConstantOptimization,Selective+ConstOpt,1,0.10538754828921801,0.15101810922777356,0.023480151141028003,0.47813578353283054,0.17807147378792815,29,3.416187047958374,3.9170689582824707,,12,12,true
bike_hour_h240_n050__20260417_161357.jld2,parte1/resultados_Bike/bike_hour_h240_n050__20260417_161357.jld2,w240,410,50,1.0e-6,StrategySelectiveWithConstantOptimization,Selective+ConstOpt,1,0.11194372769941469,0.16496184045501358,0.028149407197800555,0.40140098926169027,0.1927290453897807,29,3.826843023300171,4.310707092285156,,12,12,true
bike_hour_h240_n050__20260417_161357.jld2,parte1/resultados_Bike/bike_hour_h240_n050__20260417_161357.jld2,w240,450,50,1.0e-7,StrategySelectiveWithConstantOptimization,Selective+ConstOpt,1,0.10371272457652714,0.1519132764328759,0.023636847500060332,0.47477949856866647,0.17891252184561404,29,52.12896704673767,52.80559492111206,,12,12,true
bike_hour_h240_n055__20260417_161357.jld2,parte1/resultados_Bike/bike_hour_h240_n055__20260417_161357.jld2,w240,11,55,0.01,StrategySelective,Selective,1,0.16903094706630264,0.22481834626247735,0.05205117917163406,-0.09528407837133478,0.26155361551247674,29,7.178093910217285,10.260447025299072,,12,12,true
bike_hour_h240_n055__20260417_161357.jld2,parte1/resultados_Bike/bike_hour_h240_n055__20260417_161357.jld2,w240,51,55,0.001,StrategySelective,Selective,1,0.16903094706630264,0.22481834626247735,0.05205117917163406,-0.09528407837133478,0.26155361551247674,29,0.039674997329711914,0.540977954864502,,12,12,true
bike_hour_h240_n055__20260417_161357.jld2,parte1/resultados_Bike/bike_hour_h240_n055__20260417_161357.jld2,w240,91,55,0.0001,StrategySelective,Selective,1,0.11364421388468009,0.16586386168933054,0.028411131157880885,0.3893086007272719,0.19422929152313115,29,5.510146856307983,6.480256795883179,,12,12,true
bike_hour_h240_n055__20260417_161357.jld2,parte1/resultados_Bike/bike_hour_h240_n055__20260417_161357.jld2,w240,131,55,1.0e-5,StrategySelective,Selective,1,0.11199726249846874,0.16448856292751265,0.027984019900151414,0.4024504427889281,0.19235124675294576,29,5.154245138168335,5.643641948699951,,12,12,true
bike_hour_h240_n055__20260417_161357.jld2,parte1/resultados_Bike/bike_hour_h240_n055__20260417_161357.jld2,w240,171,55,1.0e-6,StrategySelective,Selective,1,0.11292950369051727,0.164987656139974,0.02814648147513982,0.4001110060311864,0.1928410411702274,29,8.805766105651855,9.591647148132324,,12,12,true
bike_hour_h240_n055__20260417_161357.jld2,parte1/resultados_Bike/bike_hour_h240_n055__20260417_161357.jld2,w240,211,55,1.0e-7,StrategySelective,Selective,1,0.11196286576209522,0.16472336597617107,0.028064432949048743,0.4029803587955403,0.19245423901534092,29,8.655174016952515,9.133574962615967,,12,12,true
bike_hour_h240_n055__20260417_161357.jld2,parte1/resultados_Bike/bike_hour_h240_n055__20260417_161357.jld2,w240,251,55,0.01,StrategySelectiveWithConstantOptimization,Selective+ConstOpt,1,0.16903094706630264,0.22481834626247735,0.05205117917163406,-0.09528407837133478,0.26155361551247674,29,0.5264778137207031,1.0044360160827637,,12,12,true
bike_hour_h240_n055__20260417_161357.jld2,parte1/resultados_Bike/bike_hour_h240_n055__20260417_161357.jld2,w240,291,55,0.001,StrategySelectiveWithConstantOptimization,Selective+ConstOpt,1,0.16903094706630264,0.22481834626247735,0.05205117917163406,-0.09528407837133478,0.26155361551247674,29,0.03842902183532715,0.5173389911651611,,12,12,true
bike_hour_h240_n055__20260417_161357.jld2,parte1/resultados_Bike/bike_hour_h240_n055__20260417_161357.jld2,w240,331,55,0.0001,StrategySelectiveWithConstantOptimization,Selective+ConstOpt,1,0.1182111052973137,0.16602407844839495,0.02841323771769861,0.3859260669910027,0.19460545850509484,29,4.331857919692993,5.147566080093384,,12,12,true
bike_hour_h240_n055__20260417_161357.jld2,parte1/resultados_Bike/bike_hour_h240_n055__20260417_161357.jld2,w240,371,55,1.0e-5,StrategySelectiveWithConstantOptimization,Selective+ConstOpt,1,0.10402199594946046,0.14561375442538468,0.021814376626928998,0.5120436168192607,0.1719047112137125,29,4.791784048080444,5.365162134170532,,12,12,true
bike_hour_h240_n055__20260417_161357.jld2,parte1/resultados_Bike/bike_hour_h240_n055__20260417_161357.jld2,w240,411,55,1.0e-6,StrategySelectiveWithConstantOptimization,Selective+ConstOpt,1,0.11076124872944827,0.16291115950023796,0.027448107740897433,0.4139978311437702,0.19051619052572194,29,5.085848093032837,5.564718008041382,,12,12,true
bike_hour_h240_n055__20260417_161357.jld2,parte1/resultados_Bike/bike_hour_h240_n055__20260417_161357.jld2,w240,451,55,1.0e-7,StrategySelectiveWithConstantOptimization,Selective+ConstOpt,1,0.10048362813449634,0.14504709687214587,0.02148133474744485,0.5042266751705613,0.17187379807041597,29,71.3255729675293,72.03178906440735,,12,12,true
bike_hour_h240_n060__20260417_161357.jld2,parte1/resultados_Bike/bike_hour_h240_n060__20260417_161357.jld2,w240,12,60,0.01,StrategySelective,Selective,1,0.16903094706630264,0.22481834626247735,0.05205117917163406,-0.09528407837133478,0.26155361551247674,29,8.190125942230225,12.349052906036377,,12,12,true
bike_hour_h240_n060__20260417_161357.jld2,parte1/resultados_Bike/bike_hour_h240_n060__20260417_161357.jld2,w240,52,60,0.001,StrategySelective,Selective,1,0.16903094706630264,0.22481834626247735,0.05205117917163406,-0.09528407837133478,0.26155361551247674,29,0.0522007942199707,0.6123478412628174,,12,12,true
bike_hour_h240_n060__20260417_161357.jld2,parte1/resultados_Bike/bike_hour_h240_n060__20260417_161357.jld2,w240,92,60,0.0001,StrategySelective,Selective,1,0.11382511592217709,0.16624925963978524,0.028547492894598618,0.38712082859574726,0.1946285106134002,29,6.230465888977051,7.302175045013428,,12,12,true
bike_hour_h240_n060__20260417_161357.jld2,parte1/resultados_Bike/bike_hour_h240_n060__20260417_161357.jld2,w240,132,60,1.0e-5,StrategySelective,Selective,1,0.11204787589770392,0.1644876033223939,0.02798291970083414,0.4024828713715567,0.1923483936536575,29,5.989382982254028,6.527016878128052,,12,12,true
bike_hour_h240_n060__20260417_161357.jld2,parte1/resultados_Bike/bike_hour_h240_n060__20260417_161357.jld2,w240,172,60,1.0e-6,StrategySelective,Selective,1,0.10347780130146592,0.1393917715888672,0.019842459700017148,0.5548432185882318,0.1645095570914802,29,10.110044002532959,11.099429845809937,,12,12,true
bike_hour_h240_n060__20260417_161357.jld2,parte1/resultados_Bike/bike_hour_h240_n060__20260417_161357.jld2,w240,212,60,1.0e-7,StrategySelective,Selective,1,0.1113289048294678,0.1640524147661761,0.027841257214606282,0.40789950510670103,0.19164892493220584,29,15.675782918930054,16.206850051879883,,12,12,true
bike_hour_h240_n060__20260417_161357.jld2,parte1/resultados_Bike/bike_hour_h240_n060__20260417_161357.jld2,w240,252,60,0.01,StrategySelectiveWithConstantOptimization,Selective+ConstOpt,1,0.16903094706630264,0.22481834626247735,0.05205117917163406,-0.09528407837133478,0.26155361551247674,29,0.6186549663543701,1.137911081314087,,12,12,true
bike_hour_h240_n060__20260417_161357.jld2,parte1/resultados_Bike/bike_hour_h240_n060__20260417_161357.jld2,w240,292,60,0.001,StrategySelectiveWithConstantOptimization,Selective+ConstOpt,1,0.16903094706630264,0.22481834626247735,0.05205117917163406,-0.09528407837133478,0.26155361551247674,29,0.24171710014343262,0.8188440799713135,,12,12,true
bike_hour_h240_n060__20260417_161357.jld2,parte1/resultados_Bike/bike_hour_h240_n060__20260417_161357.jld2,w240,332,60,0.0001,StrategySelectiveWithConstantOptimization,Selective+ConstOpt,1,0.117683667108781,0.16624725653886732,0.02848560411073682,0.384728079050967,0.19481829663368763,29,4.331901788711548,5.368044853210449,,12,12,true
bike_hour_h240_n060__20260417_161357.jld2,parte1/resultados_Bike/bike_hour_h240_n060__20260417_161357.jld2,w240,372,60,1.0e-5,StrategySelectiveWithConstantOptimization,Selective+ConstOpt,1,0.1023562165660928,0.14021203393728002,0.020190503430136973,0.5450946743404588,0.16564850565129027,29,6.140921115875244,6.986297845840454,,12,12,true
bike_hour_h240_n060__20260417_161357.jld2,parte1/resultados_Bike/bike_hour_h240_n060__20260417_161357.jld2,w240,412,60,1.0e-6,StrategySelectiveWithConstantOptimization,Selective+ConstOpt,1,0.11106470331695378,0.1628964617836207,0.02744071591176843,0.41422468814985736,0.19048844391766326,29,6.082782983779907,6.62192702293396,,12,12,true
bike_hour_h240_n060__20260417_161357.jld2,parte1/resultados_Bike/bike_hour_h240_n060__20260417_161357.jld2,w240,452,60,1.0e-7,StrategySelectiveWithConstantOptimization,Selective+ConstOpt,1,0.09624243743758351,0.13538940274660224,0.01878847262875546,0.5687036331285914,0.16027742322782354,29,122.18964004516602,122.82951092720032,,12,12,true
bike_hour_h240_n065__20260417_161357.jld2,parte1/resultados_Bike/bike_hour_h240_n065__20260417_161357.jld2,w240,13,65,0.01,StrategySelective,Selective,1,0.16903094706630264,0.22481834626247735,0.05205117917163406,-0.09528407837133478,0.26155361551247674,29,8.288064956665039,12.455672979354858,,12,12,true
bike_hour_h240_n065__20260417_161357.jld2,parte1/resultados_Bike/bike_hour_h240_n065__20260417_161357.jld2,w240,53,65,0.001,StrategySelective,Selective,1,0.16903094706630264,0.22481834626247735,0.05205117917163406,-0.09528407837133478,0.26155361551247674,29,0.045806884765625,0.6158709526062012,,12,12,true
bike_hour_h240_n065__20260417_161357.jld2,parte1/resultados_Bike/bike_hour_h240_n065__20260417_161357.jld2,w240,93,65,0.0001,StrategySelective,Selective,1,0.1106621442057386,0.1610354999445187,0.026794728409964823,0.4219768064241052,0.18873183356037815,29,7.542039155960083,8.726789951324463,,12,12,true
bike_hour_h240_n065__20260417_161357.jld2,parte1/resultados_Bike/bike_hour_h240_n065__20260417_161357.jld2,w240,133,65,1.0e-5,StrategySelective,Selective,1,0.10327947144698015,0.1462211079594401,0.02198034917569928,0.4999557373964842,0.17311817915245617,29,7.358824968338013,7.990670204162598,,12,12,true
bike_hour_h240_n065__20260417_161357.jld2,parte1/resultados_Bike/bike_hour_h240_n065__20260417_161357.jld2,w240,173,65,1.0e-6,StrategySelective,Selective,1,0.11728401958947444,0.14260684118417893,0.020889216920665095,0.5371934417014826,0.16761772449669163,29,21.113821029663086,21.6491219997406,,12,12,true
bike_hour_h240_n065__20260417_161357.jld2,parte1/resultados_Bike/bike_hour_h240_n065__20260417_161357.jld2,w240,213,65,1.0e-7,StrategySelective,Selective,1,0.11136855209100907,0.16394191790815224,0.027811334736374177,0.40926708404377066,0.19146339986091485,29,17.436884880065918,17.962234020233154,,12,12,true
bike_hour_h240_n065__20260417_161357.jld2,parte1/resultados_Bike/bike_hour_h240_n065__20260417_161357.jld2,w240,253,65,0.01,StrategySelectiveWithConstantOptimization,Selective+ConstOpt,1,0.16903094706630264,0.22481834626247735,0.05205117917163406,-0.09528407837133478,0.26155361551247674,29,0.6093740463256836,1.137256145477295,,12,12,true
bike_hour_h240_n065__20260417_161357.jld2,parte1/resultados_Bike/bike_hour_h240_n065__20260417_161357.jld2,w240,293,65,0.001,StrategySelectiveWithConstantOptimization,Selective+ConstOpt,1,0.16903094706630264,0.22481834626247735,0.05205117917163406,-0.09528407837133478,0.26155361551247674,29,0.03817391395568848,0.577704906463623,,12,12,true
bike_hour_h240_n065__20260417_161357.jld2,parte1/resultados_Bike/bike_hour_h240_n065__20260417_161357.jld2,w240,333,65,0.0001,StrategySelectiveWithConstantOptimization,Selective+ConstOpt,1,0.11581061001467062,0.1606698691725998,0.026614544970278743,0.42010304404356147,0.1886758506308605,29,5.640254974365234,6.77488899230957,,12,12,true
bike_hour_h240_n065__20260417_161357.jld2,parte1/resultados_Bike/bike_hour_h240_n065__20260417_161357.jld2,w240,373,65,1.0e-5,StrategySelectiveWithConstantOptimization,Selective+ConstOpt,1,0.102367571717085,0.1418029891861865,0.020649756689242262,0.5371081162458723,0.1673769413491792,29,8.020213842391968,8.661075115203857,,12,12,true
bike_hour_h240_n065__20260417_161357.jld2,parte1/resultados_Bike/bike_hour_h240_n065__20260417_161357.jld2,w240,413,65,1.0e-6,StrategySelectiveWithConstantOptimization,Selective+ConstOpt,1,0.09986990286860463,0.1406346466331458,0.020356166052289317,0.5389416295363104,0.16646030578218537,29,8.122421979904175,8.658298015594482,,12,12,true
bike_hour_h240_n065__20260417_161357.jld2,parte1/resultados_Bike/bike_hour_h240_n065__20260417_161357.jld2,w240,453,65,1.0e-7,StrategySelectiveWithConstantOptimization,Selective+ConstOpt,1,0.09485466712476694,0.1343357477438214,0.018497574264277075,0.5742718610168427,0.15906323030922437,29,146.19488310813904,146.84359002113342,,12,12,true
bike_hour_h240_n070__20260417_161357.jld2,parte1/resultados_Bike/bike_hour_h240_n070__20260417_161357.jld2,w240,14,70,0.01,StrategySelective,Selective,1,0.16903094706630264,0.22481834626247735,0.05205117917163406,-0.09528407837133478,0.26155361551247674,29,8.29548192024231,12.454017877578735,,12,12,true
bike_hour_h240_n070__20260417_161357.jld2,parte1/resultados_Bike/bike_hour_h240_n070__20260417_161357.jld2,w240,54,70,0.001,StrategySelective,Selective,1,0.16903094706630264,0.22481834626247735,0.05205117917163406,-0.09528407837133478,0.26155361551247674,29,0.04363894462585449,0.6001031398773193,,12,12,true
bike_hour_h240_n070__20260417_161357.jld2,parte1/resultados_Bike/bike_hour_h240_n070__20260417_161357.jld2,w240,94,70,0.0001,StrategySelective,Selective,1,0.10993345765534218,0.15879217040302282,0.02607618841603836,0.44010644460864806,0.18591075235778393,29,9.085880994796753,10.368476867675781,,12,12,true
bike_hour_h240_n070__20260417_161357.jld2,parte1/resultados_Bike/bike_hour_h240_n070__20260417_161357.jld2,w240,134,70,1.0e-5,StrategySelective,Selective,1,0.10533242910147439,0.15152548533167665,0.023653452253268127,0.47253262533247686,0.17868909117242227,29,9.573775053024292,10.334948778152466,,12,12,true
bike_hour_h240_n070__20260417_161357.jld2,parte1/resultados_Bike/bike_hour_h240_n070__20260417_161357.jld2,w240,174,70,1.0e-6,StrategySelective,Selective,1,0.1414639611177361,0.16029297182998667,0.02635997041625537,0.41284139011948506,0.1886074332283293,29,24.945811986923218,25.488595008850098,,12,12,true
bike_hour_h240_n070__20260417_161357.jld2,parte1/resultados_Bike/bike_hour_h240_n070__20260417_161357.jld2,w240,214,70,1.0e-7,StrategySelective,Selective,1,0.11041251007830072,0.16190532167964172,0.02712257450372994,0.42238782968256067,0.1892133469552854,29,21.900624990463257,22.433725118637085,,12,12,true
bike_hour_h240_n070__20260417_161357.jld2,parte1/resultados_Bike/bike_hour_h240_n070__20260417_161357.jld2,w240,254,70,0.01,StrategySelectiveWithConstantOptimization,Selective+ConstOpt,1,0.16903094706630264,0.22481834626247735,0.05205117917163406,-0.09528407837133478,0.26155361551247674,29,0.6017651557922363,1.1266939640045166,,12,12,true
bike_hour_h240_n070__20260417_161357.jld2,parte1/resultados_Bike/bike_hour_h240_n070__20260417_161357.jld2,w240,294,70,0.001,StrategySelectiveWithConstantOptimization,Selective+ConstOpt,1,0.16903094706630264,0.22481834626247735,0.05205117917163406,-0.09528407837133478,0.26155361551247674,29,0.2342851161956787,0.8101909160614014,,12,12,true
bike_hour_h240_n070__20260417_161357.jld2,parte1/resultados_Bike/bike_hour_h240_n070__20260417_161357.jld2,w240,334,70,0.0001,StrategySelectiveWithConstantOptimization,Selective+ConstOpt,1,0.11544517136651615,0.15989042859047548,0.0263704443869394,0.426503190233407,0.18768416257157658,29,7.197999000549316,8.006649017333984,,12,12,true
bike_hour_h240_n070__20260417_161357.jld2,parte1/resultados_Bike/bike_hour_h240_n070__20260417_161357.jld2,w240,374,70,1.0e-5,StrategySelectiveWithConstantOptimization,Selective+ConstOpt,1,0.10151014354537286,0.14113679395045414,0.02045374428152106,0.541447393998758,0.1666199604519121,29,8.885098218917847,9.413527011871338,,12,12,true
bike_hour_h240_n070__20260417_161357.jld2,parte1/resultados_Bike/bike_hour_h240_n070__20260417_161357.jld2,w240,414,70,1.0e-6,StrategySelectiveWithConstantOptimization,Selective+ConstOpt,1,0.09232157430755658,0.13442434106574613,0.01858943258315293,0.5715937733395399,0.1595300086009812,29,11.82703685760498,12.515292882919312,,12,12,true
bike_hour_h240_n070__20260417_161357.jld2,parte1/resultados_Bike/bike_hour_h240_n070__20260417_161357.jld2,w240,454,70,1.0e-7,StrategySelectiveWithConstantOptimization,Selective+ConstOpt,1,0.09426447150270681,0.1338393592488895,0.018361706980713197,0.5774882372334958,0.15846144505045154,29,154.7398819923401,155.3862829208374,,12,12,true
bike_hour_h240_n075__20260417_161357.jld2,parte1/resultados_Bike/bike_hour_h240_n075__20260417_161357.jld2,w240,15,75,0.01,StrategySelective,Selective,1,0.16903094706630264,0.22481834626247735,0.05205117917163406,-0.09528407837133478,0.26155361551247674,29,8.32649302482605,12.495073080062866,,12,12,true
bike_hour_h240_n075__20260417_161357.jld2,parte1/resultados_Bike/bike_hour_h240_n075__20260417_161357.jld2,w240,55,75,0.001,StrategySelective,Selective,1,0.16903094706630264,0.22481834626247735,0.05205117917163406,-0.09528407837133478,0.26155361551247674,29,0.044818878173828125,0.6004002094268799,,12,12,true
bike_hour_h240_n075__20260417_161357.jld2,parte1/resultados_Bike/bike_hour_h240_n075__20260417_161357.jld2,w240,95,75,0.0001,StrategySelective,Selective,1,0.10861251786589647,0.15510052135473404,0.024903397445793795,0.46391546055102195,0.18170090492843377,29,10.77575397491455,12.053898096084595,,12,12,true
bike_hour_h240_n075__20260417_161357.jld2,parte1/resultados_Bike/bike_hour_h240_n075__20260417_161357.jld2,w240,135,75,1.0e-5,StrategySelective,Selective,1,0.10420988070041629,0.15083243591123605,0.023458297345824063,0.47975778808484754,0.17768447052054684,29,10.700176000595093,11.46255111694336,,12,12,true
bike_hour_h240_n075__20260417_161357.jld2,parte1/resultados_Bike/bike_hour_h240_n075__20260417_161357.jld2,w240,175,75,1.0e-6,StrategySelective,Selective,1,0.14130528854343452,0.1600897151214815,0.026290297994904597,0.4148392602005569,0.188342911021008,29,26.654465913772583,27.203752040863037,,12,12,true
bike_hour_h240_n075__20260417_161357.jld2,parte1/resultados_Bike/bike_hour_h240_n075__20260417_161357.jld2,w240,215,75,1.0e-7,StrategySelective,Selective,1,0.10992523327062444,0.1608956626754749,0.02680018068592489,0.4307043518789242,0.18791259869002247,29,35.022156953811646,35.55393409729004,,12,12,true
bike_hour_h240_n075__20260417_161357.jld2,parte1/resultados_Bike/bike_hour_h240_n075__20260417_161357.jld2,w240,255,75,0.01,StrategySelectiveWithConstantOptimization,Selective+ConstOpt,1,0.16903094706630264,0.22481834626247735,0.05205117917163406,-0.09528407837133478,0.26155361551247674,29,0.6186330318450928,1.1514909267425537,,12,12,true
bike_hour_h240_n075__20260417_161357.jld2,parte1/resultados_Bike/bike_hour_h240_n075__20260417_161357.jld2,w240,295,75,0.001,StrategySelectiveWithConstantOptimization,Selective+ConstOpt,1,0.16903094706630264,0.22481834626247735,0.05205117917163406,-0.09528407837133478,0.26155361551247674,29,0.038461923599243164,0.5795071125030518,,12,12,true
bike_hour_h240_n075__20260417_161357.jld2,parte1/resultados_Bike/bike_hour_h240_n075__20260417_161357.jld2,w240,335,75,0.0001,StrategySelectiveWithConstantOptimization,Selective+ConstOpt,1,0.11437870498927662,0.15857153665729945,0.025929272593660853,0.43386247726320626,0.18629188865844654,29,8.729905128479004,9.373646974563599,,12,12,true
bike_hour_h240_n075__20260417_161357.jld2,parte1/resultados_Bike/bike_hour_h240_n075__20260417_161357.jld2,w240,375,75,1.0e-5,StrategySelectiveWithConstantOptimization,Selective+ConstOpt,1,0.09951526719324942,0.13910422892539603,0.019874349460460253,0.552180227261012,0.16440074810758296,29,8.92573618888855,9.461354970932007,,12,12,true
bike_hour_h240_n075__20260417_161357.jld2,parte1/resultados_Bike/bike_hour_h240_n075__20260417_161357.jld2,w240,415,75,1.0e-6,StrategySelectiveWithConstantOptimization,Selective+ConstOpt,1,0.09032787702037162,0.1332556859363581,0.018253015859845758,0.5913933557258809,0.15724080159163042,29,21.41035294532776,21.936897039413452,,12,12,true
bike_hour_h240_n075__20260417_161357.jld2,parte1/resultados_Bike/bike_hour_h240_n075__20260417_161357.jld2,w240,455,75,1.0e-7,StrategySelectiveWithConstantOptimization,Selective+ConstOpt,1,0.09437743109509354,0.1323853035648592,0.01797970979742649,0.5865016101892574,0.15670883987268205,29,265.78314113616943,266.4281370639801,,12,12,true
bike_hour_h240_n080__20260417_161357.jld2,parte1/resultados_Bike/bike_hour_h240_n080__20260417_161357.jld2,w240,16,80,0.01,StrategySelective,Selective,1,0.16903094706630264,0.22481834626247735,0.05205117917163406,-0.09528407837133478,0.26155361551247674,29,8.480916023254395,12.103904962539673,,12,12,true
bike_hour_h240_n080__20260417_161357.jld2,parte1/resultados_Bike/bike_hour_h240_n080__20260417_161357.jld2,w240,56,80,0.001,StrategySelective,Selective,1,0.16903094706630264,0.22481834626247735,0.05205117917163406,-0.09528407837133478,0.26155361551247674,29,0.042263031005859375,0.5594198703765869,,12,12,true
bike_hour_h240_n080__20260417_161357.jld2,parte1/resultados_Bike/bike_hour_h240_n080__20260417_161357.jld2,w240,96,80,0.0001,StrategySelective,Selective,1,0.10856194448354384,0.1542250093799588,0.024618250380751022,0.467995709935866,0.1808325804486654,29,11.752631187438965,13.128212928771973,,12,12,true
bike_hour_h240_n080__20260417_161357.jld2,parte1/resultados_Bike/bike_hour_h240_n080__20260417_161357.jld2,w240,136,80,1.0e-5,StrategySelective,Selective,1,0.10341242032433297,0.14966286164436662,0.02311167753098156,0.4907903099505925,0.17610613933543107,29,12.559475898742676,13.327462911605835,,12,12,true
bike_hour_h240_n080__20260417_161357.jld2,parte1/resultados_Bike/bike_hour_h240_n080__20260417_161357.jld2,w240,176,80,1.0e-6,StrategySelective,Selective,1,0.13678942947861622,0.15565528090632558,0.024794541784121396,0.43871655729365383,0.1836992539348955,29,34.849058866500854,35.45003414154053,,12,12,true
bike_hour_h240_n080__20260417_161357.jld2,parte1/resultados_Bike/bike_hour_h240_n080__20260417_161357.jld2,w240,216,80,1.0e-7,StrategySelective,Selective,1,0.11217668334329983,0.15244707675688687,0.02395208510094593,0.48083514290252755,0.17882060043624853,29,46.86268615722656,47.40760803222656,,12,12,true
bike_hour_h240_n080__20260417_161357.jld2,parte1/resultados_Bike/bike_hour_h240_n080__20260417_161357.jld2,w240,256,80,0.01,StrategySelectiveWithConstantOptimization,Selective+ConstOpt,1,0.16903094706630264,0.22481834626247735,0.05205117917163406,-0.09528407837133478,0.26155361551247674,29,0.6075189113616943,1.1352829933166504,,12,12,true
bike_hour_h240_n080__20260417_161357.jld2,parte1/resultados_Bike/bike_hour_h240_n080__20260417_161357.jld2,w240,296,80,0.001,StrategySelectiveWithConstantOptimization,Selective+ConstOpt,1,0.16903094706630264,0.22481834626247735,0.05205117917163406,-0.09528407837133478,0.26155361551247674,29,0.03821992874145508,0.5740759372711182,,12,12,true
bike_hour_h240_n080__20260417_161357.jld2,parte1/resultados_Bike/bike_hour_h240_n080__20260417_161357.jld2,w240,336,80,0.0001,StrategySelectiveWithConstantOptimization,Selective+ConstOpt,1,0.11298785181739998,0.15736492864200383,0.02554615036338917,0.4448007905043107,0.1846642781461698,29,10.951430082321167,11.477671146392822,,12,12,true
bike_hour_h240_n080__20260417_161357.jld2,parte1/resultados_Bike/bike_hour_h240_n080__20260417_161357.jld2,w240,376,80,1.0e-5,StrategySelectiveWithConstantOptimization,Selective+ConstOpt,1,0.09904259899567579,0.13706000609253127,0.01927001274525911,0.5634092838608615,0.16208740487970427,29,11.487825155258179,12.011683940887451,,12,12,true
bike_hour_h240_n080__20260417_161357.jld2,parte1/resultados_Bike/bike_hour_h240_n080__20260417_161357.jld2,w240,416,80,1.0e-6,StrategySelectiveWithConstantOptimization,Selective+ConstOpt,1,0.08800395792934121,0.12846412171925087,0.016905720505891383,0.6115440918113295,0.15222943559098231,29,32.0843551158905,32.606648206710815,,12,12,true
bike_hour_h240_n080__20260417_161357.jld2,parte1/resultados_Bike/bike_hour_h240_n080__20260417_161357.jld2,w240,456,80,1.0e-7,StrategySelectiveWithConstantOptimization,Selective+ConstOpt,1,0.09365763737983467,0.13168588751619456,0.017787057824722036,0.5924178726545979,0.15582717637901372,29,219.31775307655334,219.94206595420837,,12,12,true
bike_hour_h240_n085__20260417_161357.jld2,parte1/resultados_Bike/bike_hour_h240_n085__20260417_161357.jld2,w240,17,85,0.01,StrategySelective,Selective,1,0.16903094706630264,0.22481834626247735,0.05205117917163406,-0.09528407837133478,0.26155361551247674,29,8.413492918014526,12.044403791427612,,12,12,true
bike_hour_h240_n085__20260417_161357.jld2,parte1/resultados_Bike/bike_hour_h240_n085__20260417_161357.jld2,w240,57,85,0.001,StrategySelective,Selective,1,0.16903094706630264,0.22481834626247735,0.05205117917163406,-0.09528407837133478,0.26155361551247674,29,0.042500972747802734,0.5644068717956543,,12,12,true
bike_hour_h240_n085__20260417_161357.jld2,parte1/resultados_Bike/bike_hour_h240_n085__20260417_161357.jld2,w240,97,85,0.0001,StrategySelective,Selective,1,0.10032438220057864,0.142804223436275,0.02107193783161839,0.5325808728454833,0.16827307708667286,29,11.58473801612854,12.957619905471802,,12,12,true
bike_hour_h240_n085__20260417_161357.jld2,parte1/resultados_Bike/bike_hour_h240_n085__20260417_161357.jld2,w240,137,85,1.0e-5,StrategySelective,Selective,1,0.10020142902976331,0.1414221643090497,0.020644241959045496,0.5358252740575663,0.1670016384092433,29,22.055638074874878,22.834967136383057,,12,12,true
bike_hour_h240_n085__20260417_161357.jld2,parte1/resultados_Bike/bike_hour_h240_n085__20260417_161357.jld2,w240,177,85,1.0e-6,StrategySelective,Selective,1,0.1367283636707895,0.1553285764038849,0.02469874529441769,0.44218199750807274,0.1832414067045169,29,42.22664785385132,42.839577198028564,,12,12,true
bike_hour_h240_n085__20260417_161357.jld2,parte1/resultados_Bike/bike_hour_h240_n085__20260417_161357.jld2,w240,217,85,1.0e-7,StrategySelective,Selective,1,0.11330485815468216,0.15124431004270808,0.023534543483521467,0.4900513218034894,0.1773494439070378,29,67.2038881778717,67.7436170578003,,12,12,true
bike_hour_h240_n085__20260417_161357.jld2,parte1/resultados_Bike/bike_hour_h240_n085__20260417_161357.jld2,w240,257,85,0.01,StrategySelectiveWithConstantOptimization,Selective+ConstOpt,1,0.16903094706630264,0.22481834626247735,0.05205117917163406,-0.09528407837133478,0.26155361551247674,29,0.6042687892913818,1.1364881992340088,,12,12,true
bike_hour_h240_n085__20260417_161357.jld2,parte1/resultados_Bike/bike_hour_h240_n085__20260417_161357.jld2,w240,297,85,0.001,StrategySelectiveWithConstantOptimization,Selective+ConstOpt,1,0.16903094706630264,0.22481834626247735,0.05205117917163406,-0.09528407837133478,0.26155361551247674,29,0.038249969482421875,0.5721430778503418,,12,12,true
bike_hour_h240_n085__20260417_161357.jld2,parte1/resultados_Bike/bike_hour_h240_n085__20260417_161357.jld2,w240,337,85,0.0001,StrategySelectiveWithConstantOptimization,Selective+ConstOpt,1,0.11292472641125387,0.15710916896622135,0.025465286559538246,0.44584149781907667,0.18442615130595758,29,11.047054052352905,11.612897157669067,,12,12,true
bike_hour_h240_n085__20260417_161357.jld2,parte1/resultados_Bike/bike_hour_h240_n085__20260417_161357.jld2,w240,377,85,1.0e-5,StrategySelectiveWithConstantOptimization,Selective+ConstOpt,1,0.09836992488310385,0.1364809552323031,0.019110032577430092,0.5678123461106592,0.16133595929159342,29,11.925106048583984,12.45359992980957,,12,12,true
bike_hour_h240_n085__20260417_161357.jld2,parte1/resultados_Bike/bike_hour_h240_n085__20260417_161357.jld2,w240,417,85,1.0e-6,StrategySelectiveWithConstantOptimization,Selective+ConstOpt,1,0.08739043501662533,0.12035149533107614,0.014778323864187733,0.6483552129001382,0.14333422882972363,29,53.99137902259827,54.597651958465576,,12,12,true
bike_hour_h240_n085__20260417_161357.jld2,parte1/resultados_Bike/bike_hour_h240_n085__20260417_161357.jld2,w240,457,85,1.0e-7,StrategySelectiveWithConstantOptimization,Selective+ConstOpt,1,0.09337793031047564,0.12549732837236408,0.016149034882078042,0.6217524749692791,0.14898704103668123,29,389.41722989082336,390.01127099990845,,12,12,true
bike_hour_h240_n090__20260417_161357.jld2,parte1/resultados_Bike/bike_hour_h240_n090__20260417_161357.jld2,w240,18,90,0.01,StrategySelective,Selective,1,0.16903094706630264,0.22481834626247735,0.05205117917163406,-0.09528407837133478,0.26155361551247674,29,8.434396982192993,12.038933992385864,,12,12,true
bike_hour_h240_n090__20260417_161357.jld2,parte1/resultados_Bike/bike_hour_h240_n090__20260417_161357.jld2,w240,58,90,0.001,StrategySelective,Selective,1,0.16903094706630264,0.22481834626247735,0.05205117917163406,-0.09528407837133478,0.26155361551247674,29,0.043530941009521484,0.5621399879455566,,12,12,true
bike_hour_h240_n090__20260417_161357.jld2,parte1/resultados_Bike/bike_hour_h240_n090__20260417_161357.jld2,w240,98,90,0.0001,StrategySelective,Selective,1,0.09900922382206388,0.14030012036850228,0.020302010243553745,0.547469553177631,0.16542364389537703,29,13.82064414024353,15.200937032699585,,12,12,true
bike_hour_h240_n090__20260417_161357.jld2,parte1/resultados_Bike/bike_hour_h240_n090__20260417_161357.jld2,w240,138,90,1.0e-5,StrategySelective,Selective,1,0.09959644914126128,0.1409933137611132,0.020520323795368046,0.5390058840620876,0.16646716109377918,29,23.19945001602173,23.96596384048462,,12,12,true
bike_hour_h240_n090__20260417_161357.jld2,parte1/resultados_Bike/bike_hour_h240_n090__20260417_161357.jld2,w240,178,90,1.0e-6,StrategySelective,Selective,1,0.13818364852443085,0.15676798423972382,0.025146383733135484,0.4335555173164494,0.18487057977408713,29,40.61487317085266,41.142988204956055,,12,12,true
bike_hour_h240_n090__20260417_161357.jld2,parte1/resultados_Bike/bike_hour_h240_n090__20260417_161357.jld2,w240,218,90,1.0e-7,StrategySelective,Selective,1,0.11519179729013362,0.15075058340224987,0.02335100609954175,0.49275316256175794,0.17683955513163588,29,75.20616698265076,75.73862910270691,,12,12,true
bike_hour_h240_n090__20260417_161357.jld2,parte1/resultados_Bike/bike_hour_h240_n090__20260417_161357.jld2,w240,258,90,0.01,StrategySelectiveWithConstantOptimization,Selective+ConstOpt,1,0.16903094706630264,0.22481834626247735,0.05205117917163406,-0.09528407837133478,0.26155361551247674,29,0.5969669818878174,1.122730016708374,,12,12,true
bike_hour_h240_n090__20260417_161357.jld2,parte1/resultados_Bike/bike_hour_h240_n090__20260417_161357.jld2,w240,298,90,0.001,StrategySelectiveWithConstantOptimization,Selective+ConstOpt,1,0.16903094706630264,0.22481834626247735,0.05205117917163406,-0.09528407837133478,0.26155361551247674,29,0.04267311096191406,0.5674991607666016,,12,12,true
bike_hour_h240_n090__20260417_161357.jld2,parte1/resultados_Bike/bike_hour_h240_n090__20260417_161357.jld2,w240,338,90,0.0001,StrategySelectiveWithConstantOptimization,Selective+ConstOpt,1,0.10814724878744922,0.15100490624088128,0.023484483284627267,0.48018447336186737,0.17780801156364656,29,13.938658952713013,14.457220077514648,,12,12,true
bike_hour_h240_n090__20260417_161357.jld2,parte1/resultados_Bike/bike_hour_h240_n090__20260417_161357.jld2,w240,378,90,1.0e-5,StrategySelectiveWithConstantOptimization,Selective+ConstOpt,1,0.09828156620431511,0.13625239743785791,0.01904347718216795,0.5692394889093607,0.16106958638190466,29,12.92306113243103,13.445312023162842,,12,12,true
bike_hour_h240_n090__20260417_161357.jld2,parte1/resultados_Bike/bike_hour_h240_n090__20260417_161357.jld2,w240,418,90,1.0e-6,StrategySelectiveWithConstantOptimization,Selective+ConstOpt,1,0.08658379787339582,0.11931794192061446,0.014531761351782772,0.6567234573649909,0.14190880279759716,29,57.86458086967468,58.43846392631531,,12,12,true
bike_hour_h240_n090__20260417_161357.jld2,parte1/resultados_Bike/bike_hour_h240_n090__20260417_161357.jld2,w240,458,90,1.0e-7,StrategySelectiveWithConstantOptimization,Selective+ConstOpt,1,0.09315394251934202,0.12495054442783432,0.016009206546959958,0.6244993466493745,0.1483645892749132,29,405.4133520126343,406.03690791130066,,12,12,true
bike_hour_h240_n095__20260417_161357.jld2,parte1/resultados_Bike/bike_hour_h240_n095__20260417_161357.jld2,w240,19,95,0.01,StrategySelective,Selective,1,0.16903094706630264,0.22481834626247735,0.05205117917163406,-0.09528407837133478,0.26155361551247674,29,7.878578186035156,11.279260873794556,,12,12,true
bike_hour_h240_n095__20260417_161357.jld2,parte1/resultados_Bike/bike_hour_h240_n095__20260417_161357.jld2,w240,59,95,0.001,StrategySelective,Selective,1,0.16903094706630264,0.22481834626247735,0.05205117917163406,-0.09528407837133478,0.26155361551247674,29,0.04094099998474121,0.5565128326416016,,12,12,true
bike_hour_h240_n095__20260417_161357.jld2,parte1/resultados_Bike/bike_hour_h240_n095__20260417_161357.jld2,w240,99,95,0.0001,StrategySelective,Selective,1,0.09364595373637123,0.1332833450949092,0.01833103859738077,0.5850784220247489,0.15753909602382224,29,15.811004877090454,17.09946584701538,,12,12,true
bike_hour_h240_n095__20260417_161357.jld2,parte1/resultados_Bike/bike_hour_h240_n095__20260417_161357.jld2,w240,139,95,1.0e-5,StrategySelective,Selective,1,0.09740952669178185,0.13562401457551734,0.019021985922106695,0.5674433462412005,0.16043036422113927,29,25.536664962768555,26.239028930664062,,12,12,true
bike_hour_h240_n095__20260417_161357.jld2,parte1/resultados_Bike/bike_hour_h240_n095__20260417_161357.jld2,w240,179,95,1.0e-6,StrategySelective,Selective,1,0.13788405638634119,0.15640055250472115,0.025022518099152635,0.4379804013319618,0.18434098300085297,29,40.86801791191101,41.35855007171631,,12,12,true
bike_hour_h240_n095__20260417_161357.jld2,parte1/resultados_Bike/bike_hour_h240_n095__20260417_161357.jld2,w240,219,95,1.0e-7,StrategySelective,Selective,1,0.1048405518785169,0.1442099248801973,0.021291389869025117,0.5294737330275258,0.1697269209790893,29,100.77645707130432,101.2658851146698,,12,12,true
bike_hour_h240_n095__20260417_161357.jld2,parte1/resultados_Bike/bike_hour_h240_n095__20260417_161357.jld2,w240,259,95,0.01,StrategySelectiveWithConstantOptimization,Selective+ConstOpt,1,0.16903094706630264,0.22481834626247735,0.05205117917163406,-0.09528407837133478,0.26155361551247674,29,0.5626559257507324,1.0494158267974854,,12,12,true
bike_hour_h240_n095__20260417_161357.jld2,parte1/resultados_Bike/bike_hour_h240_n095__20260417_161357.jld2,w240,299,95,0.001,StrategySelectiveWithConstantOptimization,Selective+ConstOpt,1,0.16903094706630264,0.22481834626247735,0.05205117917163406,-0.09528407837133478,0.26155361551247674,29,0.04040098190307617,0.5377240180969238,,12,12,true
bike_hour_h240_n095__20260417_161357.jld2,parte1/resultados_Bike/bike_hour_h240_n095__20260417_161357.jld2,w240,339,95,0.0001,StrategySelectiveWithConstantOptimization,Selective+ConstOpt,1,0.09469403311382513,0.13288091564876667,0.01825195285293066,0.5950206035928973,0.15661000823748722,29,16.67291784286499,17.318559885025024,,12,12,true
bike_hour_h240_n095__20260417_161357.jld2,parte1/resultados_Bike/bike_hour_h240_n095__20260417_161357.jld2,w240,379,95,1.0e-5,StrategySelectiveWithConstantOptimization,Selective+ConstOpt,1,0.09327673282553141,0.13164271049004034,0.017776475881577884,0.595256219330726,0.1557469185067744,29,15.194907903671265,15.698074102401733,,12,12,true
bike_hour_h240_n095__20260417_161357.jld2,parte1/resultados_Bike/bike_hour_h240_n095__20260417_161357.jld2,w240,419,95,1.0e-6,StrategySelectiveWithConstantOptimization,Selective+ConstOpt,1,0.08618104723994947,0.1185517698129283,0.014344255605902132,0.661176811438614,0.14098184797679048,29,60.96181797981262,61.506064891815186,,12,12,true
bike_hour_h240_n095__20260417_161357.jld2,parte1/resultados_Bike/bike_hour_h240_n095__20260417_161357.jld2,w240,459,95,1.0e-7,StrategySelectiveWithConstantOptimization,Selective+ConstOpt,1,0.09086228887302288,0.12074539154798511,0.014901577793881385,0.6451430775520242,0.14363684609811136,29,338.9734477996826,339.46358704566956,,12,12,true
bike_hour_h240_n100__20260417_161357.jld2,parte1/resultados_Bike/bike_hour_h240_n100__20260417_161357.jld2,w240,20,100,0.01,StrategySelective,Selective,1,0.16903094706630264,0.22481834626247735,0.05205117917163406,-0.09528407837133478,0.26155361551247674,29,7.8667778968811035,11.254868030548096,,12,12,true
bike_hour_h240_n100__20260417_161357.jld2,parte1/resultados_Bike/bike_hour_h240_n100__20260417_161357.jld2,w240,60,100,0.001,StrategySelective,Selective,1,0.16903094706630264,0.22481834626247735,0.05205117917163406,-0.09528407837133478,0.26155361551247674,29,0.04132390022277832,0.5573279857635498,,12,12,true
bike_hour_h240_n100__20260417_161357.jld2,parte1/resultados_Bike/bike_hour_h240_n100__20260417_161357.jld2,w240,100,100,0.0001,StrategySelective,Selective,1,0.09328333175971466,0.1327525100718737,0.018177723741827256,0.5843649111490727,0.15718047928036682,29,17.7032310962677,18.994308948516846,,12,12,true
bike_hour_h240_n100__20260417_161357.jld2,parte1/resultados_Bike/bike_hour_h240_n100__20260417_161357.jld2,w240,140,100,1.0e-5,StrategySelective,Selective,1,0.09606550536243912,0.1342237773298261,0.018647736175594162,0.577819001972308,0.15868902717136393,29,26.44546413421631,27.155174016952515,,12,12,true
bike_hour_h240_n100__20260417_161357.jld2,parte1/resultados_Bike/bike_hour_h240_n100__20260417_161357.jld2,w240,180,100,1.0e-6,StrategySelective,Selective,1,0.13444204149521724,0.15334315697973488,0.024008892902771146,0.4573390053333361,0.18095058349142693,29,48.17735290527344,48.666687965393066,,12,12,true
bike_hour_h240_n100__20260417_161357.jld2,parte1/resultados_Bike/bike_hour_h240_n100__20260417_161357.jld2,w240,220,100,1.0e-7,StrategySelective,Selective,1,0.0913212283988754,0.13016648694822447,0.017292438571084433,0.5975371266452661,0.1545752053169741,29,131.40430212020874,131.89322113990784,,12,12,true
bike_hour_h240_n100__20260417_161357.jld2,parte1/resultados_Bike/bike_hour_h240_n100__20260417_161357.jld2,w240,260,100,0.01,StrategySelectiveWithConstantOptimization,Selective+ConstOpt,1,0.16903094706630264,0.22481834626247735,0.05205117917163406,-0.09528407837133478,0.26155361551247674,29,0.5633602142333984,1.0552070140838623,,12,12,true
bike_hour_h240_n100__20260417_161357.jld2,parte1/resultados_Bike/bike_hour_h240_n100__20260417_161357.jld2,w240,300,100,0.001,StrategySelectiveWithConstantOptimization,Selective+ConstOpt,1,0.16903094706630264,0.22481834626247735,0.05205117917163406,-0.09528407837133478,0.26155361551247674,29,0.040283918380737305,0.5371367931365967,,12,12,true
bike_hour_h240_n100__20260417_161357.jld2,parte1/resultados_Bike/bike_hour_h240_n100__20260417_161357.jld2,w240,340,100,0.0001,StrategySelectiveWithConstantOptimization,Selective+ConstOpt,1,0.0919517917079258,0.12923405538168228,0.017242696443256707,0.6131910185268388,0.15259747298515713,29,18.06726908683777,18.717143058776855,,12,12,true
bike_hour_h240_n100__20260417_161357.jld2,parte1/resultados_Bike/bike_hour_h240_n100__20260417_161357.jld2,w240,380,100,1.0e-5,StrategySelectiveWithConstantOptimization,Selective+ConstOpt,1,0.09153629520215768,0.13034021235059542,0.017405788255234055,0.6001009646815083,0.15439733973460523,29,18.133545875549316,18.64275288581848,,12,12,true
bike_hour_h240_n100__20260417_161357.jld2,parte1/resultados_Bike/bike_hour_h240_n100__20260417_161357.jld2,w240,420,100,1.0e-6,StrategySelectiveWithConstantOptimization,Selective+ConstOpt,1,0.08350036972657505,0.11359421282005176,0.013183606844500411,0.6854256935031491,0.13530967956502601,29,67.34077095985413,67.99147009849548,,12,12,true
bike_hour_h240_n100__20260417_161357.jld2,parte1/resultados_Bike/bike_hour_h240_n100__20260417_161357.jld2,w240,460,100,1.0e-7,StrategySelectiveWithConstantOptimization,Selective+ConstOpt,1,0.09062333308338391,0.12025050783131916,0.014776184840621966,0.648822527429663,0.14298546220638114,29,391.63589787483215,392.13153290748596,,12,12,true
bike_hour_h240_n105__20260417_161357.jld2,parte1/resultados_Bike/bike_hour_h240_n105__20260417_161357.jld2,w240,21,105,0.01,StrategySelective,Selective,1,0.16903094706630264,0.22481834626247735,0.05205117917163406,-0.09528407837133478,0.26155361551247674,29,8.304306030273438,11.814808130264282,,12,12,true
bike_hour_h240_n105__20260417_161357.jld2,parte1/resultados_Bike/bike_hour_h240_n105__20260417_161357.jld2,w240,61,105,0.001,StrategySelective,Selective,1,0.16903094706630264,0.22481834626247735,0.05205117917163406,-0.09528407837133478,0.26155361551247674,29,0.04375314712524414,0.5868020057678223,,12,12,true
bike_hour_h240_n105__20260417_161357.jld2,parte1/resultados_Bike/bike_hour_h240_n105__20260417_161357.jld2,w240,101,105,0.0001,StrategySelective,Selective,1,0.09107823923439416,0.1311263855680024,0.01775615528131307,0.5983896970290579,0.15496920047565568,29,18.356876134872437,19.842895984649658,,12,12,true
bike_hour_h240_n105__20260417_161357.jld2,parte1/resultados_Bike/bike_hour_h240_n105__20260417_161357.jld2,w240,141,105,1.0e-5,StrategySelective,Selective,1,0.09690666667962994,0.13036499108930152,0.017558814643609068,0.5926310538408146,0.15468056450965292,29,31.95163893699646,32.506325006484985,,12,12,true
bike_hour_h240_n105__20260417_161357.jld2,parte1/resultados_Bike/bike_hour_h240_n105__20260417_161357.jld2,w240,181,105,1.0e-6,StrategySelective,Selective,1,0.13113525878646004,0.15038023851252527,0.02304517560942302,0.4733436051171806,0.17780908525524938,29,63.365883111953735,63.86411190032959,,12,12,true
bike_hour_h240_n105__20260417_161357.jld2,parte1/resultados_Bike/bike_hour_h240_n105__20260417_161357.jld2,w240,221,105,1.0e-7,StrategySelective,Selective,1,0.08846949963146306,0.12786422389214092,0.016671086499750333,0.6111216095899347,0.15183386484608913,29,182.53080701828003,183.02161502838135,,12,12,true
bike_hour_h240_n105__20260417_161357.jld2,parte1/resultados_Bike/bike_hour_h240_n105__20260417_161357.jld2,w240,261,105,0.01,StrategySelectiveWithConstantOptimization,Selective+ConstOpt,1,0.16903094706630264,0.22481834626247735,0.05205117917163406,-0.09528407837133478,0.26155361551247674,29,0.5490880012512207,1.0445950031280518,,12,12,true
bike_hour_h240_n105__20260417_161357.jld2,parte1/resultados_Bike/bike_hour_h240_n105__20260417_161357.jld2,w240,301,105,0.001,StrategySelectiveWithConstantOptimization,Selective+ConstOpt,1,0.16903094706630264,0.22481834626247735,0.05205117917163406,-0.09528407837133478,0.26155361551247674,29,0.03572487831115723,0.5537919998168945,,12,12,true
bike_hour_h240_n105__20260417_161357.jld2,parte1/resultados_Bike/bike_hour_h240_n105__20260417_161357.jld2,w240,341,105,0.0001,StrategySelectiveWithConstantOptimization,Selective+ConstOpt,1,0.08216860514857434,0.11339179702254204,0.013216715474108274,0.6862556919233269,0.13498335938061462,29,19.278236865997314,19.88059687614441,,12,12,true
bike_hour_h240_n105__20260417_161357.jld2,parte1/resultados_Bike/bike_hour_h240_n105__20260417_161357.jld2,w240,381,105,1.0e-5,StrategySelectiveWithConstantOptimization,Selective+ConstOpt,1,0.09128672152518835,0.12472599250228128,0.0159171966462784,0.6307061455506321,0.1478840891507296,29,22.32597303390503,22.84769105911255,,12,12,true
bike_hour_h240_n105__20260417_161357.jld2,parte1/resultados_Bike/bike_hour_h240_n105__20260417_161357.jld2,w240,421,105,1.0e-6,StrategySelectiveWithConstantOptimization,Selective+ConstOpt,1,0.07726801244232437,0.10667489758054606,0.011673055745079928,0.7130068297273133,0.12758026488575064,29,97.0777690410614,97.75743389129639,,12,12,true
bike_hour_h240_n105__20260417_161357.jld2,parte1/resultados_Bike/bike_hour_h240_n105__20260417_161357.jld2,w240,461,105,1.0e-7,StrategySelectiveWithConstantOptimization,Selective+ConstOpt,1,0.08985908155309477,0.11991354147430429,0.014708641056262215,0.6564546310544301,0.14220698909745316,29,611.8927488327026,612.5011250972748,,12,12,true
bike_hour_h240_n115__20260417_161357.jld2,parte1/resultados_Bike/bike_hour_h240_n115__20260417_161357.jld2,w240,23,115,0.01,StrategySelective,Selective,1,0.11501671215119567,0.16342248388209815,0.027444409623300657,0.4082473314742182,0.19134780126815376,29,15.203859090805054,19.043251991271973,,12,12,true
bike_hour_h240_n115__20260417_161357.jld2,parte1/resultados_Bike/bike_hour_h240_n115__20260417_161357.jld2,w240,63,115,0.001,StrategySelective,Selective,1,0.11156501836570194,0.15802823080475525,0.02560301758889646,0.43822453947658163,0.1857286199076373,29,7.432242155075073,8.068603992462158,,12,12,true
bike_hour_h240_n115__20260417_161357.jld2,parte1/resultados_Bike/bike_hour_h240_n115__20260417_161357.jld2,w240,103,115,0.0001,StrategySelective,Selective,1,0.08674072998382,0.12430523532756077,0.015935017508235335,0.6366165445846128,0.14707401928117417,29,21.12021780014038,22.219839096069336,,12,12,true
bike_hour_h240_n115__20260417_161357.jld2,parte1/resultados_Bike/bike_hour_h240_n115__20260417_161357.jld2,w240,143,115,1.0e-5,StrategySelective,Selective,1,0.096746596519332,0.13021702228650195,0.01751653746042366,0.5936136818769032,0.15449885964508078,29,33.51981997489929,34.07783102989197,,12,12,true
bike_hour_h240_n115__20260417_161357.jld2,parte1/resultados_Bike/bike_hour_h240_n115__20260417_161357.jld2,w240,183,115,1.0e-6,StrategySelective,Selective,1,0.1190837254829632,0.1381176550396961,0.01936307230495219,0.546536561018934,0.16400890983652075,29,90.15335893630981,90.68509483337402,,12,12,true
bike_hour_h240_n115__20260417_161357.jld2,parte1/resultados_Bike/bike_hour_h240_n115__20260417_161357.jld2,w240,223,115,1.0e-7,StrategySelective,Selective,1,0.08708865689535678,0.12388747889380938,0.015645826214867164,0.6342370568622289,0.14708136371948008,29,251.3233199119568,251.81138515472412,,12,12,true
bike_hour_h240_n115__20260417_161357.jld2,parte1/resultados_Bike/bike_hour_h240_n115__20260417_161357.jld2,w240,263,115,0.01,StrategySelectiveWithConstantOptimization,Selective+ConstOpt,1,0.11405478672874368,0.16731705990757384,0.028814442725673673,0.38563473319165853,0.195453198057744,29,5.058343887329102,5.549428939819336,,12,12,true
bike_hour_h240_n115__20260417_161357.jld2,parte1/resultados_Bike/bike_hour_h240_n115__20260417_161357.jld2,w240,303,115,0.001,StrategySelectiveWithConstantOptimization,Selective+ConstOpt,1,0.10846091987816839,0.15488894931347447,0.02460226206033492,0.46054360012878814,0.18199703983929771,29,5.379015922546387,5.866772890090942,,12,12,true
bike_hour_h240_n115__20260417_161357.jld2,parte1/resultados_Bike/bike_hour_h240_n115__20260417_161357.jld2,w240,343,115,0.0001,StrategySelectiveWithConstantOptimization,Selective+ConstOpt,1,0.0795204413288795,0.10807913085088627,0.012012486549358216,0.7141050476920376,0.12862831732068952,29,22.941558122634888,23.54263401031494,,12,12,true
bike_hour_h240_n115__20260417_161357.jld2,parte1/resultados_Bike/bike_hour_h240_n115__20260417_161357.jld2,w240,383,115,1.0e-5,StrategySelectiveWithConstantOptimization,Selective+ConstOpt,1,0.1011093686364054,0.14408417025935846,0.022164548922652953,0.5381792660207538,0.16751274957953707,29,23.80025601387024,24.3051278591156,,12,12,true
bike_hour_h240_n115__20260417_161357.jld2,parte1/resultados_Bike/bike_hour_h240_n115__20260417_161357.jld2,w240,423,115,1.0e-6,StrategySelectiveWithConstantOptimization,Selective+ConstOpt,1,0.07243521412447497,0.09923726670954576,0.010122692772999507,0.7449935673634118,0.11905983057809971,29,137.45597004890442,137.9601731300354,,12,12,true
bike_hour_h240_n115__20260417_161357.jld2,parte1/resultados_Bike/bike_hour_h240_n115__20260417_161357.jld2,w240,463,115,1.0e-7,StrategySelectiveWithConstantOptimization,Selective+ConstOpt,1,0.09029846055337107,0.12041979795391367,0.014827187350635731,0.6528259638225646,0.14285380148361124,29,571.4522008895874,571.9529089927673,,12,12,true
bike_hour_h240_n125__20260417_161357.jld2,parte1/resultados_Bike/bike_hour_h240_n125__20260417_161357.jld2,w240,25,125,0.01,StrategySelective,Selective,1,0.11501671215119567,0.16342248388209815,0.027444409623300657,0.4082473314742182,0.19134780126815376,29,15.993165016174316,19.598928928375244,,12,12,true
bike_hour_h240_n125__20260417_161357.jld2,parte1/resultados_Bike/bike_hour_h240_n125__20260417_161357.jld2,w240,65,125,0.001,StrategySelective,Selective,1,0.112413775913044,0.1579646879461642,0.025611312386488887,0.4423846797620169,0.1852620979793207,29,9.21496319770813,9.89655089378357,,12,12,true
bike_hour_h240_n125__20260417_161357.jld2,parte1/resultados_Bike/bike_hour_h240_n125__20260417_161357.jld2,w240,105,125,0.0001,StrategySelective,Selective,1,0.08447800630254407,0.11929956736867102,0.014684232415440547,0.6664814172369586,0.14103526265071267,29,21.34279990196228,22.344403982162476,,12,12,true
bike_hour_h240_n125__20260417_161357.jld2,parte1/resultados_Bike/bike_hour_h240_n125__20260417_161357.jld2,w240,145,125,1.0e-5,StrategySelective,Selective,1,0.09526957208623119,0.1283830271587301,0.01695444204515838,0.5987978626891028,0.15279849046632887,29,36.04193711280823,36.568264961242676,,12,12,true
bike_hour_h240_n125__20260417_161357.jld2,parte1/resultados_Bike/bike_hour_h240_n125__20260417_161357.jld2,w240,185,125,1.0e-6,StrategySelective,Selective,1,0.11737754300728241,0.1362228501555939,0.018849160701257868,0.5575882469849919,0.16180248087642857,29,99.3044741153717,99.84830498695374,,12,12,true
bike_hour_h240_n125__20260417_161357.jld2,parte1/resultados_Bike/bike_hour_h240_n125__20260417_161357.jld2,w240,225,125,1.0e-7,StrategySelective,Selective,1,0.09022705856380361,0.12026439870681319,0.014895509154942877,0.6540148727691493,0.142704867399883,29,816.7528450489044,817.2343759536743,,12,12,true
bike_hour_h240_n125__20260417_161357.jld2,parte1/resultados_Bike/bike_hour_h240_n125__20260417_161357.jld2,w240,265,125,0.01,StrategySelectiveWithConstantOptimization,Selective+ConstOpt,1,0.11405478672874368,0.16731705990757384,0.028814442725673673,0.38563473319165853,0.195453198057744,29,6.490158796310425,6.984543085098267,,12,12,true
bike_hour_h240_n125__20260417_161357.jld2,parte1/resultados_Bike/bike_hour_h240_n125__20260417_161357.jld2,w240,305,125,0.001,StrategySelectiveWithConstantOptimization,Selective+ConstOpt,1,0.10082821102094795,0.14297297128687256,0.020938642505105333,0.5291261950682891,0.1687526923867756,29,7.763662099838257,8.266247987747192,,12,12,true
bike_hour_h240_n125__20260417_161357.jld2,parte1/resultados_Bike/bike_hour_h240_n125__20260417_161357.jld2,w240,345,125,0.0001,StrategySelectiveWithConstantOptimization,Selective+ConstOpt,1,0.07458259006373215,0.10171766314923919,0.010620719469742345,0.7411252406240989,0.12139630241741509,29,24.967504024505615,25.573071002960205,,12,12,true
bike_hour_h240_n125__20260417_161357.jld2,parte1/resultados_Bike/bike_hour_h240_n125__20260417_161357.jld2,w240,385,125,1.0e-5,StrategySelectiveWithConstantOptimization,Selective+ConstOpt,1,0.10006866568869999,0.14227658939401944,0.0215978161747932,0.5475739013135157,0.1655731373301604,29,25.32337999343872,25.81958818435669,,12,12,true
bike_hour_h240_n125__20260417_161357.jld2,parte1/resultados_Bike/bike_hour_h240_n125__20260417_161357.jld2,w240,425,125,1.0e-6,StrategySelectiveWithConstantOptimization,Selective+ConstOpt,1,0.07509577167080707,0.1021596902616951,0.010737770549150302,0.7304832248127948,0.12251527295188232,29,128.84027910232544,129.36015009880066,,12,12,true
bike_hour_h240_n125__20260417_161357.jld2,parte1/resultados_Bike/bike_hour_h240_n125__20260417_161357.jld2,w240,465,125,1.0e-7,StrategySelectiveWithConstantOptimization,Selective+ConstOpt,1,0.08265355551216406,0.11361292683024542,0.013178973577552,0.6792844684123778,0.13550499926974338,29,639.4951450824738,640.0003111362457,,12,12,true
bike_hour_h240_n135__20260417_161357.jld2,parte1/resultados_Bike/bike_hour_h240_n135__20260417_161357.jld2,w240,27,135,0.01,StrategySelective,Selective,1,0.11501671215119567,0.16342248388209815,0.027444409623300657,0.4082473314742182,0.19134780126815376,29,17.127313137054443,20.906989097595215,,12,12,true
bike_hour_h240_n135__20260417_161357.jld2,parte1/resultados_Bike/bike_hour_h240_n135__20260417_161357.jld2,w240,67,135,0.001,StrategySelective,Selective,1,0.10159578674311745,0.1406695993615774,0.020295077296736904,0.5467074529809341,0.16573570824958722,29,13.604511022567749,14.378918886184692,,12,12,true
bike_hour_h240_n135__20260417_161357.jld2,parte1/resultados_Bike/bike_hour_h240_n135__20260417_161357.jld2,w240,107,135,0.0001,StrategySelective,Selective,1,0.07624111560338998,0.10753164154111321,0.011946891885616366,0.7180697260457485,0.12772810721209388,29,27.190590143203735,28.10050392150879,,12,12,true
bike_hour_h240_n135__20260417_161357.jld2,parte1/resultados_Bike/bike_hour_h240_n135__20260417_161357.jld2,w240,147,135,1.0e-5,StrategySelective,Selective,1,0.09474220567672004,0.1274124257668575,0.016670595161798796,0.6048677508988867,0.15167357872243484,29,45.13717818260193,45.66817498207092,,12,12,true
bike_hour_h240_n135__20260417_161357.jld2,parte1/resultados_Bike/bike_hour_h240_n135__20260417_161357.jld2,w240,187,135,1.0e-6,StrategySelective,Selective,1,0.11593758588767732,0.13500036347803343,0.018556198526851985,0.5648558454050484,0.16027495093302158,29,113.81877613067627,114.36495614051819,,12,12,true
bike_hour_h240_n135__20260417_161357.jld2,parte1/resultados_Bike/bike_hour_h240_n135__20260417_161357.jld2,w240,227,135,1.0e-7,StrategySelective,Selective,1,0.0903382669392639,0.11932062587839692,0.014650086323729996,0.6572914795395819,0.14170003855694294,29,1316.6972470283508,1317.17977309227,,12,12,true
bike_hour_h240_n135__20260417_161357.jld2,parte1/resultados_Bike/bike_hour_h240_n135__20260417_161357.jld2,w240,267,135,0.01,StrategySelectiveWithConstantOptimization,Selective+ConstOpt,1,0.11405478672874368,0.16731705990757384,0.028814442725673673,0.38563473319165853,0.195453198057744,29,6.860270023345947,7.384454965591431,,12,12,true
bike_hour_h240_n135__20260417_161357.jld2,parte1/resultados_Bike/bike_hour_h240_n135__20260417_161357.jld2,w240,307,135,0.001,StrategySelectiveWithConstantOptimization,Selective+ConstOpt,1,0.09683995534732169,0.12717516967553225,0.016500541927070372,0.6181081385693767,0.15085194812834465,29,14.311388969421387,14.879042863845825,,12,12,true
bike_hour_h240_n135__20260417_161357.jld2,parte1/resultados_Bike/bike_hour_h240_n135__20260417_161357.jld2,w240,347,135,0.0001,StrategySelectiveWithConstantOptimization,Selective+ConstOpt,1,0.07384449105857561,0.09897830597291947,0.010022753963547699,0.7477998312197501,0.11855224829831555,29,31.371888875961304,32.00623106956482,,12,12,true
bike_hour_h240_n135__20260417_161357.jld2,parte1/resultados_Bike/bike_hour_h240_n135__20260417_161357.jld2,w240,387,135,1.0e-5,StrategySelectiveWithConstantOptimization,Selective+ConstOpt,1,0.09593909190153571,0.13693164252344375,0.020032139241533846,0.574348083114966,0.15981861187359264,29,31.225175857543945,31.770933866500854,,12,12,true
bike_hour_h240_n135__20260417_161357.jld2,parte1/resultados_Bike/bike_hour_h240_n135__20260417_161357.jld2,w240,427,135,1.0e-6,StrategySelectiveWithConstantOptimization,Selective+ConstOpt,1,0.07554627130396721,0.10138489564727947,0.010570999927118626,0.7343762459256926,0.12160596394400293,29,160.80138206481934,161.34903502464294,,12,12,true
bike_hour_h240_n135__20260417_161357.jld2,parte1/resultados_Bike/bike_hour_h240_n135__20260417_161357.jld2,w240,467,135,1.0e-7,StrategySelectiveWithConstantOptimization,Selective+ConstOpt,1,0.07989902271944402,0.10995606889781685,0.012302340413722123,0.6977126835652989,0.1313554362644906,29,722.2099511623383,722.7448418140411,,12,12,true
bike_hour_h240_n145__20260417_161357.jld2,parte1/resultados_Bike/bike_hour_h240_n145__20260417_161357.jld2,w240,29,145,0.01,StrategySelective,Selective,1,0.11501671215119567,0.16342248388209815,0.027444409623300657,0.4082473314742182,0.19134780126815376,29,16.30177402496338,19.96572780609131,,12,12,true
bike_hour_h240_n145__20260417_161357.jld2,parte1/resultados_Bike/bike_hour_h240_n145__20260417_161357.jld2,w240,69,145,0.001,StrategySelective,Selective,1,0.09687039304405379,0.13522972201041103,0.018732751783909797,0.5770612024647999,0.1596540075527963,29,15.964172840118408,16.722315073013306,,12,12,true
bike_hour_h240_n145__20260417_161357.jld2,parte1/resultados_Bike/bike_hour_h240_n145__20260417_161357.jld2,w240,109,145,0.0001,StrategySelective,Selective,1,0.07476537405695778,0.10516471215359705,0.011417448051074685,0.7245042242401538,0.1253068778788094,29,30.810218811035156,31.70910406112671,,12,12,true
bike_hour_h240_n145__20260417_161357.jld2,parte1/resultados_Bike/bike_hour_h240_n145__20260417_161357.jld2,w240,149,145,1.0e-5,StrategySelective,Selective,1,0.0934817121061167,0.12566832319055515,0.016221791133708828,0.6141429739355122,0.14972777231303885,29,51.067262172698975,51.70712900161743,,12,12,true
bike_hour_h240_n145__20260417_161357.jld2,parte1/resultados_Bike/bike_hour_h240_n145__20260417_161357.jld2,w240,189,145,1.0e-6,StrategySelective,Selective,1,0.11557025617132037,0.13432591374333328,0.01839360584588729,0.5665206938783315,0.15958380112865406,29,150.62184309959412,151.17999696731567,,12,12,true
bike_hour_h240_n145__20260417_161357.jld2,parte1/resultados_Bike/bike_hour_h240_n145__20260417_161357.jld2,w240,229,145,1.0e-7,StrategySelective,Selective,1,0.0902177316304881,0.1188333357343399,0.014522347538749349,0.6599407508648473,0.1411322149583212,29,1322.6555438041687,1323.1530380249023,,12,12,true
bike_hour_h240_n145__20260417_161357.jld2,parte1/resultados_Bike/bike_hour_h240_n145__20260417_161357.jld2,w240,269,145,0.01,StrategySelectiveWithConstantOptimization,Selective+ConstOpt,1,0.11405478672874368,0.16731705990757384,0.028814442725673673,0.38563473319165853,0.195453198057744,29,6.509662866592407,7.02052903175354,,12,12,true
bike_hour_h240_n145__20260417_161357.jld2,parte1/resultados_Bike/bike_hour_h240_n145__20260417_161357.jld2,w240,309,145,0.001,StrategySelectiveWithConstantOptimization,Selective+ConstOpt,1,0.09426976138316175,0.12445857534515224,0.01582690552134559,0.6373790275300617,0.14736207382100264,29,18.1909601688385,18.74903917312622,,12,12,true
bike_hour_h240_n145__20260417_161357.jld2,parte1/resultados_Bike/bike_hour_h240_n145__20260417_161357.jld2,w240,349,145,0.0001,StrategySelectiveWithConstantOptimization,Selective+ConstOpt,1,0.07381766347200643,0.09916088216073901,0.010070891928409412,0.7459527465018039,0.11882454397898304,29,33.2823691368103,33.79226803779602,,12,12,true
bike_hour_h240_n145__20260417_161357.jld2,parte1/resultados_Bike/bike_hour_h240_n145__20260417_161357.jld2,w240,389,145,1.0e-5,StrategySelectiveWithConstantOptimization,Selective+ConstOpt,1,0.08608953841799126,0.11276256495674258,0.01297619427950236,0.680988554571718,0.13475154834583197,29,35.38125681877136,35.889528036117554,,12,12,true
bike_hour_h240_n145__20260417_161357.jld2,parte1/resultados_Bike/bike_hour_h240_n145__20260417_161357.jld2,w240,429,145,1.0e-6,StrategySelectiveWithConstantOptimization,Selective+ConstOpt,1,0.07527416467300783,0.10127436591891618,0.010553037670326173,0.7384329174456054,0.12125223232988319,29,161.57436394691467,162.07881021499634,,12,12,true
bike_hour_h240_n145__20260417_161357.jld2,parte1/resultados_Bike/bike_hour_h240_n145__20260417_161357.jld2,w240,469,145,1.0e-7,StrategySelectiveWithConstantOptimization,Selective+ConstOpt,1,0.07999415574480873,0.10814750095555951,0.011903420179176841,0.7087488213603592,0.12913619313572655,29,773.7268760204315,774.230947971344,,12,12,true
bike_hour_h240_n150__20260417_161357.jld2,parte1/resultados_Bike/bike_hour_h240_n150__20260417_161357.jld2,w240,30,150,0.01,StrategySelective,Selective,1,0.11501671215119567,0.16342248388209815,0.027444409623300657,0.4082473314742182,0.19134780126815376,29,16.400207042694092,20.083977937698364,,12,12,true
bike_hour_h240_n150__20260417_161357.jld2,parte1/resultados_Bike/bike_hour_h240_n150__20260417_161357.jld2,w240,70,150,0.001,StrategySelective,Selective,1,0.09637640425953094,0.1345127534828873,0.018517229555233834,0.5823520377705387,0.15878278393329354,29,18.57137894630432,19.404603958129883,,12,12,true
bike_hour_h240_n150__20260417_161357.jld2,parte1/resultados_Bike/bike_hour_h240_n150__20260417_161357.jld2,w240,110,150,0.0001,StrategySelective,Selective,1,0.07462647614311552,0.10511481491698743,0.011413481084020169,0.725721048414285,0.1251629222262835,29,33.20958089828491,34.04161310195923,,12,12,true
bike_hour_h240_n150__20260417_161357.jld2,parte1/resultados_Bike/bike_hour_h240_n150__20260417_161357.jld2,w240,150,150,1.0e-5,StrategySelective,Selective,1,0.09264324693475107,0.12451469213591114,0.01587737860398502,0.6231174158678324,0.1483544695622152,29,53.40351700782776,53.948281049728394,,12,12,true
bike_hour_h240_n150__20260417_161357.jld2,parte1/resultados_Bike/bike_hour_h240_n150__20260417_161357.jld2,w240,190,150,1.0e-6,StrategySelective,Selective,1,0.11557169341114032,0.13429840320619116,0.018385140728944906,0.5664190922773453,0.15957269888770415,29,159.5935878753662,160.15373611450195,,12,12,true
bike_hour_h240_n150__20260417_161357.jld2,parte1/resultados_Bike/bike_hour_h240_n150__20260417_161357.jld2,w240,230,150,1.0e-7,StrategySelective,Selective,1,0.09022664054028705,0.11881897278568616,0.01451762409223715,0.6598983072832516,0.1411211548263385,29,1347.5053360462189,1347.9983539581299,,12,12,true
bike_hour_h240_n150__20260417_161357.jld2,parte1/resultados_Bike/bike_hour_h240_n150__20260417_161357.jld2,w240,270,150,0.01,StrategySelectiveWithConstantOptimization,Selective+ConstOpt,1,0.11405478672874368,0.16731705990757384,0.028814442725673673,0.38563473319165853,0.195453198057744,29,6.537683963775635,7.034002065658569,,12,12,true
bike_hour_h240_n150__20260417_161357.jld2,parte1/resultados_Bike/bike_hour_h240_n150__20260417_161357.jld2,w240,310,150,0.001,StrategySelectiveWithConstantOptimization,Selective+ConstOpt,1,0.0942085334182474,0.124001712831431,0.015699788116661628,0.6393338044696372,0.14688765341255644,29,21.271666049957275,21.851335048675537,,12,12,true
bike_hour_h240_n150__20260417_161357.jld2,parte1/resultados_Bike/bike_hour_h240_n150__20260417_161357.jld2,w240,350,150,0.0001,StrategySelectiveWithConstantOptimization,Selective+ConstOpt,1,0.07349770618090914,0.09879464630593982,0.009998656596619606,0.7473831383340517,0.11842401666289779,29,35.269587993621826,35.872740030288696,,12,12,true
bike_hour_h240_n150__20260417_161357.jld2,parte1/resultados_Bike/bike_hour_h240_n150__20260417_161357.jld2,w240,390,150,1.0e-5,StrategySelectiveWithConstantOptimization,Selective+ConstOpt,1,0.0827569830393554,0.109123387290113,0.012162259841140454,0.6950423077645368,0.13074061991445662,29,36.074552059173584,36.575690031051636,,12,12,true
bike_hour_h240_n150__20260417_161357.jld2,parte1/resultados_Bike/bike_hour_h240_n150__20260417_161357.jld2,w240,430,150,1.0e-6,StrategySelectiveWithConstantOptimization,Selective+ConstOpt,1,0.07385602591341295,0.10067954998650673,0.010456174566570893,0.7443131325168058,0.12027501250223872,29,215.7108612060547,216.21624517440796,,12,12,true
bike_hour_h240_n150__20260417_161357.jld2,parte1/resultados_Bike/bike_hour_h240_n150__20260417_161357.jld2,w240,470,150,1.0e-7,StrategySelectiveWithConstantOptimization,Selective+ConstOpt,1,0.07758560388248661,0.10644735875019305,0.011525312800683505,0.7142112831754718,0.12735762986537236,29,787.6025459766388,788.1082649230957,,12,12,true
bike_hour_h240_n155__20260417_161357.jld2,parte1/resultados_Bike/bike_hour_h240_n155__20260417_161357.jld2,w240,31,155,0.01,StrategySelective,Selective,1,0.11501671215119567,0.16342248388209815,0.027444409623300657,0.4082473314742182,0.19134780126815376,29,16.59679388999939,20.3853600025177,,12,12,true
bike_hour_h240_n155__20260417_161357.jld2,parte1/resultados_Bike/bike_hour_h240_n155__20260417_161357.jld2,w240,71,155,0.001,StrategySelective,Selective,1,0.09574810925203552,0.13390866383838315,0.018351967812368995,0.5864441176564198,0.15803842212941374,29,21.24916911125183,22.093443155288696,,12,12,true
bike_hour_h240_n155__20260417_161357.jld2,parte1/resultados_Bike/bike_hour_h240_n155__20260417_161357.jld2,w240,111,155,0.0001,StrategySelective,Selective,1,0.09450072314971092,0.1306621154083091,0.018555756422923293,0.6046494151369163,0.15256753192709807,29,37.60956001281738,38.47186279296875,,12,12,true
bike_hour_h240_n155__20260417_161357.jld2,parte1/resultados_Bike/bike_hour_h240_n155__20260417_161357.jld2,w240,151,155,1.0e-5,StrategySelective,Selective,1,0.0883262242989315,0.1196155507691956,0.014625705866577552,0.6539145813705075,0.1423965334662624,29,60.67316794395447,61.22234892845154,,12,12,true
bike_hour_h240_n155__20260417_161357.jld2,parte1/resultados_Bike/bike_hour_h240_n155__20260417_161357.jld2,w240,191,155,1.0e-6,StrategySelective,Selective,1,0.11522786177622318,0.1339812707989136,0.018298540368345228,0.5682820568707807,0.15920672984709677,29,177.97139596939087,178.57714009284973,,12,12,true
bike_hour_h240_n155__20260417_161357.jld2,parte1/resultados_Bike/bike_hour_h240_n155__20260417_161357.jld2,w240,231,155,1.0e-7,StrategySelective,Selective,1,0.08969941078986453,0.11777623273226126,0.014267425441561106,0.6635315298967587,0.13999005092920913,29,1468.7983558177948,1469.2945711612701,,12,12,true
bike_hour_h240_n155__20260417_161357.jld2,parte1/resultados_Bike/bike_hour_h240_n155__20260417_161357.jld2,w240,271,155,0.01,StrategySelectiveWithConstantOptimization,Selective+ConstOpt,1,0.11405478672874368,0.16731705990757384,0.028814442725673673,0.38563473319165853,0.195453198057744,29,7.5187859535217285,8.06502103805542,,12,12,true
bike_hour_h240_n155__20260417_161357.jld2,parte1/resultados_Bike/bike_hour_h240_n155__20260417_161357.jld2,w240,311,155,0.001,StrategySelectiveWithConstantOptimization,Selective+ConstOpt,1,0.09360678576532806,0.12276985560222439,0.015381383923438754,0.6472576747756265,0.14537815281387573,29,28.21579098701477,28.839756965637207,,12,12,true
bike_hour_h240_n155__20260417_161357.jld2,parte1/resultados_Bike/bike_hour_h240_n155__20260417_161357.jld2,w240,351,155,0.0001,StrategySelectiveWithConstantOptimization,Selective+ConstOpt,1,0.0719178793541869,0.09610305585911882,0.009475122509884677,0.7585550182517222,0.11527830308044468,29,40.266743898391724,40.93631410598755,,12,12,true
bike_hour_h240_n155__20260417_161357.jld2,parte1/resultados_Bike/bike_hour_h240_n155__20260417_161357.jld2,w240,391,155,1.0e-5,StrategySelectiveWithConstantOptimization,Selective+ConstOpt,1,0.07808231068318978,0.10435189381096632,0.01121109072529484,0.7159055048584624,0.12513766799312318,29,53.19583988189697,53.742790937423706,,12,12,true
bike_hour_h240_n155__20260417_161357.jld2,parte1/resultados_Bike/bike_hour_h240_n155__20260417_161357.jld2,w240,431,155,1.0e-6,StrategySelectiveWithConstantOptimization,Selective+ConstOpt,1,0.07400442847772122,0.1007082891366364,0.010459405305365467,0.7442440578657488,0.12031254611933295,29,230.3678171634674,230.93652486801147,,12,12,true
bike_hour_h240_n155__20260417_161357.jld2,parte1/resultados_Bike/bike_hour_h240_n155__20260417_161357.jld2,w240,471,155,1.0e-7,StrategySelectiveWithConstantOptimization,Selective+ConstOpt,1,0.07441615274381952,0.10117070911622926,0.010438083980527195,0.7366455913683493,0.12128326926683622,29,888.6922519207001,889.2319128513336,,12,12,true
bike_hour_h240_n165__20260417_161357.jld2,parte1/resultados_Bike/bike_hour_h240_n165__20260417_161357.jld2,w240,33,165,0.01,StrategySelective,Selective,1,0.11501671215119567,0.16342248388209815,0.027444409623300657,0.4082473314742182,0.19134780126815376,29,15.132533073425293,18.435566186904907,,12,12,true
bike_hour_h240_n165__20260417_161357.jld2,parte1/resultados_Bike/bike_hour_h240_n165__20260417_161357.jld2,w240,73,165,0.001,StrategySelective,Selective,1,0.09022238327864412,0.12886849185812352,0.01701475469445437,0.6137339812119055,0.15222180924195405,29,25.11813497543335,25.900973081588745,,12,12,true
bike_hour_h240_n165__20260417_161357.jld2,parte1/resultados_Bike/bike_hour_h240_n165__20260417_161357.jld2,w240,113,165,0.0001,StrategySelective,Selective,1,0.09304409746580068,0.12854372179977744,0.017909296552340054,0.615745278602045,0.15029600744576802,29,38.68069314956665,39.54981994628906,,12,12,true
bike_hour_h240_n165__20260417_161357.jld2,parte1/resultados_Bike/bike_hour_h240_n165__20260417_161357.jld2,w240,153,165,1.0e-5,StrategySelective,Selective,1,0.08813110389656739,0.11926076060777384,0.014539837038298717,0.6549843203480762,0.14203791199009447,29,57.07456398010254,57.59028506278992,,12,12,true
bike_hour_h240_n165__20260417_161357.jld2,parte1/resultados_Bike/bike_hour_h240_n165__20260417_161357.jld2,w240,193,165,1.0e-6,StrategySelective,Selective,1,0.11541918198562783,0.13414667399198352,0.018366208437785796,0.5705550639108569,0.15915765504771487,29,191.64204597473145,192.18151092529297,,12,12,true
bike_hour_h240_n165__20260417_161357.jld2,parte1/resultados_Bike/bike_hour_h240_n165__20260417_161357.jld2,w240,233,165,1.0e-7,StrategySelective,Selective,1,0.0890106293160656,0.1170398938969472,0.014095446866279658,0.6678302698345591,0.13904647154510688,29,1540.7384989261627,1541.228268146515,,12,12,true
bike_hour_h240_n165__20260417_161357.jld2,parte1/resultados_Bike/bike_hour_h240_n165__20260417_161357.jld2,w240,273,165,0.01,StrategySelectiveWithConstantOptimization,Selective+ConstOpt,1,0.11405478672874368,0.16731705990757384,0.028814442725673673,0.38563473319165853,0.195453198057744,29,6.5072760581970215,6.998345851898193,,12,12,true
bike_hour_h240_n165__20260417_161357.jld2,parte1/resultados_Bike/bike_hour_h240_n165__20260417_161357.jld2,w240,313,165,0.001,StrategySelectiveWithConstantOptimization,Selective+ConstOpt,1,0.09050900346388706,0.11922747558016562,0.014474708516737714,0.6636095883859979,0.1414826153415301,29,29.064100980758667,29.62144112586975,,12,12,true
bike_hour_h240_n165__20260417_161357.jld2,parte1/resultados_Bike/bike_hour_h240_n165__20260417_161357.jld2,w240,353,165,0.0001,StrategySelectiveWithConstantOptimization,Selective+ConstOpt,1,0.07159739477163238,0.0955014964906456,0.00935017297853517,0.7599273841052167,0.11469921559311096,29,41.505573987960815,42.11491084098816,,12,12,true
bike_hour_h240_n165__20260417_161357.jld2,parte1/resultados_Bike/bike_hour_h240_n165__20260417_161357.jld2,w240,393,165,1.0e-5,StrategySelectiveWithConstantOptimization,Selective+ConstOpt,1,0.077057867012617,0.10247445105894099,0.010809533530801522,0.7306345491829367,0.1226903360758203,29,55.0552020072937,55.61701011657715,,12,12,true
bike_hour_h240_n165__20260417_161357.jld2,parte1/resultados_Bike/bike_hour_h240_n165__20260417_161357.jld2,w240,433,165,1.0e-6,StrategySelectiveWithConstantOptimization,Selective+ConstOpt,1,0.07076515510661496,0.09752534022714758,0.009802162958933634,0.7576474227333722,0.11663122978767052,29,261.9178400039673,262.40532994270325,,12,12,true
bike_hour_h240_n165__20260417_161357.jld2,parte1/resultados_Bike/bike_hour_h240_n165__20260417_161357.jld2,w240,473,165,1.0e-7,StrategySelectiveWithConstantOptimization,Selective+ConstOpt,1,0.07429974906099422,0.10109898663469968,0.010425193603632175,0.7371814004995534,0.12117958235549173,29,834.315948009491,834.8058121204376,,12,12,true
bike_hour_h240_n175__20260417_161357.jld2,parte1/resultados_Bike/bike_hour_h240_n175__20260417_161357.jld2,w240,35,175,0.01,StrategySelective,Selective,1,0.11501671215119567,0.16342248388209815,0.027444409623300657,0.4082473314742182,0.19134780126815376,29,17.812055110931396,21.887990951538086,,12,12,true
bike_hour_h240_n175__20260417_161357.jld2,parte1/resultados_Bike/bike_hour_h240_n175__20260417_161357.jld2,w240,75,175,0.001,StrategySelective,Selective,1,0.08888196485681861,0.12586774098714046,0.016247336687752842,0.6336475092989242,0.14850050027798048,29,35.227997064590454,36.10277509689331,,12,12,true
bike_hour_h240_n175__20260417_161357.jld2,parte1/resultados_Bike/bike_hour_h240_n175__20260417_161357.jld2,w240,115,175,0.0001,StrategySelective,Selective,1,0.09352146510201248,0.1280652054767088,0.017898628113682376,0.6169396469233457,0.14966062093918758,29,49.209572076797485,50.18545079231262,,12,12,true
bike_hour_h240_n175__20260417_161357.jld2,parte1/resultados_Bike/bike_hour_h240_n175__20260417_161357.jld2,w240,155,175,1.0e-5,StrategySelective,Selective,1,0.08726918258140956,0.11813904935113778,0.014259867603137976,0.660738227146374,0.1407659492577948,29,69.68829894065857,70.25949120521545,,12,12,true
bike_hour_h240_n175__20260417_161357.jld2,parte1/resultados_Bike/bike_hour_h240_n175__20260417_161357.jld2,w240,195,175,1.0e-6,StrategySelective,Selective,1,0.1134766234777305,0.13316941607999955,0.018133403808276553,0.5756078017992133,0.15801052943248434,29,235.31650614738464,235.9469919204712,,12,12,true
bike_hour_h240_n175__20260417_161357.jld2,parte1/resultados_Bike/bike_hour_h240_n175__20260417_161357.jld2,w240,235,175,1.0e-7,StrategySelective,Selective,1,0.08855063827967607,0.11484582502395382,0.013586802423323057,0.6776151401441739,0.13655574076123583,29,2100.786166906357,2101.310481071472,,12,12,true
bike_hour_h240_n175__20260417_161357.jld2,parte1/resultados_Bike/bike_hour_h240_n175__20260417_161357.jld2,w240,275,175,0.01,StrategySelectiveWithConstantOptimization,Selective+ConstOpt,1,0.11405478672874368,0.16731705990757384,0.028814442725673673,0.38563473319165853,0.195453198057744,29,6.983796119689941,7.525381803512573,,12,12,true
bike_hour_h240_n175__20260417_161357.jld2,parte1/resultados_Bike/bike_hour_h240_n175__20260417_161357.jld2,w240,315,175,0.001,StrategySelectiveWithConstantOptimization,Selective+ConstOpt,1,0.09702188804047523,0.12829086639048481,0.017029137249371322,0.6243064281048544,0.15083546405149886,29,56.932021141052246,57.500406980514526,,12,12,true
bike_hour_h240_n175__20260417_161357.jld2,parte1/resultados_Bike/bike_hour_h240_n175__20260417_161357.jld2,w240,355,175,0.0001,StrategySelectiveWithConstantOptimization,Selective+ConstOpt,1,0.07037002755180514,0.09353950664293449,0.00899174689528881,0.7640629424203316,0.11262815968577104,29,65.23779392242432,65.86275792121887,,12,12,true
bike_hour_h240_n175__20260417_161357.jld2,parte1/resultados_Bike/bike_hour_h240_n175__20260417_161357.jld2,w240,395,175,1.0e-5,StrategySelectiveWithConstantOptimization,Selective+ConstOpt,1,0.07753779497526007,0.10251076967690029,0.010826556192085087,0.7320213578765709,0.12260288013430293,29,64.43226099014282,65.02281999588013,,12,12,true
bike_hour_h240_n175__20260417_161357.jld2,parte1/resultados_Bike/bike_hour_h240_n175__20260417_161357.jld2,w240,435,175,1.0e-6,StrategySelectiveWithConstantOptimization,Selective+ConstOpt,1,0.07077450702155587,0.09756916504842424,0.009810699845080728,0.7575150436885131,0.11667543546389203,29,281.71891593933105,282.2691419124603,,12,12,true
bike_hour_h240_n175__20260417_161357.jld2,parte1/resultados_Bike/bike_hour_h240_n175__20260417_161357.jld2,w240,475,175,1.0e-7,StrategySelectiveWithConstantOptimization,Selective+ConstOpt,1,0.07420830149445903,0.10164970552114448,0.010578955832017938,0.7347127614728554,0.12167615196572756,29,914.6823818683624,915.2066719532013,,12,12,true
bike_hour_h240_n185__20260417_161357.jld2,parte1/resultados_Bike/bike_hour_h240_n185__20260417_161357.jld2,w240,37,185,0.01,StrategySelective,Selective,1,0.11501671215119567,0.16342248388209815,0.027444409623300657,0.4082473314742182,0.19134780126815376,29,18.04249906539917,22.101850986480713,,12,12,true
bike_hour_h240_n185__20260417_161357.jld2,parte1/resultados_Bike/bike_hour_h240_n185__20260417_161357.jld2,w240,77,185,0.001,StrategySelective,Selective,1,0.0831577279779372,0.11632914128989552,0.013804426096936379,0.6847083730132975,0.1376005307305624,29,45.90415382385254,46.763887882232666,,12,12,true
bike_hour_h240_n185__20260417_161357.jld2,parte1/resultados_Bike/bike_hour_h240_n185__20260417_161357.jld2,w240,117,185,0.0001,StrategySelective,Selective,1,0.09395472550495426,0.12847187439999205,0.018096200154702174,0.6153839244916164,0.14987072153953138,29,56.86565589904785,57.825050830841064,,12,12,true
bike_hour_h240_n185__20260417_161357.jld2,parte1/resultados_Bike/bike_hour_h240_n185__20260417_161357.jld2,w240,157,185,1.0e-5,StrategySelective,Selective,1,0.08695559894681427,0.11773047774997625,0.014155283709607117,0.6611168867255235,0.14040837778502424,29,78.32794880867004,78.86636900901794,,12,12,true
bike_hour_h240_n185__20260417_161357.jld2,parte1/resultados_Bike/bike_hour_h240_n185__20260417_161357.jld2,w240,197,185,1.0e-6,StrategySelective,Selective,1,0.11601784327289248,0.1357746344927433,0.01892024426539541,0.5638116113493284,0.1606931342358701,29,266.85333800315857,267.4901509284973,,12,12,true
bike_hour_h240_n185__20260417_161357.jld2,parte1/resultados_Bike/bike_hour_h240_n185__20260417_161357.jld2,w240,237,185,1.0e-7,StrategySelective,Selective,1,0.08294788463292145,0.10524352498544011,0.011352096236249021,0.7256506559024498,0.12548067676746785,29,2290.6766269207,2291.2292630672455,,12,12,true
bike_hour_h240_n185__20260417_161357.jld2,parte1/resultados_Bike/bike_hour_h240_n185__20260417_161357.jld2,w240,277,185,0.01,StrategySelectiveWithConstantOptimization,Selective+ConstOpt,1,0.11405478672874368,0.16731705990757384,0.028814442725673673,0.38563473319165853,0.195453198057744,29,6.772294998168945,7.306035995483398,,12,12,true
bike_hour_h240_n185__20260417_161357.jld2,parte1/resultados_Bike/bike_hour_h240_n185__20260417_161357.jld2,w240,317,185,0.001,StrategySelectiveWithConstantOptimization,Selective+ConstOpt,1,0.094914379445351,0.12446411343250993,0.01605520873022497,0.6449315425911225,0.1464071356863309,29,134.58169293403625,135.12175989151,,12,12,true
bike_hour_h240_n185__20260417_161357.jld2,parte1/resultados_Bike/bike_hour_h240_n185__20260417_161357.jld2,w240,357,185,0.0001,StrategySelectiveWithConstantOptimization,Selective+ConstOpt,1,0.06927374017911837,0.09226142069904583,0.008761056859709975,0.7687431857464304,0.11114451440831168,29,77.0398998260498,77.65516090393066,,12,12,true
bike_hour_h240_n185__20260417_161357.jld2,parte1/resultados_Bike/bike_hour_h240_n185__20260417_161357.jld2,w240,397,185,1.0e-5,StrategySelectiveWithConstantOptimization,Selective+ConstOpt,1,0.07770062489437994,0.10280081404723239,0.01084870857980984,0.7223872768719556,0.12348362267967324,29,64.21652913093567,64.80972695350647,,12,12,true
bike_hour_h240_n185__20260417_161357.jld2,parte1/resultados_Bike/bike_hour_h240_n185__20260417_161357.jld2,w240,437,185,1.0e-6,StrategySelectiveWithConstantOptimization,Selective+ConstOpt,1,0.0696296944136272,0.09603864608215877,0.009501554087937214,0.7664997089705929,0.114810237087596,29,356.1262969970703,356.6292989253998,,12,12,true
bike_hour_h240_n185__20260417_161357.jld2,parte1/resultados_Bike/bike_hour_h240_n185__20260417_161357.jld2,w240,477,185,1.0e-7,StrategySelectiveWithConstantOptimization,Selective+ConstOpt,1,0.07398736323643088,0.1011704649460102,0.01046563858644683,0.7402383851675449,0.12095794078040341,29,1018.3610279560089,1018.8780431747437,,12,12,true
bike_hour_h240_n195__20260417_161357.jld2,parte1/resultados_Bike/bike_hour_h240_n195__20260417_161357.jld2,w240,39,195,0.01,StrategySelective,Selective,1,0.11501671215119567,0.16342248388209815,0.027444409623300657,0.4082473314742182,0.19134780126815376,29,17.748708963394165,21.806684970855713,,12,12,true
bike_hour_h240_n195__20260417_161357.jld2,parte1/resultados_Bike/bike_hour_h240_n195__20260417_161357.jld2,w240,79,195,0.001,StrategySelective,Selective,1,0.08258017044649875,0.11627183404071023,0.013801707131886843,0.6877791013902329,0.13729681518018472,29,50.76097893714905,51.62519288063049,,12,12,true
bike_hour_h240_n195__20260417_161357.jld2,parte1/resultados_Bike/bike_hour_h240_n195__20260417_161357.jld2,w240,119,195,0.0001,StrategySelective,Selective,1,0.0921352097117249,0.12621946542795567,0.01720574759648501,0.6282782234663528,0.14768033965900626,29,64.13052606582642,65.10051989555359,,12,12,true
bike_hour_h240_n195__20260417_161357.jld2,parte1/resultados_Bike/bike_hour_h240_n195__20260417_161357.jld2,w240,159,195,1.0e-5,StrategySelective,Selective,1,0.0944048268369818,0.14078577687154994,0.022133644617837064,0.5096677375107789,0.16490013444099333,29,87.95451188087463,88.5107409954071,,12,12,true
bike_hour_h240_n195__20260417_161357.jld2,parte1/resultados_Bike/bike_hour_h240_n195__20260417_161357.jld2,w240,199,195,1.0e-6,StrategySelective,Selective,1,0.11635907113075934,0.13613542148082403,0.01901984694813242,0.5605797297272646,0.1611829722457742,29,294.21587085723877,294.9368028640747,,12,12,true
bike_hour_h240_n195__20260417_161357.jld2,parte1/resultados_Bike/bike_hour_h240_n195__20260417_161357.jld2,w240,239,195,1.0e-7,StrategySelective,Selective,1,0.08448552492956865,0.10440353599551572,0.011154307560298574,0.7274997276949783,0.1245500881707825,29,2491.8859951496124,2492.427971124649,,12,12,true
bike_hour_h240_n195__20260417_161357.jld2,parte1/resultados_Bike/bike_hour_h240_n195__20260417_161357.jld2,w240,279,195,0.01,StrategySelectiveWithConstantOptimization,Selective+ConstOpt,1,0.11405478672874368,0.16731705990757384,0.028814442725673673,0.38563473319165853,0.195453198057744,29,6.563133955001831,7.070782899856567,,12,12,true
bike_hour_h240_n195__20260417_161357.jld2,parte1/resultados_Bike/bike_hour_h240_n195__20260417_161357.jld2,w240,319,195,0.001,StrategySelectiveWithConstantOptimization,Selective+ConstOpt,1,0.08914567265321409,0.11751899783525338,0.014336426323980207,0.6806671967554744,0.13843153545697653,29,252.83713912963867,253.40590405464172,,12,12,true
bike_hour_h240_n195__20260417_161357.jld2,parte1/resultados_Bike/bike_hour_h240_n195__20260417_161357.jld2,w240,359,195,0.0001,StrategySelectiveWithConstantOptimization,Selective+ConstOpt,1,0.06910408920628082,0.09203452113512335,0.008711121762933748,0.7710950621385271,0.11080155397625309,29,95.57244610786438,96.19434595108032,,12,12,true
bike_hour_h240_n195__20260417_161357.jld2,parte1/resultados_Bike/bike_hour_h240_n195__20260417_161357.jld2,w240,399,195,1.0e-5,StrategySelectiveWithConstantOptimization,Selective+ConstOpt,1,0.07643016433469392,0.10146418365794976,0.010528361802755662,0.7261865531048423,0.12215969541393998,29,79.3041079044342,79.81951093673706,,12,12,true
bike_hour_h240_n195__20260417_161357.jld2,parte1/resultados_Bike/bike_hour_h240_n195__20260417_161357.jld2,w240,439,195,1.0e-6,StrategySelectiveWithConstantOptimization,Selective+ConstOpt,1,0.06851569230507999,0.09476940030375135,0.009244220385775511,0.7659675762682923,0.11374950233474657,29,435.67750906944275,436.1783471107483,,12,12,true
bike_hour_h240_n195__20260417_161357.jld2,parte1/resultados_Bike/bike_hour_h240_n195__20260417_161357.jld2,w240,479,195,1.0e-7,StrategySelectiveWithConstantOptimization,Selective+ConstOpt,1,0.07506941327597781,0.10188141889367447,0.010663184170944619,0.734039872835096,0.12186887324544887,29,1135.305097103119,1136.1976521015167,,12,12,true
bike_hour_h240_n200__20260417_161357.jld2,parte1/resultados_Bike/bike_hour_h240_n200__20260417_161357.jld2,w240,40,200,0.01,StrategySelective,Selective,1,0.11501671215119567,0.16342248388209815,0.027444409623300657,0.4082473314742182,0.19134780126815376,29,17.73827600479126,21.804140090942383,,12,12,true
bike_hour_h240_n200__20260417_161357.jld2,parte1/resultados_Bike/bike_hour_h240_n200__20260417_161357.jld2,w240,80,200,0.001,StrategySelective,Selective,1,0.08198433262265895,0.11540524623062541,0.013594215271211487,0.6932095330286852,0.13622509966154475,29,53.021191120147705,53.88928198814392,,12,12,true
bike_hour_h240_n200__20260417_161357.jld2,parte1/resultados_Bike/bike_hour_h240_n200__20260417_161357.jld2,w240,120,200,0.0001,StrategySelective,Selective,1,0.09193438485438442,0.12562192298771196,0.017033153211668567,0.6307457457278235,0.14707812357962646,29,65.84984087944031,66.82257294654846,,12,12,true
bike_hour_h240_n200__20260417_161357.jld2,parte1/resultados_Bike/bike_hour_h240_n200__20260417_161357.jld2,w240,160,200,1.0e-5,StrategySelective,Selective,1,0.09728435583247155,0.14851590690783548,0.025808820156267728,0.43884666239266684,0.173171737368008,29,92.0364019870758,92.58726501464844,,12,12,true
bike_hour_h240_n200__20260417_161357.jld2,parte1/resultados_Bike/bike_hour_h240_n200__20260417_161357.jld2,w240,200,200,1.0e-6,StrategySelective,Selective,1,0.11622780590701755,0.13601662754176583,0.018986559429316686,0.5612452546661253,0.1610479317095252,29,295.66636300086975,296.3908817768097,,12,12,true
bike_hour_h240_n200__20260417_161357.jld2,parte1/resultados_Bike/bike_hour_h240_n200__20260417_161357.jld2,w240,240,200,1.0e-7,StrategySelective,Selective,1,0.08425276294970509,0.10429116497941197,0.011136546625505969,0.7281328476406701,0.12438993445076597,29,2497.541524887085,2498.088138818741,,12,12,true
bike_hour_h240_n200__20260417_161357.jld2,parte1/resultados_Bike/bike_hour_h240_n200__20260417_161357.jld2,w240,280,200,0.01,StrategySelectiveWithConstantOptimization,Selective+ConstOpt,1,0.11405478672874368,0.16731705990757384,0.028814442725673673,0.38563473319165853,0.195453198057744,29,6.517090082168579,7.01361083984375,,12,12,true
bike_hour_h240_n200__20260417_161357.jld2,parte1/resultados_Bike/bike_hour_h240_n200__20260417_161357.jld2,w240,320,200,0.001,StrategySelectiveWithConstantOptimization,Selective+ConstOpt,1,0.08938193410930544,0.1179731210990796,0.014458592926676114,0.6789811554545943,0.13887195045010164,29,274.01338601112366,274.55134677886963,,12,12,true
bike_hour_h240_n200__20260417_161357.jld2,parte1/resultados_Bike/bike_hour_h240_n200__20260417_161357.jld2,w240,360,200,0.0001,StrategySelectiveWithConstantOptimization,Selective+ConstOpt,1,0.06898613149668437,0.09169628695284085,0.008635504193339522,0.7721980485766401,0.11046768364408646,29,103.1615719795227,103.7731831073761,,12,12,true
bike_hour_h240_n200__20260417_161357.jld2,parte1/resultados_Bike/bike_hour_h240_n200__20260417_161357.jld2,w240,400,200,1.0e-5,StrategySelectiveWithConstantOptimization,Selective+ConstOpt,1,0.07626043747681298,0.10131716108083805,0.010492145529245149,0.7265838451724339,0.12202164024065096,29,80.81559300422668,81.32048511505127,,12,12,true
bike_hour_h240_n200__20260417_161357.jld2,parte1/resultados_Bike/bike_hour_h240_n200__20260417_161357.jld2,w240,440,200,1.0e-6,StrategySelectiveWithConstantOptimization,Selective+ConstOpt,1,0.06832796323520057,0.09478801290306092,0.009252273968385707,0.7668836633563876,0.1137033960126189,29,446.99090695381165,447.5002009868622,,12,12,true
bike_hour_h240_n200__20260417_161357.jld2,parte1/resultados_Bike/bike_hour_h240_n200__20260417_161357.jld2,w240,480,200,1.0e-7,StrategySelectiveWithConstantOptimization,Selective+ConstOpt,1,0.07306506893011068,0.09933749392660589,0.010148767816464406,0.7445957425749029,0.11897284586761515,29,1191.1785910129547,1191.686753988266,,12,12,true
bike_hour_h264_n005__20260417_161357.jld2,parte1/resultados_Bike/bike_hour_h264_n005__20260417_161357.jld2,w264,1,5,0.01,StrategySelective,Selective,1,0.16653204247520204,0.22200298749515468,0.05097600309358368,-0.08677623280907794,0.26016089730095016,27,8.414366960525513,12.048609972000122,,12,12,true
bike_hour_h264_n005__20260417_161357.jld2,parte1/resultados_Bike/bike_hour_h264_n005__20260417_161357.jld2,w264,41,5,0.001,StrategySelective,Selective,1,0.16653204247520204,0.22200298749515468,0.05097600309358368,-0.08677623280907794,0.26016089730095016,27,0.04445600509643555,0.6070139408111572,,12,12,true
bike_hour_h264_n005__20260417_161357.jld2,parte1/resultados_Bike/bike_hour_h264_n005__20260417_161357.jld2,w264,81,5,0.0001,StrategySelective,Selective,1,0.16664801720423514,0.2217531837906902,0.05088849671624954,-0.08244982593729946,0.2596965240211012,27,0.28038692474365234,0.8918671607971191,,12,12,true
bike_hour_h264_n005__20260417_161357.jld2,parte1/resultados_Bike/bike_hour_h264_n005__20260417_161357.jld2,w264,121,5,1.0e-5,StrategySelective,Selective,1,0.16709127700106652,0.22230451011562383,0.051157612516534945,-0.0869062280170232,0.2602578927538615,27,0.03867292404174805,0.6025891304016113,,12,12,true
bike_hour_h264_n005__20260417_161357.jld2,parte1/resultados_Bike/bike_hour_h264_n005__20260417_161357.jld2,w264,161,5,1.0e-6,StrategySelective,Selective,1,0.16723052000010344,0.22247715135901666,0.05124178077618832,-0.08832069139373644,0.26043525965709297,27,0.051499128341674805,0.5973718166351318,,12,12,true
bike_hour_h264_n005__20260417_161357.jld2,parte1/resultados_Bike/bike_hour_h264_n005__20260417_161357.jld2,w264,201,5,1.0e-7,StrategySelective,Selective,1,0.16728055807838887,0.2225447219642353,0.051274312573042075,-0.08890307286585285,0.26050724020335153,27,0.052317142486572266,0.8266901969909668,,12,12,true
bike_hour_h264_n005__20260417_161357.jld2,parte1/resultados_Bike/bike_hour_h264_n005__20260417_161357.jld2,w264,241,5,0.01,StrategySelectiveWithConstantOptimization,Selective+ConstOpt,1,0.16653204247520204,0.22200298749515468,0.05097600309358368,-0.08677623280907794,0.26016089730095016,27,0.6249310970306396,1.2785859107971191,,12,12,true
bike_hour_h264_n005__20260417_161357.jld2,parte1/resultados_Bike/bike_hour_h264_n005__20260417_161357.jld2,w264,281,5,0.001,StrategySelectiveWithConstantOptimization,Selective+ConstOpt,1,0.16653204247520204,0.22200298749515468,0.05097600309358368,-0.08677623280907794,0.26016089730095016,27,0.04367709159851074,0.5736119747161865,,12,12,true
bike_hour_h264_n005__20260417_161357.jld2,parte1/resultados_Bike/bike_hour_h264_n005__20260417_161357.jld2,w264,321,5,0.0001,StrategySelectiveWithConstantOptimization,Selective+ConstOpt,1,0.16664801720423514,0.2217531837906902,0.05088849671624954,-0.08244982593729946,0.2596965240211012,27,0.06949520111083984,0.6028931140899658,,12,12,true
bike_hour_h264_n005__20260417_161357.jld2,parte1/resultados_Bike/bike_hour_h264_n005__20260417_161357.jld2,w264,361,5,1.0e-5,StrategySelectiveWithConstantOptimization,Selective+ConstOpt,1,0.16709127700106652,0.22230451011562383,0.051157612516534945,-0.0869062280170232,0.2602578927538615,27,0.0320279598236084,0.5554459095001221,,12,12,true
bike_hour_h264_n005__20260417_161357.jld2,parte1/resultados_Bike/bike_hour_h264_n005__20260417_161357.jld2,w264,401,5,1.0e-6,StrategySelectiveWithConstantOptimization,Selective+ConstOpt,1,0.16723052000010344,0.22247715135901666,0.05124178077618832,-0.08832069139373644,0.26043525965709297,27,0.035555124282836914,0.536430835723877,,12,12,true
bike_hour_h264_n005__20260417_161357.jld2,parte1/resultados_Bike/bike_hour_h264_n005__20260417_161357.jld2,w264,441,5,1.0e-7,StrategySelectiveWithConstantOptimization,Selective+ConstOpt,1,0.16728055807838887,0.2225447219642353,0.051274312573042075,-0.08890307286585285,0.26050724020335153,27,0.07430911064147949,0.6077871322631836,,12,12,true
bike_hour_h264_n010__20260417_161357.jld2,parte1/resultados_Bike/bike_hour_h264_n010__20260417_161357.jld2,w264,2,10,0.01,StrategySelective,Selective,1,0.16653204247520204,0.22200298749515468,0.05097600309358368,-0.08677623280907794,0.26016089730095016,27,7.928140878677368,11.340960025787354,,12,12,true
bike_hour_h264_n010__20260417_161357.jld2,parte1/resultados_Bike/bike_hour_h264_n010__20260417_161357.jld2,w264,42,10,0.001,StrategySelective,Selective,1,0.16653204247520204,0.22200298749515468,0.05097600309358368,-0.08677623280907794,0.26016089730095016,27,0.04315614700317383,0.6065950393676758,,12,12,true
bike_hour_h264_n010__20260417_161357.jld2,parte1/resultados_Bike/bike_hour_h264_n010__20260417_161357.jld2,w264,82,10,0.0001,StrategySelective,Selective,1,0.14819158622317552,0.2071406561605697,0.044669723813454784,0.0649488609384691,0.24129118738252192,27,0.6526870727539062,1.3154568672180176,,12,12,true
bike_hour_h264_n010__20260417_161357.jld2,parte1/resultados_Bike/bike_hour_h264_n010__20260417_161357.jld2,w264,122,10,1.0e-5,StrategySelective,Selective,1,0.14831341163234762,0.2075316789350494,0.04485232105050861,0.062019524743012186,0.2416833116632562,27,0.11252593994140625,0.7958760261535645,,12,12,true
bike_hour_h264_n010__20260417_161357.jld2,parte1/resultados_Bike/bike_hour_h264_n010__20260417_161357.jld2,w264,162,10,1.0e-6,StrategySelective,Selective,1,0.148383312363297,0.20771616488440092,0.04493661089201845,0.06054160508605668,0.24187832393548336,27,0.1293649673461914,0.6525619029998779,,12,12,true
bike_hour_h264_n010__20260417_161357.jld2,parte1/resultados_Bike/bike_hour_h264_n010__20260417_161357.jld2,w264,202,10,1.0e-7,StrategySelective,Selective,1,0.1483841675737661,0.2077237407240658,0.044941025186229534,0.060525057412327304,0.24188192259459718,27,0.14873600006103516,0.6682071685791016,,12,12,true
bike_hour_h264_n010__20260417_161357.jld2,parte1/resultados_Bike/bike_hour_h264_n010__20260417_161357.jld2,w264,242,10,0.01,StrategySelectiveWithConstantOptimization,Selective+ConstOpt,1,0.16653204247520204,0.22200298749515468,0.05097600309358368,-0.08677623280907794,0.26016089730095016,27,0.5831019878387451,1.1025190353393555,,12,12,true
bike_hour_h264_n010__20260417_161357.jld2,parte1/resultados_Bike/bike_hour_h264_n010__20260417_161357.jld2,w264,282,10,0.001,StrategySelectiveWithConstantOptimization,Selective+ConstOpt,1,0.16653204247520204,0.22200298749515468,0.05097600309358368,-0.08677623280907794,0.26016089730095016,27,0.03459501266479492,0.6917870044708252,,12,12,true
bike_hour_h264_n010__20260417_161357.jld2,parte1/resultados_Bike/bike_hour_h264_n010__20260417_161357.jld2,w264,322,10,0.0001,StrategySelectiveWithConstantOptimization,Selective+ConstOpt,1,0.14819158622317552,0.2071406561605697,0.044669723813454784,0.0649488609384691,0.24129118738252192,27,0.10994100570678711,0.5980269908905029,,12,12,true
bike_hour_h264_n010__20260417_161357.jld2,parte1/resultados_Bike/bike_hour_h264_n010__20260417_161357.jld2,w264,362,10,1.0e-5,StrategySelectiveWithConstantOptimization,Selective+ConstOpt,1,0.14833862041870027,0.20755786828760833,0.044863806189001515,0.061787889991410785,0.24171295434975992,27,0.09083986282348633,0.581291913986206,,12,12,true
bike_hour_h264_n010__20260417_161357.jld2,parte1/resultados_Bike/bike_hour_h264_n010__20260417_161357.jld2,w264,402,10,1.0e-6,StrategySelectiveWithConstantOptimization,Selective+ConstOpt,1,0.1483636206344927,0.20766800155721904,0.04491557250998114,0.06097294504653771,0.24182283078195377,27,0.10318708419799805,0.5898730754852295,,12,12,true
bike_hour_h264_n010__20260417_161357.jld2,parte1/resultados_Bike/bike_hour_h264_n010__20260417_161357.jld2,w264,442,10,1.0e-7,StrategySelectiveWithConstantOptimization,Selective+ConstOpt,1,0.14837917460430816,0.20770985459097824,0.04493496917379455,0.06064992982236578,0.2418658624793995,27,0.14589309692382812,0.643873929977417,,12,12,true
bike_hour_h264_n015__20260417_161357.jld2,parte1/resultados_Bike/bike_hour_h264_n015__20260417_161357.jld2,w264,3,15,0.01,StrategySelective,Selective,1,0.16653204247520204,0.22200298749515468,0.05097600309358368,-0.08677623280907794,0.26016089730095016,27,7.886945962905884,11.29603099822998,,12,12,true
bike_hour_h264_n015__20260417_161357.jld2,parte1/resultados_Bike/bike_hour_h264_n015__20260417_161357.jld2,w264,43,15,0.001,StrategySelective,Selective,1,0.16653204247520204,0.22200298749515468,0.05097600309358368,-0.08677623280907794,0.26016089730095016,27,0.04324698448181152,0.608989953994751,,12,12,true
bike_hour_h264_n015__20260417_161357.jld2,parte1/resultados_Bike/bike_hour_h264_n015__20260417_161357.jld2,w264,83,15,0.0001,StrategySelective,Selective,1,0.12500665477684003,0.18922421576328563,0.03738942727235995,0.22095787535946376,0.21991192904949022,27,1.3152940273284912,2.0783441066741943,,12,12,true
bike_hour_h264_n015__20260417_161357.jld2,parte1/resultados_Bike/bike_hour_h264_n015__20260417_161357.jld2,w264,123,15,1.0e-5,StrategySelective,Selective,1,0.12493175419239491,0.1892153793171989,0.03738634394933126,0.221068373893454,0.21989960119671967,27,0.40625596046447754,0.929548978805542,,12,12,true
bike_hour_h264_n015__20260417_161357.jld2,parte1/resultados_Bike/bike_hour_h264_n015__20260417_161357.jld2,w264,163,15,1.0e-6,StrategySelective,Selective,1,0.12493143126319085,0.1892270474101666,0.03739002438770519,0.22086890620778532,0.21991802537963961,27,0.4660758972167969,0.9828610420227051,,12,12,true
bike_hour_h264_n015__20260417_161357.jld2,parte1/resultados_Bike/bike_hour_h264_n015__20260417_161357.jld2,w264,203,15,1.0e-7,StrategySelective,Selective,1,0.124932471055414,0.18918545603431555,0.037372948687015274,0.22116474720554558,0.21987341331606108,27,0.5316660404205322,1.044482946395874,,12,12,true
bike_hour_h264_n015__20260417_161357.jld2,parte1/resultados_Bike/bike_hour_h264_n015__20260417_161357.jld2,w264,243,15,0.01,StrategySelectiveWithConstantOptimization,Selective+ConstOpt,1,0.16653204247520204,0.22200298749515468,0.05097600309358368,-0.08677623280907794,0.26016089730095016,27,0.7498459815979004,1.230936050415039,,12,12,true
bike_hour_h264_n015__20260417_161357.jld2,parte1/resultados_Bike/bike_hour_h264_n015__20260417_161357.jld2,w264,283,15,0.001,StrategySelectiveWithConstantOptimization,Selective+ConstOpt,1,0.16653204247520204,0.22200298749515468,0.05097600309358368,-0.08677623280907794,0.26016089730095016,27,0.038613080978393555,0.6830899715423584,,12,12,true
bike_hour_h264_n015__20260417_161357.jld2,parte1/resultados_Bike/bike_hour_h264_n015__20260417_161357.jld2,w264,323,15,0.0001,StrategySelectiveWithConstantOptimization,Selective+ConstOpt,1,0.12490009983807022,0.18909703240450268,0.03733782041180099,0.22190664125234072,0.21977185326171897,27,0.34990787506103516,0.8337090015411377,,12,12,true
bike_hour_h264_n015__20260417_161357.jld2,parte1/resultados_Bike/bike_hour_h264_n015__20260417_161357.jld2,w264,363,15,1.0e-5,StrategySelectiveWithConstantOptimization,Selective+ConstOpt,1,0.12496248321419319,0.18934326857794645,0.037437671438846375,0.22003891199251094,0.2200435662265584,27,0.32197999954223633,0.8072450160980225,,12,12,true
bike_hour_h264_n015__20260417_161357.jld2,parte1/resultados_Bike/bike_hour_h264_n015__20260417_161357.jld2,w264,403,15,1.0e-6,StrategySelectiveWithConstantOptimization,Selective+ConstOpt,1,0.1249382442090847,0.18923251441827701,0.03739216625964027,0.22082037344095498,0.2199243670212034,27,0.5605959892272949,1.0470011234283447,,12,12,true
bike_hour_h264_n015__20260417_161357.jld2,parte1/resultados_Bike/bike_hour_h264_n015__20260417_161357.jld2,w264,443,15,1.0e-7,StrategySelectiveWithConstantOptimization,Selective+ConstOpt,1,0.1293349683716575,0.1933591438079877,0.039015495488386905,0.18756334143881523,0.22475186225324445,27,0.3308870792388916,0.8671059608459473,,12,12,true
bike_hour_h264_n020__20260417_161357.jld2,parte1/resultados_Bike/bike_hour_h264_n020__20260417_161357.jld2,w264,4,20,0.01,StrategySelective,Selective,1,0.16653204247520204,0.22200298749515468,0.05097600309358368,-0.08677623280907794,0.26016089730095016,27,6.969169855117798,9.990029096603394,,12,12,true
bike_hour_h264_n020__20260417_161357.jld2,parte1/resultados_Bike/bike_hour_h264_n020__20260417_161357.jld2,w264,44,20,0.001,StrategySelective,Selective,1,0.16653204247520204,0.22200298749515468,0.05097600309358368,-0.08677623280907794,0.26016089730095016,27,0.03995704650878906,0.5338268280029297,,12,12,true
bike_hour_h264_n020__20260417_161357.jld2,parte1/resultados_Bike/bike_hour_h264_n020__20260417_161357.jld2,w264,84,20,0.0001,StrategySelective,Selective,1,0.12471517046083282,0.18881969616523556,0.037186414932522886,0.2224620067982318,0.2199254883907478,27,1.4242980480194092,2.117901086807251,,12,12,true
bike_hour_h264_n020__20260417_161357.jld2,parte1/resultados_Bike/bike_hour_h264_n020__20260417_161357.jld2,w264,124,20,1.0e-5,StrategySelective,Selective,1,0.11950293887876623,0.1862259791809303,0.03615970153434271,0.24261151007994805,0.216996067653406,27,0.7253608703613281,1.208644151687622,,12,12,true
bike_hour_h264_n020__20260417_161357.jld2,parte1/resultados_Bike/bike_hour_h264_n020__20260417_161357.jld2,w264,164,20,1.0e-6,StrategySelective,Selective,1,0.11938335116508166,0.18600794764395123,0.03607379901771417,0.24425841944170573,0.21674926996687824,27,0.6758480072021484,1.1545920372009277,,12,12,true
bike_hour_h264_n020__20260417_161357.jld2,parte1/resultados_Bike/bike_hour_h264_n020__20260417_161357.jld2,w264,204,20,1.0e-7,StrategySelective,Selective,1,0.12493796206236053,0.18907283145437764,0.03732084522801723,0.22174190054183165,0.21979716349773482,27,0.6946251392364502,1.213979959487915,,12,12,true
bike_hour_h264_n020__20260417_161357.jld2,parte1/resultados_Bike/bike_hour_h264_n020__20260417_161357.jld2,w264,244,20,0.01,StrategySelectiveWithConstantOptimization,Selective+ConstOpt,1,0.16653204247520204,0.22200298749515468,0.05097600309358368,-0.08677623280907794,0.26016089730095016,27,0.5091400146484375,1.2790069580078125,,12,12,true
bike_hour_h264_n020__20260417_161357.jld2,parte1/resultados_Bike/bike_hour_h264_n020__20260417_161357.jld2,w264,284,20,0.001,StrategySelectiveWithConstantOptimization,Selective+ConstOpt,1,0.16653204247520204,0.22200298749515468,0.05097600309358368,-0.08677623280907794,0.26016089730095016,27,0.036576032638549805,0.5140268802642822,,12,12,true
bike_hour_h264_n020__20260417_161357.jld2,parte1/resultados_Bike/bike_hour_h264_n020__20260417_161357.jld2,w264,324,20,0.0001,StrategySelectiveWithConstantOptimization,Selective+ConstOpt,1,0.12472874457367553,0.1887689539101737,0.03716814982829998,0.22291682537124805,0.2198463035137421,27,0.4567580223083496,0.9309709072113037,,12,12,true
bike_hour_h264_n020__20260417_161357.jld2,parte1/resultados_Bike/bike_hour_h264_n020__20260417_161357.jld2,w264,364,20,1.0e-5,StrategySelectiveWithConstantOptimization,Selective+ConstOpt,1,0.11935704594146535,0.18610299500833208,0.03611136760142052,0.24359887942873013,0.21685425475357795,27,0.47690510749816895,0.9511988162994385,,12,12,true
bike_hour_h264_n020__20260417_161357.jld2,parte1/resultados_Bike/bike_hour_h264_n020__20260417_161357.jld2,w264,404,20,1.0e-6,StrategySelectiveWithConstantOptimization,Selective+ConstOpt,1,0.11940840794378964,0.18605082176749685,0.03609096896641591,0.24393349334892106,0.21679537001077268,27,0.6690220832824707,1.3134009838104248,,12,12,true
bike_hour_h264_n020__20260417_161357.jld2,parte1/resultados_Bike/bike_hour_h264_n020__20260417_161357.jld2,w264,444,20,1.0e-7,StrategySelectiveWithConstantOptimization,Selective+ConstOpt,1,0.1295537488172252,0.18602488951240279,0.035991080806919415,0.24224535283198684,0.2172748240959131,27,0.6094110012054443,1.2187800407409668,,12,12,true
bike_hour_h264_n025__20260417_163504.jld2,parte1/resultados_Bike/bike_hour_h264_n025__20260417_163504.jld2,w264,5,25,0.01,StrategySelective,Selective,1,0.16653204247520204,0.22200298749515468,0.05097600309358368,-0.08677623280907794,0.26016089730095016,27,7.633608818054199,10.916572093963623,,12,12,true
bike_hour_h264_n025__20260417_163504.jld2,parte1/resultados_Bike/bike_hour_h264_n025__20260417_163504.jld2,w264,45,25,0.001,StrategySelective,Selective,1,0.16653204247520204,0.22200298749515468,0.05097600309358368,-0.08677623280907794,0.26016089730095016,27,0.042012929916381836,0.5729801654815674,,12,12,true
bike_hour_h264_n025__20260417_163504.jld2,parte1/resultados_Bike/bike_hour_h264_n025__20260417_163504.jld2,w264,85,25,0.0001,StrategySelective,Selective,1,0.11976182745426192,0.18646086631273867,0.03623958532157268,0.23999637986176706,0.2174581054808559,27,2.0184121131896973,2.744734048843384,,12,12,true
bike_hour_h264_n025__20260417_163504.jld2,parte1/resultados_Bike/bike_hour_h264_n025__20260417_163504.jld2,w264,125,25,1.0e-5,StrategySelective,Selective,1,0.11799257998114933,0.18335917632789464,0.035043478970225785,0.26463487916500933,0.21381724783620315,27,0.9582500457763672,1.497251033782959,,12,12,true
bike_hour_h264_n025__20260417_163504.jld2,parte1/resultados_Bike/bike_hour_h264_n025__20260417_163504.jld2,w264,165,25,1.0e-6,StrategySelective,Selective,1,0.11828450717394272,0.18320837591485273,0.03498086448921072,0.2657028332418227,0.21365964595570539,27,1.135429859161377,1.6202499866485596,,12,12,true
bike_hour_h264_n025__20260417_163504.jld2,parte1/resultados_Bike/bike_hour_h264_n025__20260417_163504.jld2,w264,205,25,1.0e-7,StrategySelective,Selective,1,0.11794213105234223,0.18324611279714573,0.034995780246579816,0.26520357081069657,0.21372049784743674,27,1.76859712600708,2.2582499980926514,,12,12,true
bike_hour_h264_n025__20260417_163504.jld2,parte1/resultados_Bike/bike_hour_h264_n025__20260417_163504.jld2,w264,245,25,0.01,StrategySelectiveWithConstantOptimization,Selective+ConstOpt,1,0.16653204247520204,0.22200298749515468,0.05097600309358368,-0.08677623280907794,0.26016089730095016,27,0.5460221767425537,1.0349011421203613,,12,12,true
bike_hour_h264_n025__20260417_163504.jld2,parte1/resultados_Bike/bike_hour_h264_n025__20260417_163504.jld2,w264,285,25,0.001,StrategySelectiveWithConstantOptimization,Selective+ConstOpt,1,0.16653204247520204,0.22200298749515468,0.05097600309358368,-0.08677623280907794,0.26016089730095016,27,0.0361478328704834,0.5322937965393066,,12,12,true
bike_hour_h264_n025__20260417_163504.jld2,parte1/resultados_Bike/bike_hour_h264_n025__20260417_163504.jld2,w264,325,25,0.0001,StrategySelectiveWithConstantOptimization,Selective+ConstOpt,1,0.1181171844199234,0.17676658350638413,0.03250808224711587,0.3106395528717539,0.2069699647653355,27,1.1421749591827393,1.6245548725128174,,12,12,true
bike_hour_h264_n025__20260417_163504.jld2,parte1/resultados_Bike/bike_hour_h264_n025__20260417_163504.jld2,w264,365,25,1.0e-5,StrategySelectiveWithConstantOptimization,Selective+ConstOpt,1,0.11826681565524595,0.18323130175075433,0.03499350807562224,0.2657910936935139,0.2136560829808301,27,0.9502110481262207,1.43538498878479,,12,12,true
bike_hour_h264_n025__20260417_163504.jld2,parte1/resultados_Bike/bike_hour_h264_n025__20260417_163504.jld2,w264,405,25,1.0e-6,StrategySelectiveWithConstantOptimization,Selective+ConstOpt,1,0.11793748066014631,0.18324176319864435,0.03499466863555732,0.2652960553093611,0.21371068122199718,27,0.879910945892334,1.362497091293335,,12,12,true
bike_hour_h264_n025__20260417_163504.jld2,parte1/resultados_Bike/bike_hour_h264_n025__20260417_163504.jld2,w264,445,25,1.0e-7,StrategySelectiveWithConstantOptimization,Selective+ConstOpt,1,0.12030214361065511,0.17951419338623908,0.033522550318685555,0.2902286548638069,0.21008972537504592,27,1.240278959274292,1.8686399459838867,,12,12,true
bike_hour_h264_n030__20260417_163504.jld2,parte1/resultados_Bike/bike_hour_h264_n030__20260417_163504.jld2,w264,6,30,0.01,StrategySelective,Selective,1,0.16653204247520204,0.22200298749515468,0.05097600309358368,-0.08677623280907794,0.26016089730095016,27,7.629554033279419,10.90043592453003,,12,12,true
bike_hour_h264_n030__20260417_163504.jld2,parte1/resultados_Bike/bike_hour_h264_n030__20260417_163504.jld2,w264,46,30,0.001,StrategySelective,Selective,1,0.16653204247520204,0.22200298749515468,0.05097600309358368,-0.08677623280907794,0.26016089730095016,27,0.0422520637512207,0.555185079574585,,12,12,true
bike_hour_h264_n030__20260417_163504.jld2,parte1/resultados_Bike/bike_hour_h264_n030__20260417_163504.jld2,w264,86,30,0.0001,StrategySelective,Selective,1,0.11896724292941961,0.17557647131167503,0.03191290926562639,0.31266928052986287,0.2064986716979656,27,3.0741219520568848,3.8013148307800293,,12,12,true
bike_hour_h264_n030__20260417_163504.jld2,parte1/resultados_Bike/bike_hour_h264_n030__20260417_163504.jld2,w264,126,30,1.0e-5,StrategySelective,Selective,1,0.11859390549711264,0.17696682218926757,0.0325830676084171,0.30995632652718713,0.2071440083252586,27,1.2630300521850586,1.7995679378509521,,12,12,true
bike_hour_h264_n030__20260417_163504.jld2,parte1/resultados_Bike/bike_hour_h264_n030__20260417_163504.jld2,w264,166,30,1.0e-6,StrategySelective,Selective,1,0.1186659771965654,0.17690514213918607,0.03255625008567512,0.3100629258213137,0.20711213117656596,27,1.9046580791473389,2.394284963607788,,12,12,true
bike_hour_h264_n030__20260417_163504.jld2,parte1/resultados_Bike/bike_hour_h264_n030__20260417_163504.jld2,w264,206,30,1.0e-7,StrategySelective,Selective,1,0.11865635264080678,0.17687297923841847,0.032544054013022634,0.3102937825977265,0.20707641718587572,27,1.9812390804290771,2.466801166534424,,12,12,true
bike_hour_h264_n030__20260417_163504.jld2,parte1/resultados_Bike/bike_hour_h264_n030__20260417_163504.jld2,w264,246,30,0.01,StrategySelectiveWithConstantOptimization,Selective+ConstOpt,1,0.16653204247520204,0.22200298749515468,0.05097600309358368,-0.08677623280907794,0.26016089730095016,27,0.5527851581573486,1.0386300086975098,,12,12,true
bike_hour_h264_n030__20260417_163504.jld2,parte1/resultados_Bike/bike_hour_h264_n030__20260417_163504.jld2,w264,286,30,0.001,StrategySelectiveWithConstantOptimization,Selective+ConstOpt,1,0.16653204247520204,0.22200298749515468,0.05097600309358368,-0.08677623280907794,0.26016089730095016,27,0.039440155029296875,0.5304210186004639,,12,12,true
bike_hour_h264_n030__20260417_163504.jld2,parte1/resultados_Bike/bike_hour_h264_n030__20260417_163504.jld2,w264,326,30,0.0001,StrategySelectiveWithConstantOptimization,Selective+ConstOpt,1,0.11836255978886011,0.17676782453481243,0.03251008712447429,0.3109228301683543,0.20693551236263036,27,1.4541730880737305,2.2388908863067627,,12,12,true
bike_hour_h264_n030__20260417_163504.jld2,parte1/resultados_Bike/bike_hour_h264_n030__20260417_163504.jld2,w264,366,30,1.0e-5,StrategySelectiveWithConstantOptimization,Selective+ConstOpt,1,0.11466467334784024,0.17376205470699665,0.03160231860821198,0.3400435199582673,0.2025159670622117,27,1.2299699783325195,1.7249219417572021,,12,12,true
bike_hour_h264_n030__20260417_163504.jld2,parte1/resultados_Bike/bike_hour_h264_n030__20260417_163504.jld2,w264,406,30,1.0e-6,StrategySelectiveWithConstantOptimization,Selective+ConstOpt,1,0.11866426082064645,0.1768994144546521,0.032554266458360584,0.3101511051972231,0.20710136485691136,27,1.4554259777069092,1.9419949054718018,,12,12,true
bike_hour_h264_n030__20260417_163504.jld2,parte1/resultados_Bike/bike_hour_h264_n030__20260417_163504.jld2,w264,446,30,1.0e-7,StrategySelectiveWithConstantOptimization,Selective+ConstOpt,1,0.12027366922521561,0.17949345535342082,0.03351430685996804,0.29032973664495904,0.2100718786212531,27,1.4669370651245117,2.0865650177001953,,12,12,true
bike_hour_h264_n035__20260417_163504.jld2,parte1/resultados_Bike/bike_hour_h264_n035__20260417_163504.jld2,w264,7,35,0.01,StrategySelective,Selective,1,0.16653204247520204,0.22200298749515468,0.05097600309358368,-0.08677623280907794,0.26016089730095016,27,7.147369146347046,10.25572395324707,,12,12,true
bike_hour_h264_n035__20260417_163504.jld2,parte1/resultados_Bike/bike_hour_h264_n035__20260417_163504.jld2,w264,47,35,0.001,StrategySelective,Selective,1,0.16653204247520204,0.22200298749515468,0.05097600309358368,-0.08677623280907794,0.26016089730095016,27,0.04219698905944824,0.5535850524902344,,12,12,true
bike_hour_h264_n035__20260417_163504.jld2,parte1/resultados_Bike/bike_hour_h264_n035__20260417_163504.jld2,w264,87,35,0.0001,StrategySelective,Selective,1,0.11844403763986382,0.17662954915643314,0.03240258716764852,0.3103285171701711,0.20707960239793644,27,2.991076946258545,3.8502719402313232,,12,12,true
bike_hour_h264_n035__20260417_163504.jld2,parte1/resultados_Bike/bike_hour_h264_n035__20260417_163504.jld2,w264,127,35,1.0e-5,StrategySelective,Selective,1,0.1147043687987285,0.1737744212852561,0.03160672247433983,0.33998458585954117,0.20252568492514642,27,1.5463571548461914,2.0473380088806152,,12,12,true
bike_hour_h264_n035__20260417_163504.jld2,parte1/resultados_Bike/bike_hour_h264_n035__20260417_163504.jld2,w264,167,35,1.0e-6,StrategySelective,Selective,1,0.11574349025906944,0.17307199418351893,0.03130152423844226,0.34323034312367956,0.20204061619899444,27,2.5787839889526367,3.0734100341796875,,12,12,true
bike_hour_h264_n035__20260417_163504.jld2,parte1/resultados_Bike/bike_hour_h264_n035__20260417_163504.jld2,w264,207,35,1.0e-7,StrategySelective,Selective,1,0.1157646060905764,0.1730651430789708,0.031297935355830135,0.34322031982304313,0.20204059951776993,27,3.1064088344573975,3.598529100418091,,12,12,true
bike_hour_h264_n035__20260417_163504.jld2,parte1/resultados_Bike/bike_hour_h264_n035__20260417_163504.jld2,w264,247,35,0.01,StrategySelectiveWithConstantOptimization,Selective+ConstOpt,1,0.16653204247520204,0.22200298749515468,0.05097600309358368,-0.08677623280907794,0.26016089730095016,27,0.5174121856689453,1.0187559127807617,,12,12,true
bike_hour_h264_n035__20260417_163504.jld2,parte1/resultados_Bike/bike_hour_h264_n035__20260417_163504.jld2,w264,287,35,0.001,StrategySelectiveWithConstantOptimization,Selective+ConstOpt,1,0.16653204247520204,0.22200298749515468,0.05097600309358368,-0.08677623280907794,0.26016089730095016,27,0.037036895751953125,0.8539547920227051,,12,12,true
bike_hour_h264_n035__20260417_163504.jld2,parte1/resultados_Bike/bike_hour_h264_n035__20260417_163504.jld2,w264,327,35,0.0001,StrategySelectiveWithConstantOptimization,Selective+ConstOpt,1,0.11836594651194343,0.17648544679487913,0.032382886647709455,0.31236314046402847,0.20671099034308987,27,1.2643158435821533,1.8413660526275635,,12,12,true
bike_hour_h264_n035__20260417_163504.jld2,parte1/resultados_Bike/bike_hour_h264_n035__20260417_163504.jld2,w264,367,35,1.0e-5,StrategySelectiveWithConstantOptimization,Selective+ConstOpt,1,0.11448577077984437,0.1679460596442166,0.029351736662207716,0.3754426580495586,0.1969713497024461,27,1.9656519889831543,2.4648420810699463,,12,12,true
bike_hour_h264_n035__20260417_163504.jld2,parte1/resultados_Bike/bike_hour_h264_n035__20260417_163504.jld2,w264,407,35,1.0e-6,StrategySelectiveWithConstantOptimization,Selective+ConstOpt,1,0.11579297956018603,0.1730907904478347,0.031308428539968236,0.343091743873856,0.20206261665503913,27,1.8179571628570557,2.3109490871429443,,12,12,true
bike_hour_h264_n035__20260417_163504.jld2,parte1/resultados_Bike/bike_hour_h264_n035__20260417_163504.jld2,w264,447,35,1.0e-7,StrategySelectiveWithConstantOptimization,Selective+ConstOpt,1,0.11642065609234704,0.17503501347006553,0.03190450455423167,0.3265485366126367,0.20467164332395033,27,2.4614908695220947,3.236196994781494,,12,12,true
bike_hour_h264_n040__20260417_163504.jld2,parte1/resultados_Bike/bike_hour_h264_n040__20260417_163504.jld2,w264,8,40,0.01,StrategySelective,Selective,1,0.16653204247520204,0.22200298749515468,0.05097600309358368,-0.08677623280907794,0.26016089730095016,27,7.1790900230407715,10.293743133544922,,12,12,true
bike_hour_h264_n040__20260417_163504.jld2,parte1/resultados_Bike/bike_hour_h264_n040__20260417_163504.jld2,w264,48,40,0.001,StrategySelective,Selective,1,0.16653204247520204,0.22200298749515468,0.05097600309358368,-0.08677623280907794,0.26016089730095016,27,0.04144906997680664,0.5574228763580322,,12,12,true
bike_hour_h264_n040__20260417_163504.jld2,parte1/resultados_Bike/bike_hour_h264_n040__20260417_163504.jld2,w264,88,40,0.0001,StrategySelective,Selective,1,0.11552015483466439,0.17304230836498055,0.03125573015719327,0.34267108002785196,0.2021998931253325,27,3.276870012283325,4.131437063217163,,12,12,true
bike_hour_h264_n040__20260417_163504.jld2,parte1/resultados_Bike/bike_hour_h264_n040__20260417_163504.jld2,w264,128,40,1.0e-5,StrategySelective,Selective,1,0.11607723378530854,0.1711558756603697,0.030581574540822158,0.3558462360308423,0.2001166156582132,27,2.7042250633239746,3.485883951187134,,12,12,true
bike_hour_h264_n040__20260417_163504.jld2,parte1/resultados_Bike/bike_hour_h264_n040__20260417_163504.jld2,w264,168,40,1.0e-6,StrategySelective,Selective,1,0.11404680313408493,0.17090584235981332,0.03056783392966967,0.3601588647746897,0.1994144174836667,27,2.496476888656616,3.1188809871673584,,12,12,true
bike_hour_h264_n040__20260417_163504.jld2,parte1/resultados_Bike/bike_hour_h264_n040__20260417_163504.jld2,w264,208,40,1.0e-7,StrategySelective,Selective,1,0.11403707383622959,0.17092269873301957,0.03057520193756482,0.3601325946672682,0.1994219066777767,27,3.4816458225250244,3.974569082260132,,12,12,true
bike_hour_h264_n040__20260417_163504.jld2,parte1/resultados_Bike/bike_hour_h264_n040__20260417_163504.jld2,w264,248,40,0.01,StrategySelectiveWithConstantOptimization,Selective+ConstOpt,1,0.16653204247520204,0.22200298749515468,0.05097600309358368,-0.08677623280907794,0.26016089730095016,27,0.5175039768218994,1.2987549304962158,,12,12,true
bike_hour_h264_n040__20260417_163504.jld2,parte1/resultados_Bike/bike_hour_h264_n040__20260417_163504.jld2,w264,288,40,0.001,StrategySelectiveWithConstantOptimization,Selective+ConstOpt,1,0.16653204247520204,0.22200298749515468,0.05097600309358368,-0.08677623280907794,0.26016089730095016,27,0.03732895851135254,0.5324900150299072,,12,12,true
bike_hour_h264_n040__20260417_163504.jld2,parte1/resultados_Bike/bike_hour_h264_n040__20260417_163504.jld2,w264,328,40,0.0001,StrategySelectiveWithConstantOptimization,Selective+ConstOpt,1,0.11721995346367368,0.1743869290393494,0.03158253660013251,0.32560419195289714,0.20462537535225123,27,1.8890440464019775,2.5656518936157227,,12,12,true
bike_hour_h264_n040__20260417_163504.jld2,parte1/resultados_Bike/bike_hour_h264_n040__20260417_163504.jld2,w264,368,40,1.0e-5,StrategySelectiveWithConstantOptimization,Selective+ConstOpt,1,0.11287636585841317,0.16573189698455015,0.028578148047911492,0.39047409760388724,0.19445305085191744,27,2.4601268768310547,2.9798810482025146,,12,12,true
bike_hour_h264_n040__20260417_163504.jld2,parte1/resultados_Bike/bike_hour_h264_n040__20260417_163504.jld2,w264,408,40,1.0e-6,StrategySelectiveWithConstantOptimization,Selective+ConstOpt,1,0.11414270777532967,0.17083373601975427,0.030536101269044384,0.36109386463756493,0.199274077616886,27,2.109250068664551,2.6021299362182617,,12,12,true
bike_hour_h264_n040__20260417_163504.jld2,parte1/resultados_Bike/bike_hour_h264_n040__20260417_163504.jld2,w264,448,40,1.0e-7,StrategySelectiveWithConstantOptimization,Selective+ConstOpt,1,0.11658690054036568,0.17459569746220827,0.03173765597672841,0.3290447651466234,0.2042825363501302,27,11.277127981185913,11.913553953170776,,12,12,true
bike_hour_h264_n045__20260417_163504.jld2,parte1/resultados_Bike/bike_hour_h264_n045__20260417_163504.jld2,w264,9,45,0.01,StrategySelective,Selective,1,0.16653204247520204,0.22200298749515468,0.05097600309358368,-0.08677623280907794,0.26016089730095016,27,7.848028182983398,11.267664909362793,,12,12,true
bike_hour_h264_n045__20260417_163504.jld2,parte1/resultados_Bike/bike_hour_h264_n045__20260417_163504.jld2,w264,49,45,0.001,StrategySelective,Selective,1,0.16653204247520204,0.22200298749515468,0.05097600309358368,-0.08677623280907794,0.26016089730095016,27,0.041108131408691406,0.5789380073547363,,12,12,true
bike_hour_h264_n045__20260417_163504.jld2,parte1/resultados_Bike/bike_hour_h264_n045__20260417_163504.jld2,w264,89,45,0.0001,StrategySelective,Selective,1,0.11368463866327075,0.1676667786932924,0.02921306637666428,0.3745798741138,0.19702408746711036,27,4.219268083572388,5.1210808753967285,,12,12,true
bike_hour_h264_n045__20260417_163504.jld2,parte1/resultados_Bike/bike_hour_h264_n045__20260417_163504.jld2,w264,129,45,1.0e-5,StrategySelective,Selective,1,0.11442333291893476,0.16772729064182532,0.029274304439621156,0.37692795350800246,0.19672887689187507,27,3.0994529724121094,3.63700795173645,,12,12,true
bike_hour_h264_n045__20260417_163504.jld2,parte1/resultados_Bike/bike_hour_h264_n045__20260417_163504.jld2,w264,169,45,1.0e-6,StrategySelective,Selective,1,0.11268393168224711,0.16555514234581187,0.02857265996285879,0.39408091744174684,0.1940113730766116,27,4.177891969680786,5.056828022003174,,12,12,true
bike_hour_h264_n045__20260417_163504.jld2,parte1/resultados_Bike/bike_hour_h264_n045__20260417_163504.jld2,w264,209,45,1.0e-7,StrategySelective,Selective,1,0.1126989937604274,0.1655524949187542,0.02857096707655659,0.3940170956840041,0.19401734788996153,27,6.044577121734619,6.5579750537872314,,12,12,true
bike_hour_h264_n045__20260417_163504.jld2,parte1/resultados_Bike/bike_hour_h264_n045__20260417_163504.jld2,w264,249,45,0.01,StrategySelectiveWithConstantOptimization,Selective+ConstOpt,1,0.16653204247520204,0.22200298749515468,0.05097600309358368,-0.08677623280907794,0.26016089730095016,27,0.5800151824951172,1.0956480503082275,,12,12,true
bike_hour_h264_n045__20260417_163504.jld2,parte1/resultados_Bike/bike_hour_h264_n045__20260417_163504.jld2,w264,289,45,0.001,StrategySelectiveWithConstantOptimization,Selective+ConstOpt,1,0.16653204247520204,0.22200298749515468,0.05097600309358368,-0.08677623280907794,0.26016089730095016,27,0.03536200523376465,0.5711989402770996,,12,12,true
bike_hour_h264_n045__20260417_163504.jld2,parte1/resultados_Bike/bike_hour_h264_n045__20260417_163504.jld2,w264,329,45,0.0001,StrategySelectiveWithConstantOptimization,Selective+ConstOpt,1,0.11591441792584956,0.1672647466124948,0.028940246875379976,0.36986838207308037,0.19736393310339673,27,3.0046989917755127,3.9794909954071045,,12,12,true
bike_hour_h264_n045__20260417_163504.jld2,parte1/resultados_Bike/bike_hour_h264_n045__20260417_163504.jld2,w264,369,45,1.0e-5,StrategySelectiveWithConstantOptimization,Selective+ConstOpt,1,0.1037692090926436,0.14928151407207,0.02309031877661101,0.49501303397414637,0.1763914625296785,27,3.1824889183044434,3.7107088565826416,,12,12,true
bike_hour_h264_n045__20260417_163504.jld2,parte1/resultados_Bike/bike_hour_h264_n045__20260417_163504.jld2,w264,409,45,1.0e-6,StrategySelectiveWithConstantOptimization,Selective+ConstOpt,1,0.11268329440545785,0.16556681620440383,0.028576874826005697,0.3940018098170704,0.19402355657693682,27,3.378870964050293,3.898594856262207,,12,12,true
bike_hour_h264_n045__20260417_163504.jld2,parte1/resultados_Bike/bike_hour_h264_n045__20260417_163504.jld2,w264,449,45,1.0e-7,StrategySelectiveWithConstantOptimization,Selective+ConstOpt,1,0.1032755601768314,0.15216860306149127,0.023951960362483985,0.48417911479051207,0.17910916591644763,27,41.00817894935608,41.79991602897644,,12,12,true
bike_hour_h264_n050__20260417_163504.jld2,parte1/resultados_Bike/bike_hour_h264_n050__20260417_163504.jld2,w264,10,50,0.01,StrategySelective,Selective,1,0.16653204247520204,0.22200298749515468,0.05097600309358368,-0.08677623280907794,0.26016089730095016,27,7.88137412071228,11.30485200881958,,12,12,true
bike_hour_h264_n050__20260417_163504.jld2,parte1/resultados_Bike/bike_hour_h264_n050__20260417_163504.jld2,w264,50,50,0.001,StrategySelective,Selective,1,0.16653204247520204,0.22200298749515468,0.05097600309358368,-0.08677623280907794,0.26016089730095016,27,0.04118704795837402,0.5796411037445068,,12,12,true
bike_hour_h264_n050__20260417_163504.jld2,parte1/resultados_Bike/bike_hour_h264_n050__20260417_163504.jld2,w264,90,50,0.0001,StrategySelective,Selective,1,0.11325977827832362,0.16582885147851917,0.028552763908831415,0.3850161781600182,0.1952138874968498,27,4.8823020458221436,5.939731121063232,,12,12,true
bike_hour_h264_n050__20260417_163504.jld2,parte1/resultados_Bike/bike_hour_h264_n050__20260417_163504.jld2,w264,130,50,1.0e-5,StrategySelective,Selective,1,0.113590599894719,0.1657596661456496,0.0285659991641328,0.38884840250978286,0.19474974238000572,27,4.494220972061157,5.0286641120910645,,12,12,true
bike_hour_h264_n050__20260417_163504.jld2,parte1/resultados_Bike/bike_hour_h264_n050__20260417_163504.jld2,w264,170,50,1.0e-6,StrategySelective,Selective,1,0.11271025845472431,0.1655429096695934,0.028568598638210686,0.3941792561116447,0.19399451808043205,27,4.327426910400391,4.840605974197388,,12,12,true
bike_hour_h264_n050__20260417_163504.jld2,parte1/resultados_Bike/bike_hour_h264_n050__20260417_163504.jld2,w264,210,50,1.0e-7,StrategySelective,Selective,1,0.11048374063677181,0.1626509790118474,0.027592319307069433,0.4157232355233482,0.19055538738283725,27,7.674829006195068,8.198354005813599,,12,12,true
bike_hour_h264_n050__20260417_163504.jld2,parte1/resultados_Bike/bike_hour_h264_n050__20260417_163504.jld2,w264,250,50,0.01,StrategySelectiveWithConstantOptimization,Selective+ConstOpt,1,0.16653204247520204,0.22200298749515468,0.05097600309358368,-0.08677623280907794,0.26016089730095016,27,0.571397066116333,1.1060609817504883,,12,12,true
bike_hour_h264_n050__20260417_163504.jld2,parte1/resultados_Bike/bike_hour_h264_n050__20260417_163504.jld2,w264,290,50,0.001,StrategySelectiveWithConstantOptimization,Selective+ConstOpt,1,0.16653204247520204,0.22200298749515468,0.05097600309358368,-0.08677623280907794,0.26016089730095016,27,0.039954185485839844,0.5621480941772461,,12,12,true
bike_hour_h264_n050__20260417_163504.jld2,parte1/resultados_Bike/bike_hour_h264_n050__20260417_163504.jld2,w264,330,50,0.0001,StrategySelectiveWithConstantOptimization,Selective+ConstOpt,1,0.1154188460328543,0.16503263728177645,0.028257730539072302,0.39185594427429754,0.19407688312776608,27,3.4444878101348877,4.540780067443848,,12,12,true
bike_hour_h264_n050__20260417_163504.jld2,parte1/resultados_Bike/bike_hour_h264_n050__20260417_163504.jld2,w264,370,50,1.0e-5,StrategySelectiveWithConstantOptimization,Selective+ConstOpt,1,0.10431464845145469,0.14919312818486774,0.02306101849055595,0.49562584999509696,0.17629740652472814,27,3.567948818206787,4.104193925857544,,12,12,true
bike_hour_h264_n050__20260417_163504.jld2,parte1/resultados_Bike/bike_hour_h264_n050__20260417_163504.jld2,w264,410,50,1.0e-6,StrategySelectiveWithConstantOptimization,Selective+ConstOpt,1,0.11045152355271254,0.16261456186262235,0.02757962533741373,0.4159673434528713,0.19051571205090476,27,4.000669956207275,4.521916151046753,,12,12,true
bike_hour_h264_n050__20260417_163504.jld2,parte1/resultados_Bike/bike_hour_h264_n050__20260417_163504.jld2,w264,450,50,1.0e-7,StrategySelectiveWithConstantOptimization,Selective+ConstOpt,1,0.1027659329434612,0.14999986548960498,0.023211295887790848,0.49509040106479896,0.17697311139313524,27,53.5650110244751,54.29218888282776,,12,12,true
bike_hour_h264_n055__20260417_163504.jld2,parte1/resultados_Bike/bike_hour_h264_n055__20260417_163504.jld2,w264,11,55,0.01,StrategySelective,Selective,1,0.16653204247520204,0.22200298749515468,0.05097600309358368,-0.08677623280907794,0.26016089730095016,27,7.871676921844482,11.246340990066528,,12,12,true
bike_hour_h264_n055__20260417_163504.jld2,parte1/resultados_Bike/bike_hour_h264_n055__20260417_163504.jld2,w264,51,55,0.001,StrategySelective,Selective,1,0.16653204247520204,0.22200298749515468,0.05097600309358368,-0.08677623280907794,0.26016089730095016,27,0.04190802574157715,0.5687751770019531,,12,12,true
bike_hour_h264_n055__20260417_163504.jld2,parte1/resultados_Bike/bike_hour_h264_n055__20260417_163504.jld2,w264,91,55,0.0001,StrategySelective,Selective,1,0.11220827300467813,0.16386535513482106,0.027871028023432727,0.39944234530008377,0.19284253226758188,27,5.845844984054565,6.9105000495910645,,12,12,true
bike_hour_h264_n055__20260417_163504.jld2,parte1/resultados_Bike/bike_hour_h264_n055__20260417_163504.jld2,w264,131,55,1.0e-5,StrategySelective,Selective,1,0.11053919892062375,0.16237039065960607,0.02743594769244623,0.41351529965002576,0.1907103566537263,27,5.767528057098389,6.278696060180664,,12,12,true
bike_hour_h264_n055__20260417_163504.jld2,parte1/resultados_Bike/bike_hour_h264_n055__20260417_163504.jld2,w264,171,55,1.0e-6,StrategySelective,Selective,1,0.11141482810899644,0.16278132220320063,0.027586225490312564,0.41223205545670694,0.19099877164083845,27,9.567331075668335,10.06488585472107,,12,12,true
bike_hour_h264_n055__20260417_163504.jld2,parte1/resultados_Bike/bike_hour_h264_n055__20260417_163504.jld2,w264,211,55,1.0e-7,StrategySelective,Selective,1,0.11046527750642816,0.16240008072846465,0.02749852624361184,0.41719310309649216,0.1903142918042884,27,9.248849153518677,9.74879503250122,,12,12,true
bike_hour_h264_n055__20260417_163504.jld2,parte1/resultados_Bike/bike_hour_h264_n055__20260417_163504.jld2,w264,251,55,0.01,StrategySelectiveWithConstantOptimization,Selective+ConstOpt,1,0.16653204247520204,0.22200298749515468,0.05097600309358368,-0.08677623280907794,0.26016089730095016,27,0.6066968441009521,1.1131489276885986,,12,12,true
bike_hour_h264_n055__20260417_163504.jld2,parte1/resultados_Bike/bike_hour_h264_n055__20260417_163504.jld2,w264,291,55,0.001,StrategySelectiveWithConstantOptimization,Selective+ConstOpt,1,0.16653204247520204,0.22200298749515468,0.05097600309358368,-0.08677623280907794,0.26016089730095016,27,0.03939199447631836,0.5423779487609863,,12,12,true
bike_hour_h264_n055__20260417_163504.jld2,parte1/resultados_Bike/bike_hour_h264_n055__20260417_163504.jld2,w264,331,55,0.0001,StrategySelectiveWithConstantOptimization,Selective+ConstOpt,1,0.11678325727166816,0.1638726261211445,0.027864969258200315,0.3995234953473449,0.1927917868697225,27,4.41717791557312,5.304224967956543,,12,12,true
bike_hour_h264_n055__20260417_163504.jld2,parte1/resultados_Bike/bike_hour_h264_n055__20260417_163504.jld2,w264,371,55,1.0e-5,StrategySelectiveWithConstantOptimization,Selective+ConstOpt,1,0.10311606027618077,0.14388474953409056,0.021441320039781962,0.5279347197815676,0.1703751839461569,27,4.690770149230957,5.2994349002838135,,12,12,true
bike_hour_h264_n055__20260417_163504.jld2,parte1/resultados_Bike/bike_hour_h264_n055__20260417_163504.jld2,w264,411,55,1.0e-6,StrategySelectiveWithConstantOptimization,Selective+ConstOpt,1,0.10935623736578869,0.1606527398204729,0.026904351458266803,0.4275808495345143,0.1885104904647321,27,5.491199970245361,5.994080066680908,,12,12,true
bike_hour_h264_n055__20260417_163504.jld2,parte1/resultados_Bike/bike_hour_h264_n055__20260417_163504.jld2,w264,451,55,1.0e-7,StrategySelectiveWithConstantOptimization,Selective+ConstOpt,1,0.09992270244653989,0.14369252274767091,0.02116793776774897,0.5212589700417181,0.17100562015690285,27,73.44708681106567,74.07155990600586,,12,12,true
bike_hour_h264_n060__20260417_163504.jld2,parte1/resultados_Bike/bike_hour_h264_n060__20260417_163504.jld2,w264,12,60,0.01,StrategySelective,Selective,1,0.16653204247520204,0.22200298749515468,0.05097600309358368,-0.08677623280907794,0.26016089730095016,27,7.817771911621094,11.185338973999023,,12,12,true
bike_hour_h264_n060__20260417_163504.jld2,parte1/resultados_Bike/bike_hour_h264_n060__20260417_163504.jld2,w264,52,60,0.001,StrategySelective,Selective,1,0.16653204247520204,0.22200298749515468,0.05097600309358368,-0.08677623280907794,0.26016089730095016,27,0.04459095001220703,0.582460880279541,,12,12,true
bike_hour_h264_n060__20260417_163504.jld2,parte1/resultados_Bike/bike_hour_h264_n060__20260417_163504.jld2,w264,92,60,0.0001,StrategySelective,Selective,1,0.11237349118554721,0.16423187841102974,0.028002146773533562,0.39729809128646204,0.1932145708032771,27,5.9643871784210205,7.015886068344116,,12,12,true
bike_hour_h264_n060__20260417_163504.jld2,parte1/resultados_Bike/bike_hour_h264_n060__20260417_163504.jld2,w264,132,60,1.0e-5,StrategySelective,Selective,1,0.11058402767027527,0.1623688371199901,0.02743487720771258,0.41355085941399744,0.19070679489320505,27,6.193814039230347,6.703210115432739,,12,12,true
bike_hour_h264_n060__20260417_163504.jld2,parte1/resultados_Bike/bike_hour_h264_n060__20260417_163504.jld2,w264,172,60,1.0e-6,StrategySelective,Selective,1,0.10238429396689289,0.13774043620042137,0.019484848087636723,0.5693028847127951,0.1629425485702393,27,9.943440914154053,10.51235294342041,,12,12,true
bike_hour_h264_n060__20260417_163504.jld2,parte1/resultados_Bike/bike_hour_h264_n060__20260417_163504.jld2,w264,212,60,1.0e-7,StrategySelective,Selective,1,0.1098736738566248,0.16176543748326658,0.02728364126533323,0.4213559703405848,0.1896222293830301,27,14.954221963882446,15.45537281036377,,12,12,true
bike_hour_h264_n060__20260417_163504.jld2,parte1/resultados_Bike/bike_hour_h264_n060__20260417_163504.jld2,w264,252,60,0.01,StrategySelectiveWithConstantOptimization,Selective+ConstOpt,1,0.16653204247520204,0.22200298749515468,0.05097600309358368,-0.08677623280907794,0.26016089730095016,27,0.6161069869995117,1.1120288372039795,,12,12,true
bike_hour_h264_n060__20260417_163504.jld2,parte1/resultados_Bike/bike_hour_h264_n060__20260417_163504.jld2,w264,292,60,0.001,StrategySelectiveWithConstantOptimization,Selective+ConstOpt,1,0.16653204247520204,0.22200298749515468,0.05097600309358368,-0.08677623280907794,0.26016089730095016,27,0.0393519401550293,0.5327589511871338,,12,12,true
bike_hour_h264_n060__20260417_163504.jld2,parte1/resultados_Bike/bike_hour_h264_n060__20260417_163504.jld2,w264,332,60,0.0001,StrategySelectiveWithConstantOptimization,Selective+ConstOpt,1,0.11626666698220527,0.16415497785608496,0.02794056354919361,0.3970945157612952,0.1931909222205258,27,4.448629140853882,5.254338026046753,,12,12,true
bike_hour_h264_n060__20260417_163504.jld2,parte1/resultados_Bike/bike_hour_h264_n060__20260417_163504.jld2,w264,372,60,1.0e-5,StrategySelectiveWithConstantOptimization,Selective+ConstOpt,1,0.1015025849752541,0.13862722264231275,0.01985759240192307,0.5608793255306104,0.1642894885405824,27,6.156240940093994,6.759165048599243,,12,12,true
bike_hour_h264_n060__20260417_163504.jld2,parte1/resultados_Bike/bike_hour_h264_n060__20260417_163504.jld2,w264,412,60,1.0e-6,StrategySelectiveWithConstantOptimization,Selective+ConstOpt,1,0.10966343523163805,0.16064477348242484,0.026897758805889887,0.42769010155464143,0.18850294327145886,27,5.408539056777954,5.922929048538208,,12,12,true
bike_hour_h264_n060__20260417_163504.jld2,parte1/resultados_Bike/bike_hour_h264_n060__20260417_163504.jld2,w264,452,60,1.0e-7,StrategySelectiveWithConstantOptimization,Selective+ConstOpt,1,0.09548272604802162,0.13400645036188394,0.018501972000109456,0.5866816771746732,0.15912216030753074,27,115.92745208740234,116.5346839427948,,12,12,true
bike_hour_h264_n065__20260417_163504.jld2,parte1/resultados_Bike/bike_hour_h264_n065__20260417_163504.jld2,w264,13,65,0.01,StrategySelective,Selective,1,0.16653204247520204,0.22200298749515468,0.05097600309358368,-0.08677623280907794,0.26016089730095016,27,7.888278007507324,11.271528005599976,,12,12,true
bike_hour_h264_n065__20260417_163504.jld2,parte1/resultados_Bike/bike_hour_h264_n065__20260417_163504.jld2,w264,53,65,0.001,StrategySelective,Selective,1,0.16653204247520204,0.22200298749515468,0.05097600309358368,-0.08677623280907794,0.26016089730095016,27,0.04361104965209961,0.5763847827911377,,12,12,true
bike_hour_h264_n065__20260417_163504.jld2,parte1/resultados_Bike/bike_hour_h264_n065__20260417_163504.jld2,w264,93,65,0.0001,StrategySelective,Selective,1,0.10926414601612983,0.15910319215587038,0.02629474542203623,0.4321928950444638,0.18739414903991583,27,7.225406885147095,8.404762029647827,,12,12,true
bike_hour_h264_n065__20260417_163504.jld2,parte1/resultados_Bike/bike_hour_h264_n065__20260417_163504.jld2,w264,133,65,1.0e-5,StrategySelective,Selective,1,0.10257916893371305,0.1447161924830714,0.021641183401326966,0.5152820677862004,0.17206504024591526,27,6.94243311882019,7.528908014297485,,12,12,true
bike_hour_h264_n065__20260417_163504.jld2,parte1/resultados_Bike/bike_hour_h264_n065__20260417_163504.jld2,w264,173,65,1.0e-6,StrategySelective,Selective,1,0.11583756677891613,0.1409013406862077,0.020506675894412414,0.5511455055280396,0.16609295989860054,27,19.770280838012695,20.264867067337036,,12,12,true
bike_hour_h264_n065__20260417_163504.jld2,parte1/resultados_Bike/bike_hour_h264_n065__20260417_163504.jld2,w264,213,65,1.0e-7,StrategySelective,Selective,1,0.1099138952035985,0.16167288469701185,0.027254832349187373,0.4220074180988601,0.18952250706306192,27,16.694806814193726,17.225531101226807,,12,12,true
bike_hour_h264_n065__20260417_163504.jld2,parte1/resultados_Bike/bike_hour_h264_n065__20260417_163504.jld2,w264,253,65,0.01,StrategySelectiveWithConstantOptimization,Selective+ConstOpt,1,0.16653204247520204,0.22200298749515468,0.05097600309358368,-0.08677623280907794,0.26016089730095016,27,0.610954999923706,1.1132280826568604,,12,12,true
bike_hour_h264_n065__20260417_163504.jld2,parte1/resultados_Bike/bike_hour_h264_n065__20260417_163504.jld2,w264,293,65,0.001,StrategySelectiveWithConstantOptimization,Selective+ConstOpt,1,0.16653204247520204,0.22200298749515468,0.05097600309358368,-0.08677623280907794,0.26016089730095016,27,0.03962206840515137,0.5451598167419434,,12,12,true
bike_hour_h264_n065__20260417_163504.jld2,parte1/resultados_Bike/bike_hour_h264_n065__20260417_163504.jld2,w264,333,65,0.0001,StrategySelectiveWithConstantOptimization,Selective+ConstOpt,1,0.11445562647476859,0.15864483758011744,0.026117336734358367,0.4331258566319339,0.18702377522578073,27,5.5298779010772705,6.269911050796509,,12,12,true
bike_hour_h264_n065__20260417_163504.jld2,parte1/resultados_Bike/bike_hour_h264_n065__20260417_163504.jld2,w264,373,65,1.0e-5,StrategySelectiveWithConstantOptimization,Selective+ConstOpt,1,0.10147763831771532,0.1401132217385406,0.02030171684057322,0.5532051227398097,0.16588434258373028,27,7.8367791175842285,8.443551778793335,,12,12,true
bike_hour_h264_n065__20260417_163504.jld2,parte1/resultados_Bike/bike_hour_h264_n065__20260417_163504.jld2,w264,413,65,1.0e-6,StrategySelectiveWithConstantOptimization,Selective+ConstOpt,1,0.09893791933137892,0.1389274809623703,0.020013610460240888,0.5564575020960176,0.16478303799615174,27,7.7839531898498535,8.292212009429932,,12,12,true
bike_hour_h264_n065__20260417_163504.jld2,parte1/resultados_Bike/bike_hour_h264_n065__20260417_163504.jld2,w264,453,65,1.0e-7,StrategySelectiveWithConstantOptimization,Selective+ConstOpt,1,0.09413095760977247,0.13297170607765055,0.018216730006054574,0.5927888143338457,0.1578919749966987,27,138.09883904457092,138.69650292396545,,12,12,true
bike_hour_h264_n070__20260417_163504.jld2,parte1/resultados_Bike/bike_hour_h264_n070__20260417_163504.jld2,w264,14,70,0.01,StrategySelective,Selective,1,0.16653204247520204,0.22200298749515468,0.05097600309358368,-0.08677623280907794,0.26016089730095016,27,7.752849102020264,11.095978021621704,,12,12,true
bike_hour_h264_n070__20260417_163504.jld2,parte1/resultados_Bike/bike_hour_h264_n070__20260417_163504.jld2,w264,54,70,0.001,StrategySelective,Selective,1,0.16653204247520204,0.22200298749515468,0.05097600309358368,-0.08677623280907794,0.26016089730095016,27,0.043977975845336914,0.5844190120697021,,12,12,true
bike_hour_h264_n070__20260417_163504.jld2,parte1/resultados_Bike/bike_hour_h264_n070__20260417_163504.jld2,w264,94,70,0.0001,StrategySelective,Selective,1,0.10851779856529878,0.15675764196483838,0.025574676409639625,0.451522852731032,0.18430116309915062,27,8.592232942581177,9.861282110214233,,12,12,true
bike_hour_h264_n070__20260417_163504.jld2,parte1/resultados_Bike/bike_hour_h264_n070__20260417_163504.jld2,w264,134,70,1.0e-5,StrategySelective,Selective,1,0.10452727530974579,0.14986465467579893,0.023264942608022234,0.4879939151948181,0.17745890578308035,27,9.160094022750854,9.901059865951538,,12,12,true
bike_hour_h264_n070__20260417_163504.jld2,parte1/resultados_Bike/bike_hour_h264_n070__20260417_163504.jld2,w264,174,70,1.0e-6,StrategySelective,Selective,1,0.13959597473421811,0.1582958295237369,0.025863111612408528,0.43133360950296656,0.18669758453643936,27,23.793251991271973,24.30541491508484,,12,12,true
bike_hour_h264_n070__20260417_163504.jld2,parte1/resultados_Bike/bike_hour_h264_n070__20260417_163504.jld2,w264,214,70,1.0e-7,StrategySelective,Selective,1,0.10906757659806014,0.15974040386951655,0.02659201758874908,0.4334400133694804,0.1875480703828339,27,21.01393413543701,21.519004106521606,,12,12,true
bike_hour_h264_n070__20260417_163504.jld2,parte1/resultados_Bike/bike_hour_h264_n070__20260417_163504.jld2,w264,254,70,0.01,StrategySelectiveWithConstantOptimization,Selective+ConstOpt,1,0.16653204247520204,0.22200298749515468,0.05097600309358368,-0.08677623280907794,0.26016089730095016,27,0.6146178245544434,1.1115868091583252,,12,12,true
bike_hour_h264_n070__20260417_163504.jld2,parte1/resultados_Bike/bike_hour_h264_n070__20260417_163504.jld2,w264,294,70,0.001,StrategySelectiveWithConstantOptimization,Selective+ConstOpt,1,0.16653204247520204,0.22200298749515468,0.05097600309358368,-0.08677623280907794,0.26016089730095016,27,0.22162413597106934,0.7610468864440918,,12,12,true
bike_hour_h264_n070__20260417_163504.jld2,parte1/resultados_Bike/bike_hour_h264_n070__20260417_163504.jld2,w264,334,70,0.0001,StrategySelectiveWithConstantOptimization,Selective+ConstOpt,1,0.11406955260764952,0.1577936859923723,0.025869352794497202,0.44091740766180365,0.1858182013933687,27,6.920773983001709,7.679694890975952,,12,12,true
bike_hour_h264_n070__20260417_163504.jld2,parte1/resultados_Bike/bike_hour_h264_n070__20260417_163504.jld2,w264,374,70,1.0e-5,StrategySelectiveWithConstantOptimization,Selective+ConstOpt,1,0.10060304732955296,0.13939290088877868,0.020102842095470995,0.5579631312861206,0.16498198490670765,27,8.4774169921875,8.990736961364746,,12,12,true
bike_hour_h264_n070__20260417_163504.jld2,parte1/resultados_Bike/bike_hour_h264_n070__20260417_163504.jld2,w264,414,70,1.0e-6,StrategySelectiveWithConstantOptimization,Selective+ConstOpt,1,0.09162637438244849,0.13289054637425324,0.018291495232703556,0.5909527418001083,0.15793331924313542,27,11.190126180648804,11.85994291305542,,12,12,true
bike_hour_h264_n070__20260417_163504.jld2,parte1/resultados_Bike/bike_hour_h264_n070__20260417_163504.jld2,w264,454,70,1.0e-7,StrategySelectiveWithConstantOptimization,Selective+ConstOpt,1,0.09355655193751797,0.13249197567408674,0.0180839972120286,0.5955999385625583,0.15733285119948423,27,143.1228530406952,143.71589303016663,,12,12,true
bike_hour_h264_n075__20260417_163504.jld2,parte1/resultados_Bike/bike_hour_h264_n075__20260417_163504.jld2,w264,15,75,0.01,StrategySelective,Selective,1,0.16653204247520204,0.22200298749515468,0.05097600309358368,-0.08677623280907794,0.26016089730095016,27,7.727685928344727,11.059242010116577,,12,12,true
bike_hour_h264_n075__20260417_163504.jld2,parte1/resultados_Bike/bike_hour_h264_n075__20260417_163504.jld2,w264,55,75,0.001,StrategySelective,Selective,1,0.16653204247520204,0.22200298749515468,0.05097600309358368,-0.08677623280907794,0.26016089730095016,27,0.04395699501037598,0.5834860801696777,,12,12,true
bike_hour_h264_n075__20260417_163504.jld2,parte1/resultados_Bike/bike_hour_h264_n075__20260417_163504.jld2,w264,95,75,0.0001,StrategySelective,Selective,1,0.10723260604628498,0.15312553230322395,0.024429750789741887,0.47550165844933373,0.18012051830166179,27,10.363670110702515,11.621304988861084,,12,12,true
bike_hour_h264_n075__20260417_163504.jld2,parte1/resultados_Bike/bike_hour_h264_n075__20260417_163504.jld2,w264,135,75,1.0e-5,StrategySelective,Selective,1,0.10343154406482472,0.14920811742833423,0.023075756727326573,0.4925232742079604,0.17666978893732943,27,10.16040301322937,10.911725997924805,,12,12,true
bike_hour_h264_n075__20260417_163504.jld2,parte1/resultados_Bike/bike_hour_h264_n075__20260417_163504.jld2,w264,175,75,1.0e-6,StrategySelective,Selective,1,0.13944374839594964,0.1581065825835774,0.025795781680556514,0.4326638588688744,0.1864899540025706,27,25.183418035507202,25.689309120178223,,12,12,true
bike_hour_h264_n075__20260417_163504.jld2,parte1/resultados_Bike/bike_hour_h264_n075__20260417_163504.jld2,w264,215,75,1.0e-7,StrategySelective,Selective,1,0.10849074804842516,0.15868368194166785,0.026266056973885336,0.441593442460589,0.18614736757461797,27,33.32337284088135,33.82081913948059,,12,12,true
bike_hour_h264_n075__20260417_163504.jld2,parte1/resultados_Bike/bike_hour_h264_n075__20260417_163504.jld2,w264,255,75,0.01,StrategySelectiveWithConstantOptimization,Selective+ConstOpt,1,0.16653204247520204,0.22200298749515468,0.05097600309358368,-0.08677623280907794,0.26016089730095016,27,0.6132888793945312,1.1032121181488037,,12,12,true
bike_hour_h264_n075__20260417_163504.jld2,parte1/resultados_Bike/bike_hour_h264_n075__20260417_163504.jld2,w264,295,75,0.001,StrategySelectiveWithConstantOptimization,Selective+ConstOpt,1,0.16653204247520204,0.22200298749515468,0.05097600309358368,-0.08677623280907794,0.26016089730095016,27,0.03699088096618652,0.5446138381958008,,12,12,true
bike_hour_h264_n075__20260417_163504.jld2,parte1/resultados_Bike/bike_hour_h264_n075__20260417_163504.jld2,w264,335,75,0.0001,StrategySelectiveWithConstantOptimization,Selective+ConstOpt,1,0.11303609880783176,0.15654616305090488,0.025446584028348287,0.4479954701602011,0.18455925810605456,27,8.219450950622559,8.853203058242798,,12,12,true
bike_hour_h264_n075__20260417_163504.jld2,parte1/resultados_Bike/bike_hour_h264_n075__20260417_163504.jld2,w264,375,75,1.0e-5,StrategySelectiveWithConstantOptimization,Selective+ConstOpt,1,0.09866696055461183,0.13742911578155748,0.01954287110330218,0.5677287889528863,0.1629195624157598,27,8.080710172653198,8.81883978843689,,12,12,true
bike_hour_h264_n075__20260417_163504.jld2,parte1/resultados_Bike/bike_hour_h264_n075__20260417_163504.jld2,w264,415,75,1.0e-6,StrategySelectiveWithConstantOptimization,Selective+ConstOpt,1,0.08952463843679233,0.13158402207716652,0.017939277429296456,0.6076230503553407,0.15562607133242906,27,19.855397939682007,20.35362195968628,,12,12,true
bike_hour_h264_n075__20260417_163504.jld2,parte1/resultados_Bike/bike_hour_h264_n075__20260417_163504.jld2,w264,455,75,1.0e-7,StrategySelectiveWithConstantOptimization,Selective+ConstOpt,1,0.09366939784968842,0.13102718090827878,0.017705065267733116,0.6051589623124173,0.15550871348562276,27,234.0916838645935,234.6733160018921,,12,12,true
bike_hour_h264_n080__20260417_163504.jld2,parte1/resultados_Bike/bike_hour_h264_n080__20260417_163504.jld2,w264,16,80,0.01,StrategySelective,Selective,1,0.16653204247520204,0.22200298749515468,0.05097600309358368,-0.08677623280907794,0.26016089730095016,27,7.727685928344727,11.059240102767944,,12,12,true
bike_hour_h264_n080__20260417_163504.jld2,parte1/resultados_Bike/bike_hour_h264_n080__20260417_163504.jld2,w264,56,80,0.001,StrategySelective,Selective,1,0.16653204247520204,0.22200298749515468,0.05097600309358368,-0.08677623280907794,0.26016089730095016,27,0.042984962463378906,0.5768530368804932,,12,12,true
bike_hour_h264_n080__20260417_163504.jld2,parte1/resultados_Bike/bike_hour_h264_n080__20260417_163504.jld2,w264,96,80,0.0001,StrategySelective,Selective,1,0.1071755340152858,0.15225922094024658,0.02415377483196672,0.4804464065550622,0.17919690705801355,27,11.151782035827637,12.522552013397217,,12,12,true
bike_hour_h264_n080__20260417_163504.jld2,parte1/resultados_Bike/bike_hour_h264_n080__20260417_163504.jld2,w264,136,80,1.0e-5,StrategySelective,Selective,1,0.1025842786427132,0.14801015942677542,0.022724686730568534,0.5022195317636616,0.17508687615881088,27,11.85025405883789,12.596495151519775,,12,12,true
bike_hour_h264_n080__20260417_163504.jld2,parte1/resultados_Bike/bike_hour_h264_n080__20260417_163504.jld2,w264,176,80,1.0e-6,StrategySelective,Selective,1,0.13507298088739214,0.15382506650828032,0.02434506936808042,0.45687691948095505,0.18202172031966082,27,32.95095896720886,33.52465605735779,,12,12,true
bike_hour_h264_n080__20260417_163504.jld2,parte1/resultados_Bike/bike_hour_h264_n080__20260417_163504.jld2,w264,216,80,1.0e-7,StrategySelective,Selective,1,0.11082968579200418,0.1504839169532952,0.023503206233331107,0.4919465455959049,0.17729790919627397,27,43.84774589538574,44.358513832092285,,12,12,true
bike_hour_h264_n080__20260417_163504.jld2,parte1/resultados_Bike/bike_hour_h264_n080__20260417_163504.jld2,w264,256,80,0.01,StrategySelectiveWithConstantOptimization,Selective+ConstOpt,1,0.16653204247520204,0.22200298749515468,0.05097600309358368,-0.08677623280907794,0.26016089730095016,27,0.5594120025634766,1.041020154953003,,12,12,true
bike_hour_h264_n080__20260417_163504.jld2,parte1/resultados_Bike/bike_hour_h264_n080__20260417_163504.jld2,w264,296,80,0.001,StrategySelectiveWithConstantOptimization,Selective+ConstOpt,1,0.16653204247520204,0.22200298749515468,0.05097600309358368,-0.08677623280907794,0.26016089730095016,27,0.03516721725463867,0.5260801315307617,,12,12,true
bike_hour_h264_n080__20260417_163504.jld2,parte1/resultados_Bike/bike_hour_h264_n080__20260417_163504.jld2,w264,336,80,0.0001,StrategySelectiveWithConstantOptimization,Selective+ConstOpt,1,0.11153772965511442,0.15521388574283335,0.025054527622549054,0.46077083096062743,0.18257986341486973,27,10.06206202507019,10.548959016799927,,12,12,true
bike_hour_h264_n080__20260417_163504.jld2,parte1/resultados_Bike/bike_hour_h264_n080__20260417_163504.jld2,w264,376,80,1.0e-5,StrategySelectiveWithConstantOptimization,Selective+ConstOpt,1,0.0982145634207903,0.13547493019398468,0.018957503592946137,0.5783956170485253,0.16075761976276454,27,10.592617988586426,11.079003095626831,,12,12,true
bike_hour_h264_n080__20260417_163504.jld2,parte1/resultados_Bike/bike_hour_h264_n080__20260417_163504.jld2,w264,416,80,1.0e-6,StrategySelectiveWithConstantOptimization,Selective+ConstOpt,1,0.08737023850424022,0.12705066874015097,0.01663932876902049,0.6285093883682996,0.15088748109343358,27,30.253268003463745,30.794221878051758,,12,12,true
bike_hour_h264_n080__20260417_163504.jld2,parte1/resultados_Bike/bike_hour_h264_n080__20260417_163504.jld2,w264,456,80,1.0e-7,StrategySelectiveWithConstantOptimization,Selective+ConstOpt,1,0.0928999694809951,0.13026999673363757,0.01750801199428756,0.6108210962573354,0.1545175252295996,27,203.7845151424408,204.37132692337036,,12,12,true
bike_hour_h264_n085__20260417_163504.jld2,parte1/resultados_Bike/bike_hour_h264_n085__20260417_163504.jld2,w264,17,85,0.01,StrategySelective,Selective,1,0.16653204247520204,0.22200298749515468,0.05097600309358368,-0.08677623280907794,0.26016089730095016,27,7.727685928344727,11.059231996536255,,12,12,true
bike_hour_h264_n085__20260417_163504.jld2,parte1/resultados_Bike/bike_hour_h264_n085__20260417_163504.jld2,w264,57,85,0.001,StrategySelective,Selective,1,0.16653204247520204,0.22200298749515468,0.05097600309358368,-0.08677623280907794,0.26016089730095016,27,0.04251503944396973,0.5803108215332031,,12,12,true
bike_hour_h264_n085__20260417_163504.jld2,parte1/resultados_Bike/bike_hour_h264_n085__20260417_163504.jld2,w264,97,85,0.0001,StrategySelective,Selective,1,0.09938121598038846,0.1411874827899575,0.020711307869360002,0.5458981052081275,0.16703419908510397,27,10.984270095825195,12.336995840072632,,12,12,true
bike_hour_h264_n085__20260417_163504.jld2,parte1/resultados_Bike/bike_hour_h264_n085__20260417_163504.jld2,w264,137,85,1.0e-5,StrategySelective,Selective,1,0.09939278037419269,0.1399500006185632,0.020318288159195876,0.5497013701666185,0.1659697709712157,27,20.810708045959473,21.554687976837158,,12,12,true
bike_hour_h264_n085__20260417_163504.jld2,parte1/resultados_Bike/bike_hour_h264_n085__20260417_163504.jld2,w264,177,85,1.0e-6,StrategySelective,Selective,1,0.13501350513996854,0.15351508140906095,0.02425214441902636,0.4593953028882527,0.18163043313023056,27,39.79123592376709,40.36669397354126,,12,12,true
bike_hour_h264_n085__20260417_163504.jld2,parte1/resultados_Bike/bike_hour_h264_n085__20260417_163504.jld2,w264,217,85,1.0e-7,StrategySelective,Selective,1,0.11187543405644294,0.14928556659156994,0.02308877999192554,0.5008494463479164,0.1758066457162927,27,62.410988092422485,62.92099189758301,,12,12,true
bike_hour_h264_n085__20260417_163504.jld2,parte1/resultados_Bike/bike_hour_h264_n085__20260417_163504.jld2,w264,257,85,0.01,StrategySelectiveWithConstantOptimization,Selective+ConstOpt,1,0.16653204247520204,0.22200298749515468,0.05097600309358368,-0.08677623280907794,0.26016089730095016,27,0.5442140102386475,1.035339117050171,,12,12,true
bike_hour_h264_n085__20260417_163504.jld2,parte1/resultados_Bike/bike_hour_h264_n085__20260417_163504.jld2,w264,297,85,0.001,StrategySelectiveWithConstantOptimization,Selective+ConstOpt,1,0.16653204247520204,0.22200298749515468,0.05097600309358368,-0.08677623280907794,0.26016089730095016,27,0.03491806983947754,0.5325520038604736,,12,12,true
bike_hour_h264_n085__20260417_163504.jld2,parte1/resultados_Bike/bike_hour_h264_n085__20260417_163504.jld2,w264,337,85,0.0001,StrategySelectiveWithConstantOptimization,Selective+ConstOpt,1,0.11149253639516608,0.154976490807557,0.0249773822034788,0.4616673501763117,0.1823817049409675,27,10.263482093811035,10.751636028289795,,12,12,true
bike_hour_h264_n085__20260417_163504.jld2,parte1/resultados_Bike/bike_hour_h264_n085__20260417_163504.jld2,w264,377,85,1.0e-5,StrategySelectiveWithConstantOptimization,Selective+ConstOpt,1,0.09749954820160926,0.13490618533433077,0.018798325807821526,0.5824215979211916,0.16001871651795407,27,11.392894983291626,11.887746095657349,,12,12,true
bike_hour_h264_n085__20260417_163504.jld2,parte1/resultados_Bike/bike_hour_h264_n085__20260417_163504.jld2,w264,417,85,1.0e-6,StrategySelectiveWithConstantOptimization,Selective+ConstOpt,1,0.08685450663552344,0.11924571760712507,0.014574766367716043,0.6649423763091908,0.1423661611099,27,51.29174613952637,51.83694410324097,,12,12,true
bike_hour_h264_n085__20260417_163504.jld2,parte1/resultados_Bike/bike_hour_h264_n085__20260417_163504.jld2,w264,457,85,1.0e-7,StrategySelectiveWithConstantOptimization,Selective+ConstOpt,1,0.09271271435183319,0.12426723980604448,0.01591833884013691,0.640200550424874,0.14789512891098483,27,362.28011202812195,362.869558095932,,12,12,true
bike_hour_h264_n090__20260417_163504.jld2,parte1/resultados_Bike/bike_hour_h264_n090__20260417_163504.jld2,w264,18,90,0.01,StrategySelective,Selective,1,0.16653204247520204,0.22200298749515468,0.05097600309358368,-0.08677623280907794,0.26016089730095016,27,7.865169048309326,11.233330011367798,,12,12,true
bike_hour_h264_n090__20260417_163504.jld2,parte1/resultados_Bike/bike_hour_h264_n090__20260417_163504.jld2,w264,58,90,0.001,StrategySelective,Selective,1,0.16653204247520204,0.22200298749515468,0.05097600309358368,-0.08677623280907794,0.26016089730095016,27,0.042922019958496094,0.5802011489868164,,12,12,true
bike_hour_h264_n090__20260417_163504.jld2,parte1/resultados_Bike/bike_hour_h264_n090__20260417_163504.jld2,w264,98,90,0.0001,StrategySelective,Selective,1,0.09801232151836475,0.13856854135576657,0.01993829844348287,0.5652173149666325,0.16359647845804057,27,13.13980221748352,14.510014057159424,,12,12,true
bike_hour_h264_n090__20260417_163504.jld2,parte1/resultados_Bike/bike_hour_h264_n090__20260417_163504.jld2,w264,138,90,1.0e-5,StrategySelective,Selective,1,0.09880733199623813,0.1395567200150665,0.0201999824811331,0.551643835527605,0.16556128651177404,27,22.068558931350708,22.99788188934326,,12,12,true
bike_hour_h264_n090__20260417_163504.jld2,parte1/resultados_Bike/bike_hour_h264_n090__20260417_163504.jld2,w264,178,90,1.0e-6,StrategySelective,Selective,1,0.13644131413598226,0.15493034704540742,0.024690302528125888,0.45122166320526264,0.18321920384268017,27,38.288182973861694,38.79497408866882,,12,12,true
bike_hour_h264_n090__20260417_163504.jld2,parte1/resultados_Bike/bike_hour_h264_n090__20260417_163504.jld2,w264,218,90,1.0e-7,StrategySelective,Selective,1,0.1137399815306943,0.14881893942305482,0.022911125763401995,0.5035768699110776,0.17536350434493786,27,70.10501098632812,70.60535597801208,,12,12,true
bike_hour_h264_n090__20260417_163504.jld2,parte1/resultados_Bike/bike_hour_h264_n090__20260417_163504.jld2,w264,258,90,0.01,StrategySelectiveWithConstantOptimization,Selective+ConstOpt,1,0.16653204247520204,0.22200298749515468,0.05097600309358368,-0.08677623280907794,0.26016089730095016,27,0.5899581909179688,1.0820550918579102,,12,12,true
bike_hour_h264_n090__20260417_163504.jld2,parte1/resultados_Bike/bike_hour_h264_n090__20260417_163504.jld2,w264,298,90,0.001,StrategySelectiveWithConstantOptimization,Selective+ConstOpt,1,0.16653204247520204,0.22200298749515468,0.05097600309358368,-0.08677623280907794,0.26016089730095016,27,0.03982806205749512,0.5271298885345459,,12,12,true
bike_hour_h264_n090__20260417_163504.jld2,parte1/resultados_Bike/bike_hour_h264_n090__20260417_163504.jld2,w264,338,90,0.0001,StrategySelectiveWithConstantOptimization,Selective+ConstOpt,1,0.10694904756358946,0.14909973100903565,0.023062687245978913,0.4964443934783529,0.176068084524269,27,13.329931020736694,13.817853927612305,,12,12,true
bike_hour_h264_n090__20260417_163504.jld2,parte1/resultados_Bike/bike_hour_h264_n090__20260417_163504.jld2,w264,378,90,1.0e-5,StrategySelectiveWithConstantOptimization,Selective+ConstOpt,1,0.0974210514938282,0.13469501233606967,0.018734711103091262,0.5834656739079255,0.15979939058344592,27,12.243338108062744,12.734889030456543,,12,12,true
bike_hour_h264_n090__20260417_163504.jld2,parte1/resultados_Bike/bike_hour_h264_n090__20260417_163504.jld2,w264,418,90,1.0e-6,StrategySelectiveWithConstantOptimization,Selective+ConstOpt,1,0.08593617377501406,0.11815058713605821,0.014319042586448595,0.6734612279779596,0.1407788354672429,27,54.99277901649475,55.53049898147583,,12,12,true
bike_hour_h264_n090__20260417_163504.jld2,parte1/resultados_Bike/bike_hour_h264_n090__20260417_163504.jld2,w264,458,90,1.0e-7,StrategySelectiveWithConstantOptimization,Selective+ConstOpt,1,0.09249462171648457,0.12375225586169064,0.015784070975653337,0.6425589580002348,0.14733535177746754,27,380.14745807647705,380.73112988471985,,12,12,true
bike_hour_h264_n095__20260417_163504.jld2,parte1/resultados_Bike/bike_hour_h264_n095__20260417_163504.jld2,w264,19,95,0.01,StrategySelective,Selective,1,0.16653204247520204,0.22200298749515468,0.05097600309358368,-0.08677623280907794,0.26016089730095016,27,6.675196886062622,9.636174201965332,,12,12,true
bike_hour_h264_n095__20260417_163504.jld2,parte1/resultados_Bike/bike_hour_h264_n095__20260417_163504.jld2,w264,59,95,0.001,StrategySelective,Selective,1,0.16653204247520204,0.22200298749515468,0.05097600309358368,-0.08677623280907794,0.26016089730095016,27,0.039285898208618164,0.5359790325164795,,12,12,true
bike_hour_h264_n095__20260417_163504.jld2,parte1/resultados_Bike/bike_hour_h264_n095__20260417_163504.jld2,w264,99,95,0.0001,StrategySelective,Selective,1,0.09296318646792663,0.13191253043345774,0.018043821513681144,0.5983805898478151,0.15655928746263773,27,14.599217176437378,15.80161190032959,,12,12,true
bike_hour_h264_n095__20260417_163504.jld2,parte1/resultados_Bike/bike_hour_h264_n095__20260417_163504.jld2,w264,139,95,1.0e-5,StrategySelective,Selective,1,0.0967198976675291,0.13433540997566085,0.018746233461313794,0.5801129384524987,0.159714564570913,27,24.331146001815796,25.015892028808594,,12,12,true
bike_hour_h264_n095__20260417_163504.jld2,parte1/resultados_Bike/bike_hour_h264_n095__20260417_163504.jld2,w264,179,95,1.0e-6,StrategySelective,Selective,1,0.13610975740105172,0.1544888354408544,0.024557383659046875,0.4562719252123048,0.1825016524109273,27,38.75061297416687,39.24418807029724,,12,12,true
bike_hour_h264_n095__20260417_163504.jld2,parte1/resultados_Bike/bike_hour_h264_n095__20260417_163504.jld2,w264,219,95,1.0e-7,StrategySelective,Selective,1,0.10371603603577072,0.142521633719585,0.020914096490636944,0.5392119007536015,0.16859341738517652,27,95.27548384666443,95.76255297660828,,12,12,true
bike_hour_h264_n095__20260417_163504.jld2,parte1/resultados_Bike/bike_hour_h264_n095__20260417_163504.jld2,w264,259,95,0.01,StrategySelectiveWithConstantOptimization,Selective+ConstOpt,1,0.16653204247520204,0.22200298749515468,0.05097600309358368,-0.08677623280907794,0.26016089730095016,27,0.47943997383117676,0.9631319046020508,,12,12,true
bike_hour_h264_n095__20260417_163504.jld2,parte1/resultados_Bike/bike_hour_h264_n095__20260417_163504.jld2,w264,299,95,0.001,StrategySelectiveWithConstantOptimization,Selective+ConstOpt,1,0.16653204247520204,0.22200298749515468,0.05097600309358368,-0.08677623280907794,0.26016089730095016,27,0.0338139533996582,0.5223159790039062,,12,12,true
bike_hour_h264_n095__20260417_163504.jld2,parte1/resultados_Bike/bike_hour_h264_n095__20260417_163504.jld2,w264,339,95,0.0001,StrategySelectiveWithConstantOptimization,Selective+ConstOpt,1,0.09359041060684468,0.13121933970148844,0.017939208702929157,0.6075548654225718,0.15527344409193677,27,15.776388883590698,16.40027403831482,,12,12,true
bike_hour_h264_n095__20260417_163504.jld2,parte1/resultados_Bike/bike_hour_h264_n095__20260417_163504.jld2,w264,379,95,1.0e-5,StrategySelectiveWithConstantOptimization,Selective+ConstOpt,1,0.0925916138164956,0.1302928450801005,0.01750995072739402,0.6066150227200817,0.1549206805798414,27,14.357688903808594,14.85205602645874,,12,12,true
bike_hour_h264_n095__20260417_163504.jld2,parte1/resultados_Bike/bike_hour_h264_n095__20260417_163504.jld2,w264,419,95,1.0e-6,StrategySelectiveWithConstantOptimization,Selective+ConstOpt,1,0.08558462573325698,0.11747665663587127,0.014143081197559535,0.6757950796032172,0.14013104598592505,27,57.51983094215393,58.111677169799805,,12,12,true
bike_hour_h264_n095__20260417_163504.jld2,parte1/resultados_Bike/bike_hour_h264_n095__20260417_163504.jld2,w264,459,95,1.0e-7,StrategySelectiveWithConstantOptimization,Selective+ConstOpt,1,0.09026614657649003,0.11975942807103043,0.01470766577097548,0.6615906584565047,0.14294643209722832,27,322.566123008728,323.05686712265015,,12,12,true
bike_hour_h264_n100__20260417_163504.jld2,parte1/resultados_Bike/bike_hour_h264_n100__20260417_163504.jld2,w264,20,100,0.01,StrategySelective,Selective,1,0.16653204247520204,0.22200298749515468,0.05097600309358368,-0.08677623280907794,0.26016089730095016,27,7.845437049865723,11.20412015914917,,12,12,true
bike_hour_h264_n100__20260417_163504.jld2,parte1/resultados_Bike/bike_hour_h264_n100__20260417_163504.jld2,w264,60,100,0.001,StrategySelective,Selective,1,0.16653204247520204,0.22200298749515468,0.05097600309358368,-0.08677623280907794,0.26016089730095016,27,0.04197812080383301,0.559751033782959,,12,12,true
bike_hour_h264_n100__20260417_163504.jld2,parte1/resultados_Bike/bike_hour_h264_n100__20260417_163504.jld2,w264,100,100,0.0001,StrategySelective,Selective,1,0.09257655523455711,0.1313314219762021,0.01788993389163413,0.6015041619979263,0.1558666011449487,27,17.38482093811035,18.68644404411316,,12,12,true
bike_hour_h264_n100__20260417_163504.jld2,parte1/resultados_Bike/bike_hour_h264_n100__20260417_163504.jld2,w264,140,100,1.0e-5,StrategySelective,Selective,1,0.09532244897367376,0.1327951491650421,0.01835822071252315,0.592366038062645,0.15759286653014473,27,27.543872833251953,28.28163480758667,,12,12,true
bike_hour_h264_n100__20260417_163504.jld2,parte1/resultados_Bike/bike_hour_h264_n100__20260417_163504.jld2,w264,180,100,1.0e-6,StrategySelective,Selective,1,0.1327759201958721,0.15156372993711972,0.02357623723487883,0.474386315784496,0.17936070682874625,27,49.325883865356445,49.8193621635437,,12,12,true
bike_hour_h264_n100__20260417_163504.jld2,parte1/resultados_Bike/bike_hour_h264_n100__20260417_163504.jld2,w264,220,100,1.0e-7,StrategySelective,Selective,1,0.09071905608683925,0.12888934057479273,0.017038620948713803,0.6116997371259766,0.15366449991778064,27,132.4980390071869,132.98791885375977,,12,12,true
bike_hour_h264_n100__20260417_163504.jld2,parte1/resultados_Bike/bike_hour_h264_n100__20260417_163504.jld2,w264,260,100,0.01,StrategySelectiveWithConstantOptimization,Selective+ConstOpt,1,0.16653204247520204,0.22200298749515468,0.05097600309358368,-0.08677623280907794,0.26016089730095016,27,0.545313835144043,1.0273380279541016,,12,12,true
bike_hour_h264_n100__20260417_163504.jld2,parte1/resultados_Bike/bike_hour_h264_n100__20260417_163504.jld2,w264,300,100,0.001,StrategySelectiveWithConstantOptimization,Selective+ConstOpt,1,0.16653204247520204,0.22200298749515468,0.05097600309358368,-0.08677623280907794,0.26016089730095016,27,0.03967404365539551,0.5304279327392578,,12,12,true
bike_hour_h264_n100__20260417_163504.jld2,parte1/resultados_Bike/bike_hour_h264_n100__20260417_163504.jld2,w264,340,100,0.0001,StrategySelectiveWithConstantOptimization,Selective+ConstOpt,1,0.09094659421119701,0.12772057779901066,0.016961233447994172,0.6251413636955532,0.15148082357430817,27,18.05025005340576,18.700448036193848,,12,12,true
bike_hour_h264_n100__20260417_163504.jld2,parte1/resultados_Bike/bike_hour_h264_n100__20260417_163504.jld2,w264,380,100,1.0e-5,StrategySelectiveWithConstantOptimization,Selective+ConstOpt,1,0.09091128041365941,0.12908267794477635,0.017157619371230903,0.611400830208404,0.153714090792075,27,18.408999919891357,18.902749061584473,,12,12,true
bike_hour_h264_n100__20260417_163504.jld2,parte1/resultados_Bike/bike_hour_h264_n100__20260417_163504.jld2,w264,420,100,1.0e-6,StrategySelectiveWithConstantOptimization,Selective+ConstOpt,1,0.08292241977799181,0.11254329763513413,0.013001577073149218,0.7010628024320432,0.13435728380805317,27,68.47660708427429,69.18242692947388,,12,12,true
bike_hour_h264_n100__20260417_163504.jld2,parte1/resultados_Bike/bike_hour_h264_n100__20260417_163504.jld2,w264,460,100,1.0e-7,StrategySelectiveWithConstantOptimization,Selective+ConstOpt,1,0.08999897498048393,0.11926263692291082,0.014578544180317789,0.66530109893504,0.1422576784066648,27,394.70749402046204,395.2075231075287,,12,12,true
bike_hour_h264_n105__20260417_163504.jld2,parte1/resultados_Bike/bike_hour_h264_n105__20260417_163504.jld2,w264,21,105,0.01,StrategySelective,Selective,1,0.16653204247520204,0.22200298749515468,0.05097600309358368,-0.08677623280907794,0.26016089730095016,27,7.829255104064941,11.199886798858643,,12,12,true
bike_hour_h264_n105__20260417_163504.jld2,parte1/resultados_Bike/bike_hour_h264_n105__20260417_163504.jld2,w264,61,105,0.001,StrategySelective,Selective,1,0.16653204247520204,0.22200298749515468,0.05097600309358368,-0.08677623280907794,0.26016089730095016,27,0.0415189266204834,0.5619039535522461,,12,12,true
bike_hour_h264_n105__20260417_163504.jld2,parte1/resultados_Bike/bike_hour_h264_n105__20260417_163504.jld2,w264,101,105,0.0001,StrategySelective,Selective,1,0.09033025794795496,0.12970691476899845,0.017468414302906146,0.6134753023553183,0.15373950197979555,27,18.497848987579346,19.96454906463623,,12,12,true
bike_hour_h264_n105__20260417_163504.jld2,parte1/resultados_Bike/bike_hour_h264_n105__20260417_163504.jld2,w264,141,105,1.0e-5,StrategySelective,Selective,1,0.09626498897708602,0.12919759820040108,0.01732545047990043,0.6060889760632843,0.15406431178085706,27,31.876004934310913,32.43468618392944,,12,12,true
bike_hour_h264_n105__20260417_163504.jld2,parte1/resultados_Bike/bike_hour_h264_n105__20260417_163504.jld2,w264,181,105,1.0e-6,StrategySelective,Selective,1,0.12955494439851656,0.14871679668659674,0.022643694649956986,0.4910134552530824,0.17633381782104807,27,63.048267126083374,63.54764986038208,,12,12,true
bike_hour_h264_n105__20260417_163504.jld2,parte1/resultados_Bike/bike_hour_h264_n105__20260417_163504.jld2,w264,221,105,1.0e-7,StrategySelective,Selective,1,0.08789683699723609,0.12661625228427453,0.016423433807634776,0.626122555674342,0.15084604527145057,27,178.0572760105133,178.54641723632812,,12,12,true
bike_hour_h264_n105__20260417_163504.jld2,parte1/resultados_Bike/bike_hour_h264_n105__20260417_163504.jld2,w264,261,105,0.01,StrategySelectiveWithConstantOptimization,Selective+ConstOpt,1,0.16653204247520204,0.22200298749515468,0.05097600309358368,-0.08677623280907794,0.26016089730095016,27,0.56404709815979,1.051666021347046,,12,12,true
bike_hour_h264_n105__20260417_163504.jld2,parte1/resultados_Bike/bike_hour_h264_n105__20260417_163504.jld2,w264,301,105,0.001,StrategySelectiveWithConstantOptimization,Selective+ConstOpt,1,0.16653204247520204,0.22200298749515468,0.05097600309358368,-0.08677623280907794,0.26016089730095016,27,0.040531158447265625,0.539513111114502,,12,12,true
bike_hour_h264_n105__20260417_163504.jld2,parte1/resultados_Bike/bike_hour_h264_n105__20260417_163504.jld2,w264,341,105,0.0001,StrategySelectiveWithConstantOptimization,Selective+ConstOpt,1,0.08157555917162654,0.11231570424341114,0.013033611133511973,0.7022462763412577,0.13405101428379396,27,18.911354064941406,19.568364143371582,,12,12,true
bike_hour_h264_n105__20260417_163504.jld2,parte1/resultados_Bike/bike_hour_h264_n105__20260417_163504.jld2,w264,381,105,1.0e-5,StrategySelectiveWithConstantOptimization,Selective+ConstOpt,1,0.09063538461482823,0.12361872221351462,0.015697747300567128,0.6420639459255035,0.147336874013231,27,22.011303186416626,22.508745908737183,,12,12,true
bike_hour_h264_n105__20260417_163504.jld2,parte1/resultados_Bike/bike_hour_h264_n105__20260417_163504.jld2,w264,421,105,1.0e-6,StrategySelectiveWithConstantOptimization,Selective+ConstOpt,1,0.07684708624721584,0.10578160173135626,0.011533697075893301,0.7302261432025061,0.1267471524903289,27,94.85412812232971,95.49905490875244,,12,12,true
bike_hour_h264_n105__20260417_163504.jld2,parte1/resultados_Bike/bike_hour_h264_n105__20260417_163504.jld2,w264,461,105,1.0e-7,StrategySelectiveWithConstantOptimization,Selective+ConstOpt,1,0.08905566918266741,0.11873886484965793,0.014480772667173245,0.6741613928413186,0.14101781581936731,27,604.8113570213318,605.3202049732208,,12,12,true
bike_hour_h264_n115__20260417_163504.jld2,parte1/resultados_Bike/bike_hour_h264_n115__20260417_163504.jld2,w264,23,115,0.01,StrategySelective,Selective,1,0.1136466001320412,0.16113203506898174,0.02689241164104614,0.42709800874889003,0.18890510661791796,27,15.102463006973267,18.885221004486084,,12,12,true
bike_hour_h264_n115__20260417_163504.jld2,parte1/resultados_Bike/bike_hour_h264_n115__20260417_163504.jld2,w264,63,115,0.001,StrategySelective,Selective,1,0.11034709745932586,0.1559936502070636,0.025124268898590933,0.4566223676318915,0.1837480391409502,27,7.5286478996276855,8.156394958496094,,12,12,true
bike_hour_h264_n115__20260417_163504.jld2,parte1/resultados_Bike/bike_hour_h264_n115__20260417_163504.jld2,w264,103,115,0.0001,StrategySelective,Selective,1,0.08602367638815431,0.12283797041424177,0.015673587687312092,0.6540951442240198,0.14555295204894023,27,21.732834100723267,22.846203088760376,,12,12,true
bike_hour_h264_n115__20260417_163504.jld2,parte1/resultados_Bike/bike_hour_h264_n115__20260417_163504.jld2,w264,143,115,1.0e-5,StrategySelective,Selective,1,0.09609543642345349,0.12904579585233952,0.017281755342630038,0.6074267885993555,0.15384378961338496,27,34.531803131103516,35.1062228679657,,12,12,true
bike_hour_h264_n115__20260417_163504.jld2,parte1/resultados_Bike/bike_hour_h264_n115__20260417_163504.jld2,w264,183,115,1.0e-6,StrategySelective,Selective,1,0.11769080202864544,0.13666917335467127,0.019036666393167243,0.5667318242196602,0.1625273887929783,27,91.62585711479187,92.1628041267395,,12,12,true
bike_hour_h264_n115__20260417_163504.jld2,parte1/resultados_Bike/bike_hour_h264_n115__20260417_163504.jld2,w264,223,115,1.0e-7,StrategySelective,Selective,1,0.08654069648935524,0.1227355114773401,0.015424029018722066,0.6479415351978588,0.14630702576741633,27,251.12696504592896,251.6128580570221,,12,12,true
bike_hour_h264_n115__20260417_163504.jld2,parte1/resultados_Bike/bike_hour_h264_n115__20260417_163504.jld2,w264,263,115,0.01,StrategySelectiveWithConstantOptimization,Selective+ConstOpt,1,0.11261206033680676,0.16487851204373957,0.028219636120718792,0.403251828477978,0.1929046392065591,27,5.4407501220703125,5.934909105300903,,12,12,true
bike_hour_h264_n115__20260417_163504.jld2,parte1/resultados_Bike/bike_hour_h264_n115__20260417_163504.jld2,w264,303,115,0.001,StrategySelectiveWithConstantOptimization,Selective+ConstOpt,1,0.10733939070919121,0.15290735419416834,0.024142936636108794,0.4778799031370453,0.18009543980759737,27,5.400830030441284,5.884501218795776,,12,12,true
bike_hour_h264_n115__20260417_163504.jld2,parte1/resultados_Bike/bike_hour_h264_n115__20260417_163504.jld2,w264,343,115,0.0001,StrategySelectiveWithConstantOptimization,Selective+ConstOpt,1,0.07900758076835361,0.10711187619972282,0.011853919288583818,0.7278647251145584,0.12794459288708354,27,23.15480899810791,23.81134295463562,,12,12,true
bike_hour_h264_n115__20260417_163504.jld2,parte1/resultados_Bike/bike_hour_h264_n115__20260417_163504.jld2,w264,383,115,1.0e-5,StrategySelectiveWithConstantOptimization,Selective+ConstOpt,1,0.09991266715899758,0.14234969476361356,0.02175757126295253,0.5446091539658798,0.1667085175072366,27,23.4132080078125,23.916489839553833,,12,12,true
bike_hour_h264_n115__20260417_163504.jld2,parte1/resultados_Bike/bike_hour_h264_n115__20260417_163504.jld2,w264,423,115,1.0e-6,StrategySelectiveWithConstantOptimization,Selective+ConstOpt,1,0.07210260363707104,0.09859482232949768,0.010029917146856547,0.7583526063573459,0.1187949375795618,27,137.61929607391357,138.12467789649963,,12,12,true
bike_hour_h264_n115__20260417_163504.jld2,parte1/resultados_Bike/bike_hour_h264_n115__20260417_163504.jld2,w264,463,115,1.0e-7,StrategySelectiveWithConstantOptimization,Selective+ConstOpt,1,0.0894065410867598,0.11920297596287063,0.014594717261715986,0.6720439252043411,0.14149175432067168,27,566.9099497795105,567.4053227901459,,12,12,true
bike_hour_h264_n125__20260417_163504.jld2,parte1/resultados_Bike/bike_hour_h264_n125__20260417_163504.jld2,w264,25,125,0.01,StrategySelective,Selective,1,0.1136466001320412,0.16113203506898174,0.02689241164104614,0.42709800874889003,0.18890510661791796,27,16.735874891281128,20.529366970062256,,12,12,true
bike_hour_h264_n125__20260417_163504.jld2,parte1/resultados_Bike/bike_hour_h264_n125__20260417_163504.jld2,w264,65,125,0.001,StrategySelective,Selective,1,0.11106853383608432,0.15589245904021276,0.02511854878163411,0.4601898032393286,0.18320943746251864,27,9.37709903717041,10.084882974624634,,12,12,true
bike_hour_h264_n125__20260417_163504.jld2,parte1/resultados_Bike/bike_hour_h264_n125__20260417_163504.jld2,w264,105,125,0.0001,StrategySelective,Selective,1,0.08384453206130929,0.11802250645700332,0.014460078350090043,0.6778366366042972,0.14016205751622982,27,22.71530795097351,23.762923002243042,,12,12,true
bike_hour_h264_n125__20260417_163504.jld2,parte1/resultados_Bike/bike_hour_h264_n125__20260417_163504.jld2,w264,145,125,1.0e-5,StrategySelective,Selective,1,0.09475890760999553,0.12735722667028324,0.016749291447367774,0.6128920975462753,0.15234085940246728,27,38.61117601394653,39.16143298149109,,12,12,true
bike_hour_h264_n125__20260417_163504.jld2,parte1/resultados_Bike/bike_hour_h264_n125__20260417_163504.jld2,w264,185,125,1.0e-6,StrategySelective,Selective,1,0.11603042790380201,0.13483115219764585,0.01853612332498255,0.5767494656959834,0.16046950386561065,27,105.76529002189636,106.32074499130249,,12,12,true
bike_hour_h264_n125__20260417_163504.jld2,parte1/resultados_Bike/bike_hour_h264_n125__20260417_163504.jld2,w264,225,125,1.0e-7,StrategySelective,Selective,1,0.0896168348363128,0.11908244542364547,0.014685483454402438,0.6681183335932056,0.14187545626935455,27,844.8596580028534,845.6776239871979,,12,12,true
bike_hour_h264_n125__20260417_163504.jld2,parte1/resultados_Bike/bike_hour_h264_n125__20260417_163504.jld2,w264,265,125,0.01,StrategySelectiveWithConstantOptimization,Selective+ConstOpt,1,0.11261206033680676,0.16487851204373957,0.028219636120718792,0.403251828477978,0.1929046392065591,27,6.590940952301025,7.085072994232178,,12,12,true
bike_hour_h264_n125__20260417_163504.jld2,parte1/resultados_Bike/bike_hour_h264_n125__20260417_163504.jld2,w264,305,125,0.001,StrategySelectiveWithConstantOptimization,Selective+ConstOpt,1,0.10004053966286615,0.14138300819648458,0.020586647348537036,0.5454416490273685,0.16737846778955973,27,7.893583059310913,8.400795221328735,,12,12,true
bike_hour_h264_n125__20260417_163504.jld2,parte1/resultados_Bike/bike_hour_h264_n125__20260417_163504.jld2,w264,345,125,0.0001,StrategySelectiveWithConstantOptimization,Selective+ConstOpt,1,0.07412614905639785,0.10096262577883174,0.010493162161646016,0.7552626076605828,0.12091337229212012,27,25.27713894844055,25.886586904525757,,12,12,true
bike_hour_h264_n125__20260417_163504.jld2,parte1/resultados_Bike/bike_hour_h264_n125__20260417_163504.jld2,w264,385,125,1.0e-5,StrategySelectiveWithConstantOptimization,Selective+ConstOpt,1,0.09893525646046829,0.14061246144740555,0.02120932269736206,0.5542733552467234,0.16482148709603608,27,25.61600613594055,26.12604808807373,,12,12,true
bike_hour_h264_n125__20260417_163504.jld2,parte1/resultados_Bike/bike_hour_h264_n125__20260417_163504.jld2,w264,425,125,1.0e-6,StrategySelectiveWithConstantOptimization,Selective+ConstOpt,1,0.07480912169583907,0.10153790160066707,0.01063699970302315,0.7445697990287926,0.12226611683095004,27,130.1273708343506,130.71489906311035,,12,12,true
bike_hour_h264_n125__20260417_163504.jld2,parte1/resultados_Bike/bike_hour_h264_n125__20260417_163504.jld2,w264,465,125,1.0e-7,StrategySelectiveWithConstantOptimization,Selective+ConstOpt,1,0.08209374193451227,0.11273239960446807,0.013005449898872012,0.6985126409212883,0.13462416769227042,27,648.2870910167694,648.7857570648193,,12,12,true
bike_hour_h264_n135__20260417_163504.jld2,parte1/resultados_Bike/bike_hour_h264_n135__20260417_163504.jld2,w264,27,135,0.01,StrategySelective,Selective,1,0.1136466001320412,0.16113203506898174,0.02689241164104614,0.42709800874889003,0.18890510661791796,27,15.771837949752808,19.267205953598022,,12,12,true
bike_hour_h264_n135__20260417_163504.jld2,parte1/resultados_Bike/bike_hour_h264_n135__20260417_163504.jld2,w264,67,135,0.001,StrategySelective,Selective,1,0.10057811556667404,0.1390215195747941,0.019943456386417795,0.5634826120002744,0.16423065892047692,27,13.012342929840088,13.7586989402771,,12,12,true
bike_hour_h264_n135__20260417_163504.jld2,parte1/resultados_Bike/bike_hour_h264_n135__20260417_163504.jld2,w264,107,135,0.0001,StrategySelective,Selective,1,0.07591546834925343,0.10667155839972019,0.011804065416739883,0.7288009435972577,0.12742127744627757,27,25.00286889076233,25.88667607307434,,12,12,true
bike_hour_h264_n135__20260417_163504.jld2,parte1/resultados_Bike/bike_hour_h264_n135__20260417_163504.jld2,w264,147,135,1.0e-5,StrategySelective,Selective,1,0.09422255750346466,0.12640411790322487,0.016468959893024368,0.618729269556675,0.15121689605688834,27,43.639402866363525,44.178510904312134,,12,12,true
bike_hour_h264_n135__20260417_163504.jld2,parte1/resultados_Bike/bike_hour_h264_n135__20260417_163504.jld2,w264,187,135,1.0e-6,StrategySelective,Selective,1,0.1146952523499311,0.13367299413048347,0.018257356559890133,0.5826617709840841,0.1591255127568701,27,110.52165794372559,111.06392621994019,,12,12,true
bike_hour_h264_n135__20260417_163504.jld2,parte1/resultados_Bike/bike_hour_h264_n135__20260417_163504.jld2,w264,227,135,1.0e-7,StrategySelective,Selective,1,0.08975635336125937,0.11817764671360596,0.014448055257077218,0.672308702375487,0.14088293243081296,27,1212.8399550914764,1213.330759048462,,12,12,true
bike_hour_h264_n135__20260417_163504.jld2,parte1/resultados_Bike/bike_hour_h264_n135__20260417_163504.jld2,w264,267,135,0.01,StrategySelectiveWithConstantOptimization,Selective+ConstOpt,1,0.11261206033680676,0.16487851204373957,0.028219636120718792,0.403251828477978,0.1929046392065591,27,6.3596649169921875,6.846794128417969,,12,12,true
bike_hour_h264_n135__20260417_163504.jld2,parte1/resultados_Bike/bike_hour_h264_n135__20260417_163504.jld2,w264,307,135,0.001,StrategySelectiveWithConstantOptimization,Selective+ConstOpt,1,0.09610226775180822,0.12589600707319418,0.016245028819738692,0.6322132853596216,0.14983828509101602,27,13.287946939468384,13.824179887771606,,12,12,true
bike_hour_h264_n135__20260417_163504.jld2,parte1/resultados_Bike/bike_hour_h264_n135__20260417_163504.jld2,w264,347,135,0.0001,StrategySelectiveWithConstantOptimization,Selective+ConstOpt,1,0.07343540815633284,0.09848284541224012,0.009917040954032001,0.7618790390362682,0.11837331402521262,27,29.8558189868927,30.463658094406128,,12,12,true
bike_hour_h264_n135__20260417_163504.jld2,parte1/resultados_Bike/bike_hour_h264_n135__20260417_163504.jld2,w264,387,135,1.0e-5,StrategySelectiveWithConstantOptimization,Selective+ConstOpt,1,0.09498441075585681,0.13533815430655488,0.01968396609766265,0.5841158070957335,0.15889791850940518,27,28.645696878433228,29.156238079071045,,12,12,true
bike_hour_h264_n135__20260417_163504.jld2,parte1/resultados_Bike/bike_hour_h264_n135__20260417_163504.jld2,w264,427,135,1.0e-6,StrategySelectiveWithConstantOptimization,Selective+ConstOpt,1,0.07523991052249242,0.10075613286575981,0.010470406334451957,0.7485918166729361,0.12132741791647819,27,146.92981719970703,147.49775290489197,,12,12,true
bike_hour_h264_n135__20260417_163504.jld2,parte1/resultados_Bike/bike_hour_h264_n135__20260417_163504.jld2,w264,467,135,1.0e-7,StrategySelectiveWithConstantOptimization,Selective+ConstOpt,1,0.07932949012031193,0.10912700492801077,0.012141078831273076,0.7156268710079636,0.13052707385939125,27,669.973671913147,670.4842519760132,,12,12,true
bike_hour_h264_n145__20260417_163504.jld2,parte1/resultados_Bike/bike_hour_h264_n145__20260417_163504.jld2,w264,29,145,0.01,StrategySelective,Selective,1,0.1136466001320412,0.16113203506898174,0.02689241164104614,0.42709800874889003,0.18890510661791796,27,16.171885013580322,19.80627703666687,,12,12,true
bike_hour_h264_n145__20260417_163504.jld2,parte1/resultados_Bike/bike_hour_h264_n145__20260417_163504.jld2,w264,69,145,0.001,StrategySelective,Selective,1,0.0960613924634216,0.13374537162983202,0.0184251348732459,0.5916454271687287,0.1584794134604049,27,16.09591293334961,16.863689184188843,,12,12,true
bike_hour_h264_n145__20260417_163504.jld2,parte1/resultados_Bike/bike_hour_h264_n145__20260417_163504.jld2,w264,109,145,0.0001,StrategySelective,Selective,1,0.07455537499855991,0.1044550188349174,0.01129851872968066,0.7357072143932841,0.1251821306594993,27,31.60011100769043,32.50919485092163,,12,12,true
bike_hour_h264_n145__20260417_163504.jld2,parte1/resultados_Bike/bike_hour_h264_n145__20260417_163504.jld2,w264,149,145,1.0e-5,StrategySelective,Selective,1,0.09297539737528074,0.12470409724716222,0.01602842856575532,0.627850358193502,0.14930791838872412,27,51.3791561126709,52.03142595291138,,12,12,true
bike_hour_h264_n145__20260417_163504.jld2,parte1/resultados_Bike/bike_hour_h264_n145__20260417_163504.jld2,w264,189,145,1.0e-6,StrategySelective,Selective,1,0.11434360590386884,0.1330576660031649,0.01810320502781461,0.5840988345358427,0.15855559073746722,27,156.69897603988647,157.26885199546814,,12,12,true
bike_hour_h264_n145__20260417_163504.jld2,parte1/resultados_Bike/bike_hour_h264_n145__20260417_163504.jld2,w264,229,145,1.0e-7,StrategySelective,Selective,1,0.08959791537492129,0.11768394223309217,0.014318213717132015,0.6757052200544744,0.14022673471282787,27,1401.0221009254456,1401.5314860343933,,12,12,true
bike_hour_h264_n145__20260417_163504.jld2,parte1/resultados_Bike/bike_hour_h264_n145__20260417_163504.jld2,w264,269,145,0.01,StrategySelectiveWithConstantOptimization,Selective+ConstOpt,1,0.11261206033680676,0.16487851204373957,0.028219636120718792,0.403251828477978,0.1929046392065591,27,6.670367956161499,7.171428203582764,,12,12,true
bike_hour_h264_n145__20260417_163504.jld2,parte1/resultados_Bike/bike_hour_h264_n145__20260417_163504.jld2,w264,309,145,0.001,StrategySelectiveWithConstantOptimization,Selective+ConstOpt,1,0.0934453404917038,0.12317384589998409,0.015573938921306289,0.6502564554178875,0.14634579178390578,27,18.44596290588379,19.022610902786255,,12,12,true
bike_hour_h264_n145__20260417_163504.jld2,parte1/resultados_Bike/bike_hour_h264_n145__20260417_163504.jld2,w264,349,145,0.0001,StrategySelectiveWithConstantOptimization,Selective+ConstOpt,1,0.07340628107687651,0.09864657032620208,0.009961965622957631,0.7604728975630302,0.11857136467674464,27,34.77898597717285,35.30024695396423,,12,12,true
bike_hour_h264_n145__20260417_163504.jld2,parte1/resultados_Bike/bike_hour_h264_n145__20260417_163504.jld2,w264,389,145,1.0e-5,StrategySelectiveWithConstantOptimization,Selective+ConstOpt,1,0.08561885178150884,0.11206125574651934,0.012845731057099616,0.6940532934509831,0.1345962081835107,27,36.63755178451538,37.161309003829956,,12,12,true
bike_hour_h264_n145__20260417_163504.jld2,parte1/resultados_Bike/bike_hour_h264_n145__20260417_163504.jld2,w264,429,145,1.0e-6,StrategySelectiveWithConstantOptimization,Selective+ConstOpt,1,0.07489905825881006,0.1005518290786999,0.01044083249197113,0.7525616170379457,0.1208137766600817,27,168.38941097259521,168.91560888290405,,12,12,true
bike_hour_h264_n145__20260417_163504.jld2,parte1/resultados_Bike/bike_hour_h264_n145__20260417_163504.jld2,w264,469,145,1.0e-7,StrategySelectiveWithConstantOptimization,Selective+ConstOpt,1,0.07941711980567687,0.10733258141179551,0.011748453107654074,0.7246552191005222,0.1284118440034321,27,814.7023119926453,815.2186419963837,,12,12,true
bike_hour_h264_n150__20260417_163504.jld2,parte1/resultados_Bike/bike_hour_h264_n150__20260417_163504.jld2,w264,30,150,0.01,StrategySelective,Selective,1,0.1136466001320412,0.16113203506898174,0.02689241164104614,0.42709800874889003,0.18890510661791796,27,15.28469705581665,18.644296169281006,,12,12,true
bike_hour_h264_n150__20260417_163504.jld2,parte1/resultados_Bike/bike_hour_h264_n150__20260417_163504.jld2,w264,70,150,0.001,StrategySelective,Selective,1,0.09554983491178622,0.13303188987156686,0.018209953033489133,0.596570777349522,0.15759269927292022,27,17.51461887359619,18.31136393547058,,12,12,true
bike_hour_h264_n150__20260417_163504.jld2,parte1/resultados_Bike/bike_hour_h264_n150__20260417_163504.jld2,w264,110,150,0.0001,StrategySelective,Selective,1,0.0744206964291992,0.10440593716682385,0.011295286400408965,0.7360454698699753,0.12510331269703823,27,32.48817586898804,33.304502964019775,,12,12,true
bike_hour_h264_n150__20260417_163504.jld2,parte1/resultados_Bike/bike_hour_h264_n150__20260417_163504.jld2,w264,150,150,1.0e-5,StrategySelective,Selective,1,0.09210159914370995,0.12352808858886732,0.01567933984362015,0.6356570162129122,0.14788508970157502,27,50.9786581993103,51.514902114868164,,12,12,true
bike_hour_h264_n150__20260417_163504.jld2,parte1/resultados_Bike/bike_hour_h264_n150__20260417_163504.jld2,w264,190,150,1.0e-6,StrategySelective,Selective,1,0.11434721155648152,0.13303344371530354,0.018095209511741844,0.5839498983602096,0.15855340052872022,27,155.89552521705627,156.4454391002655,,12,12,true
bike_hour_h264_n150__20260417_163504.jld2,parte1/resultados_Bike/bike_hour_h264_n150__20260417_163504.jld2,w264,230,150,1.0e-7,StrategySelective,Selective,1,0.0896039792110353,0.11767192144661845,0.014313769354751133,0.6757440240628355,0.14021377135427754,27,1334.4488050937653,1334.9604270458221,,12,12,true
bike_hour_h264_n150__20260417_163504.jld2,parte1/resultados_Bike/bike_hour_h264_n150__20260417_163504.jld2,w264,270,150,0.01,StrategySelectiveWithConstantOptimization,Selective+ConstOpt,1,0.11261206033680676,0.16487851204373957,0.028219636120718792,0.403251828477978,0.1929046392065591,27,6.497251033782959,7.795919895172119,,12,12,true
bike_hour_h264_n150__20260417_163504.jld2,parte1/resultados_Bike/bike_hour_h264_n150__20260417_163504.jld2,w264,310,150,0.001,StrategySelectiveWithConstantOptimization,Selective+ConstOpt,1,0.0933268319231572,0.12268033820930713,0.015443113449677536,0.6537817279005764,0.1456825342873491,27,20.998712062835693,21.553548097610474,,12,12,true
bike_hour_h264_n150__20260417_163504.jld2,parte1/resultados_Bike/bike_hour_h264_n150__20260417_163504.jld2,w264,350,150,0.0001,StrategySelectiveWithConstantOptimization,Selective+ConstOpt,1,0.07307779002368606,0.09827350047557572,0.009890122726727468,0.7620717709192196,0.11813902389239164,27,34.528522968292236,35.11831021308899,,12,12,true
bike_hour_h264_n150__20260417_163504.jld2,parte1/resultados_Bike/bike_hour_h264_n150__20260417_163504.jld2,w264,390,150,1.0e-5,StrategySelectiveWithConstantOptimization,Selective+ConstOpt,1,0.08240519022458817,0.10857252100955682,0.01206278554211384,0.7075375188108148,0.130833948971576,27,35.800403118133545,36.30713891983032,,12,12,true
bike_hour_h264_n150__20260417_163504.jld2,parte1/resultados_Bike/bike_hour_h264_n150__20260417_163504.jld2,w264,430,150,1.0e-6,StrategySelectiveWithConstantOptimization,Selective+ConstOpt,1,0.07347591419691941,0.09993828582852521,0.010341625149541019,0.7568933271974638,0.11990615113723363,27,212.00785899162292,212.49923706054688,,12,12,true
bike_hour_h264_n150__20260417_163504.jld2,parte1/resultados_Bike/bike_hour_h264_n150__20260417_163504.jld2,w264,470,150,1.0e-7,StrategySelectiveWithConstantOptimization,Selective+ConstOpt,1,0.07708970921915856,0.10569921497627378,0.011382577042506467,0.730880442846491,0.12668069673866855,27,777.6408598423004,778.1468420028687,,12,12,true
bike_hour_h264_n155__20260417_163505.jld2,parte1/resultados_Bike/bike_hour_h264_n155__20260417_163505.jld2,w264,31,155,0.01,StrategySelective,Selective,1,0.1136466001320412,0.16113203506898174,0.02689241164104614,0.42709800874889003,0.18890510661791796,27,15.292639970779419,18.636542081832886,,12,12,true
bike_hour_h264_n155__20260417_163505.jld2,parte1/resultados_Bike/bike_hour_h264_n155__20260417_163505.jld2,w264,71,155,0.001,StrategySelective,Selective,1,0.0948906362034517,0.132419454294051,0.01804464226000838,0.6007622302094082,0.15680134891280442,27,20.52709698677063,21.32330894470215,,12,12,true
bike_hour_h264_n155__20260417_163505.jld2,parte1/resultados_Bike/bike_hour_h264_n155__20260417_163505.jld2,w264,111,155,0.0001,StrategySelective,Selective,1,0.09359217908459688,0.12916618729600784,0.018260331995992005,0.6112202495388736,0.15206730096358492,27,35.72609496116638,36.53955101966858,,12,12,true
bike_hour_h264_n155__20260417_163505.jld2,parte1/resultados_Bike/bike_hour_h264_n155__20260417_163505.jld2,w264,151,155,1.0e-5,StrategySelective,Selective,1,0.08781480401888865,0.11863039138376637,0.01444466374391464,0.6648329737268888,0.14196498263796697,27,55.08473491668701,55.62304997444153,,12,12,true
bike_hour_h264_n155__20260417_163505.jld2,parte1/resultados_Bike/bike_hour_h264_n155__20260417_163505.jld2,w264,191,155,1.0e-6,StrategySelective,Selective,1,0.11401778844869866,0.13274133455885193,0.018012597111417776,0.5854482735763266,0.15823777686525317,27,167.71328902244568,168.2557089328766,,12,12,true
bike_hour_h264_n155__20260417_163505.jld2,parte1/resultados_Bike/bike_hour_h264_n155__20260417_163505.jld2,w264,231,155,1.0e-7,StrategySelective,Selective,1,0.08914391782159592,0.11679528625683802,0.01408573061605797,0.6771348847840609,0.13948856611058907,27,1391.2760598659515,1391.7872400283813,,12,12,true
bike_hour_h264_n155__20260417_163505.jld2,parte1/resultados_Bike/bike_hour_h264_n155__20260417_163505.jld2,w264,271,155,0.01,StrategySelectiveWithConstantOptimization,Selective+ConstOpt,1,0.11261206033680676,0.16487851204373957,0.028219636120718792,0.403251828477978,0.1929046392065591,27,6.465187072753906,6.964828968048096,,12,12,true
bike_hour_h264_n155__20260417_163505.jld2,parte1/resultados_Bike/bike_hour_h264_n155__20260417_163505.jld2,w264,311,155,0.001,StrategySelectiveWithConstantOptimization,Selective+ConstOpt,1,0.092588512390413,0.12133992089549829,0.015115771158218442,0.6631952367882487,0.1438196841836807,27,25.744066953659058,26.301976919174194,,12,12,true
bike_hour_h264_n155__20260417_163505.jld2,parte1/resultados_Bike/bike_hour_h264_n155__20260417_163505.jld2,w264,351,155,0.0001,StrategySelectiveWithConstantOptimization,Selective+ConstOpt,1,0.0714882446156109,0.09565591162754851,0.009376677965242428,0.7734432505722402,0.11504191624240657,27,36.89236807823181,37.55538010597229,,12,12,true
bike_hour_h264_n155__20260417_163505.jld2,parte1/resultados_Bike/bike_hour_h264_n155__20260417_163505.jld2,w264,391,155,1.0e-5,StrategySelectiveWithConstantOptimization,Selective+ConstOpt,1,0.0778683332592778,0.10395201167220677,0.011138316276705819,0.7275313350943183,0.1254951947820486,27,49.72242093086243,50.248440980911255,,12,12,true
bike_hour_h264_n155__20260417_163505.jld2,parte1/resultados_Bike/bike_hour_h264_n155__20260417_163505.jld2,w264,431,155,1.0e-6,StrategySelectiveWithConstantOptimization,Selective+ConstOpt,1,0.07361259785593163,0.09995350661019298,0.01034301420483205,0.7571377335926903,0.11989855513987818,27,213.06116485595703,213.56497406959534,,12,12,true
bike_hour_h264_n155__20260417_163505.jld2,parte1/resultados_Bike/bike_hour_h264_n155__20260417_163505.jld2,w264,471,155,1.0e-7,StrategySelectiveWithConstantOptimization,Selective+ConstOpt,1,0.07401004489714608,0.10054928792018637,0.010321297463280046,0.7532679249426416,0.1207495231483165,27,828.1741828918457,828.681459903717,,12,12,true
bike_hour_h264_n165__20260417_163505.jld2,parte1/resultados_Bike/bike_hour_h264_n165__20260417_163505.jld2,w264,33,165,0.01,StrategySelective,Selective,1,0.1136466001320412,0.16113203506898174,0.02689241164104614,0.42709800874889003,0.18890510661791796,27,16.78653883934021,20.542323112487793,,12,12,true
bike_hour_h264_n165__20260417_163505.jld2,parte1/resultados_Bike/bike_hour_h264_n165__20260417_163505.jld2,w264,73,165,0.001,StrategySelective,Selective,1,0.0894175544787371,0.1274436570272185,0.016730479797921572,0.6300647852264686,0.1508626443352855,27,26.911866903305054,27.79688000679016,,12,12,true
bike_hour_h264_n165__20260417_163505.jld2,parte1/resultados_Bike/bike_hour_h264_n165__20260417_163505.jld2,w264,113,165,0.0001,StrategySelective,Selective,1,0.09220212018885741,0.12710981360288123,0.017630333865762928,0.6224012931952916,0.14983633021936915,27,41.23904013633728,42.2506799697876,,12,12,true
bike_hour_h264_n165__20260417_163505.jld2,parte1/resultados_Bike/bike_hour_h264_n165__20260417_163505.jld2,w264,153,165,1.0e-5,StrategySelective,Selective,1,0.0876287780391884,0.11828177980551656,0.01436141390595543,0.6662605834759567,0.14159283723982444,27,60.74629592895508,61.32024097442627,,12,12,true
bike_hour_h264_n165__20260417_163505.jld2,parte1/resultados_Bike/bike_hour_h264_n165__20260417_163505.jld2,w264,193,165,1.0e-6,StrategySelective,Selective,1,0.11415765858820605,0.13287093683320553,0.018069677600564365,0.5863679396199147,0.15817941163313112,27,203.45494604110718,203.99864792823792,,12,12,true
bike_hour_h264_n165__20260417_163505.jld2,parte1/resultados_Bike/bike_hour_h264_n165__20260417_163505.jld2,w264,233,165,1.0e-7,StrategySelective,Selective,1,0.08847336866497078,0.11614383842451162,0.013919595595915706,0.6804185661995101,0.13870774326076812,27,1671.6882829666138,1672.2101480960846,,12,12,true
bike_hour_h264_n165__20260417_163505.jld2,parte1/resultados_Bike/bike_hour_h264_n165__20260417_163505.jld2,w264,273,165,0.01,StrategySelectiveWithConstantOptimization,Selective+ConstOpt,1,0.11261206033680676,0.16487851204373957,0.028219636120718792,0.403251828477978,0.1929046392065591,27,6.804935932159424,7.346220970153809,,12,12,true
bike_hour_h264_n165__20260417_163505.jld2,parte1/resultados_Bike/bike_hour_h264_n165__20260417_163505.jld2,w264,313,165,0.001,StrategySelectiveWithConstantOptimization,Selective+ConstOpt,1,0.08955653227922393,0.1178749795898051,0.014228320895986933,0.681303867285473,0.13985271289062962,27,30.836300134658813,31.44885802268982,,12,12,true
bike_hour_h264_n165__20260417_163505.jld2,parte1/resultados_Bike/bike_hour_h264_n165__20260417_163505.jld2,w264,353,165,0.0001,StrategySelectiveWithConstantOptimization,Selective+ConstOpt,1,0.071167970030639,0.09505041713793337,0.00925584935111981,0.7753377441263736,0.11441388215219851,27,44.327192068099976,45.06317377090454,,12,12,true
bike_hour_h264_n165__20260417_163505.jld2,parte1/resultados_Bike/bike_hour_h264_n165__20260417_163505.jld2,w264,393,165,1.0e-5,StrategySelectiveWithConstantOptimization,Selective+ConstOpt,1,0.0767805417405791,0.10194453792455259,0.010723397083199207,0.7408684441987835,0.12286121031592626,27,59.10614204406738,59.6613290309906,,12,12,true
bike_hour_h264_n165__20260417_163505.jld2,parte1/resultados_Bike/bike_hour_h264_n165__20260417_163505.jld2,w264,433,165,1.0e-6,StrategySelectiveWithConstantOptimization,Selective+ConstOpt,1,0.07040232613847978,0.0968172471635652,0.009697516880274658,0.7711871026816086,0.11624250171534473,27,276.2821669578552,276.83992409706116,,12,12,true
bike_hour_h264_n165__20260417_163505.jld2,parte1/resultados_Bike/bike_hour_h264_n165__20260417_163505.jld2,w264,473,165,1.0e-7,StrategySelectiveWithConstantOptimization,Selective+ConstOpt,1,0.07389130619752773,0.10046976376941467,0.010308083689526433,0.7537775176929661,0.12063336795894114,27,877.7682590484619,878.3225288391113,,12,12,true
bike_hour_h264_n175__20260417_163505.jld2,parte1/resultados_Bike/bike_hour_h264_n175__20260417_163505.jld2,w264,35,175,0.01,StrategySelective,Selective,1,0.1136466001320412,0.16113203506898174,0.02689241164104614,0.42709800874889003,0.18890510661791796,27,17.305505990982056,21.141050815582275,,12,12,true
bike_hour_h264_n175__20260417_163505.jld2,parte1/resultados_Bike/bike_hour_h264_n175__20260417_163505.jld2,w264,75,175,0.001,StrategySelective,Selective,1,0.08798969075264716,0.12434555847823227,0.015957284987299383,0.6508684495133644,0.14678757766277178,27,34.19092798233032,35.07067918777466,,12,12,true
bike_hour_h264_n175__20260417_163505.jld2,parte1/resultados_Bike/bike_hour_h264_n175__20260417_163505.jld2,w264,115,175,0.0001,StrategySelective,Selective,1,0.09270511828261645,0.12660460302109666,0.01761886695589829,0.6240651285210098,0.14915082111957123,27,49.90832591056824,50.9345281124115,,12,12,true
bike_hour_h264_n175__20260417_163505.jld2,parte1/resultados_Bike/bike_hour_h264_n175__20260417_163505.jld2,w264,155,175,1.0e-5,StrategySelective,Selective,1,0.08677475718652225,0.1171976748017386,0.014085827754214941,0.6721623820480956,0.1403436612431438,27,71.53268814086914,72.1670548915863,,12,12,true
bike_hour_h264_n175__20260417_163505.jld2,parte1/resultados_Bike/bike_hour_h264_n175__20260417_163505.jld2,w264,195,175,1.0e-6,StrategySelective,Selective,1,0.1121819503482835,0.13181491728704783,0.017828247130119556,0.5939506905032109,0.15671479917395872,27,244.81638503074646,245.35420107841492,,12,12,true
bike_hour_h264_n175__20260417_163505.jld2,parte1/resultados_Bike/bike_hour_h264_n175__20260417_163505.jld2,w264,235,175,1.0e-7,StrategySelective,Selective,1,0.08802255554591687,0.11401020288057856,0.013420575259114371,0.6909069624051318,0.1362305223961158,27,2100.4585061073303,2100.982424020767,,12,12,true
bike_hour_h264_n175__20260417_163505.jld2,parte1/resultados_Bike/bike_hour_h264_n175__20260417_163505.jld2,w264,275,175,0.01,StrategySelectiveWithConstantOptimization,Selective+ConstOpt,1,0.11261206033680676,0.16487851204373957,0.028219636120718792,0.403251828477978,0.1929046392065591,27,6.700316905975342,7.205625057220459,,12,12,true
bike_hour_h264_n175__20260417_163505.jld2,parte1/resultados_Bike/bike_hour_h264_n175__20260417_163505.jld2,w264,315,175,0.001,StrategySelectiveWithConstantOptimization,Selective+ConstOpt,1,0.09582764704998663,0.12668742208727238,0.01671764225872668,0.6381148578366308,0.1492546755486856,27,50.54600811004639,51.10986089706421,,12,12,true
bike_hour_h264_n175__20260417_163505.jld2,parte1/resultados_Bike/bike_hour_h264_n175__20260417_163505.jld2,w264,355,175,0.0001,StrategySelectiveWithConstantOptimization,Selective+ConstOpt,1,0.07001037952388373,0.09326643121420221,0.008912617397758739,0.779771872552139,0.11256742572421125,27,60.599013805389404,61.21434998512268,,12,12,true
bike_hour_h264_n175__20260417_163505.jld2,parte1/resultados_Bike/bike_hour_h264_n175__20260417_163505.jld2,w264,395,175,1.0e-5,StrategySelectiveWithConstantOptimization,Selective+ConstOpt,1,0.07722622633669216,0.10194934249021592,0.010734760742266628,0.7424162188278305,0.12272222328904168,27,61.95730710029602,62.6590940952301,,12,12,true
bike_hour_h264_n175__20260417_163505.jld2,parte1/resultados_Bike/bike_hour_h264_n175__20260417_163505.jld2,w264,435,175,1.0e-6,StrategySelectiveWithConstantOptimization,Selective+ConstOpt,1,0.07041103394239058,0.09685684210134979,0.00970537417442181,0.7711058159259642,0.11627522542273719,27,288.65693712234497,289.17745208740234,,12,12,true
bike_hour_h264_n175__20260417_163505.jld2,parte1/resultados_Bike/bike_hour_h264_n175__20260417_163505.jld2,w264,475,175,1.0e-7,StrategySelectiveWithConstantOptimization,Selective+ConstOpt,1,0.07380165137078547,0.10106420207588512,0.01045801487481297,0.7506819026969582,0.12125011074547792,27,945.7396531105042,946.2457849979401,,12,12,true
bike_hour_h264_n185__20260417_163505.jld2,parte1/resultados_Bike/bike_hour_h264_n185__20260417_163505.jld2,w264,37,185,0.01,StrategySelective,Selective,1,0.1136466001320412,0.16113203506898174,0.02689241164104614,0.42709800874889003,0.18890510661791796,27,17.108211994171143,20.956998109817505,,12,12,true
bike_hour_h264_n185__20260417_163505.jld2,parte1/resultados_Bike/bike_hour_h264_n185__20260417_163505.jld2,w264,77,185,0.001,StrategySelective,Selective,1,0.0822755260573486,0.1148835868980565,0.013552581032145457,0.7005748461947567,0.13581569316978667,27,44.252679109573364,45.11743783950806,,12,12,true
bike_hour_h264_n185__20260417_163505.jld2,parte1/resultados_Bike/bike_hour_h264_n185__20260417_163505.jld2,w264,117,185,0.0001,StrategySelective,Selective,1,0.09311676982670888,0.12696659949384587,0.017804541874717583,0.6233282576174779,0.14924938384810507,27,56.7033429145813,57.71369004249573,,12,12,true
bike_hour_h264_n185__20260417_163505.jld2,parte1/resultados_Bike/bike_hour_h264_n185__20260417_163505.jld2,w264,157,185,1.0e-5,StrategySelective,Selective,1,0.08648930319489692,0.11680840400890105,0.013984530196783194,0.6736397509680219,0.13993595578219103,27,80.29915618896484,80.9293041229248,,12,12,true
bike_hour_h264_n185__20260417_163505.jld2,parte1/resultados_Bike/bike_hour_h264_n185__20260417_163505.jld2,w264,197,185,1.0e-6,StrategySelective,Selective,1,0.11460188366538775,0.13428963480914463,0.018586508480000638,0.581146689301387,0.15926247151592107,27,274.18993377685547,274.77346301078796,,12,12,true
bike_hour_h264_n185__20260417_163505.jld2,parte1/resultados_Bike/bike_hour_h264_n185__20260417_163505.jld2,w264,237,185,1.0e-7,StrategySelective,Selective,1,0.08244922742879934,0.10458893781092665,0.01122276998592834,0.7363408854436282,0.12536911055629366,27,2281.2557339668274,2281.750505924225,,12,12,true
bike_hour_h264_n185__20260417_163505.jld2,parte1/resultados_Bike/bike_hour_h264_n185__20260417_163505.jld2,w264,277,185,0.01,StrategySelectiveWithConstantOptimization,Selective+ConstOpt,1,0.11261206033680676,0.16487851204373957,0.028219636120718792,0.403251828477978,0.1929046392065591,27,6.631128787994385,7.144963979721069,,12,12,true
bike_hour_h264_n185__20260417_163505.jld2,parte1/resultados_Bike/bike_hour_h264_n185__20260417_163505.jld2,w264,317,185,0.001,StrategySelectiveWithConstantOptimization,Selective+ConstOpt,1,0.0936737444363784,0.12291006255890514,0.0157640492841649,0.6584349700929899,0.14487148712274017,27,147.92064809799194,148.46957683563232,,12,12,true
bike_hour_h264_n185__20260417_163505.jld2,parte1/resultados_Bike/bike_hour_h264_n185__20260417_163505.jld2,w264,357,185,0.0001,StrategySelectiveWithConstantOptimization,Selective+ConstOpt,1,0.06895072766174472,0.09205316925550032,0.008688268672062852,0.7844899513828124,0.11117878031431996,27,79.25239610671997,79.86913299560547,,12,12,true
bike_hour_h264_n185__20260417_163505.jld2,parte1/resultados_Bike/bike_hour_h264_n185__20260417_163505.jld2,w264,397,185,1.0e-5,StrategySelectiveWithConstantOptimization,Selective+ConstOpt,1,0.07754073257138867,0.10240323605671177,0.010781953506336124,0.7345728727353036,0.12379606080688434,27,66.14503598213196,66.66465997695923,,12,12,true
bike_hour_h264_n185__20260417_163505.jld2,parte1/resultados_Bike/bike_hour_h264_n185__20260417_163505.jld2,w264,437,185,1.0e-6,StrategySelectiveWithConstantOptimization,Selective+ConstOpt,1,0.06921736290576905,0.09519982317316687,0.009392850134573435,0.77956366462084,0.11421007185007451,27,365.00057196617126,365.52597188949585,,12,12,true
bike_hour_h264_n185__20260417_163505.jld2,parte1/resultados_Bike/bike_hour_h264_n185__20260417_163505.jld2,w264,477,185,1.0e-7,StrategySelectiveWithConstantOptimization,Selective+ConstOpt,1,0.07354516996292554,0.10055492833886674,0.010341283936353555,0.7544496387735123,0.12056943498599232,27,1059.5593218803406,1060.070377111435,,12,12,true
bike_hour_h264_n195__20260417_163505.jld2,parte1/resultados_Bike/bike_hour_h264_n195__20260417_163505.jld2,w264,39,195,0.01,StrategySelective,Selective,1,0.1136466001320412,0.16113203506898174,0.02689241164104614,0.42709800874889003,0.18890510661791796,27,17.303478956222534,21.145588874816895,,12,12,true
bike_hour_h264_n195__20260417_163505.jld2,parte1/resultados_Bike/bike_hour_h264_n195__20260417_163505.jld2,w264,79,195,0.001,StrategySelective,Selective,1,0.08164160977828568,0.11477864423247866,0.013542535033658891,0.7027806904094817,0.13544765389643643,27,49.26798105239868,50.131953954696655,,12,12,true
bike_hour_h264_n195__20260417_163505.jld2,parte1/resultados_Bike/bike_hour_h264_n195__20260417_163505.jld2,w264,119,195,0.0001,StrategySelective,Selective,1,0.09134514819252616,0.12486057755525416,0.016941249065232998,0.63513253708509,0.14725324393905734,27,64.205491065979,65.16993689537048,,12,12,true
bike_hour_h264_n195__20260417_163505.jld2,parte1/resultados_Bike/bike_hour_h264_n195__20260417_163505.jld2,w264,159,195,1.0e-5,StrategySelective,Selective,1,0.0935651851693782,0.1392418853784152,0.021758130596389966,0.5254466618173427,0.16379929378104574,27,90.09509897232056,90.69225001335144,,12,12,true
bike_hour_h264_n195__20260417_163505.jld2,parte1/resultados_Bike/bike_hour_h264_n195__20260417_163505.jld2,w264,199,195,1.0e-6,StrategySelective,Selective,1,0.11494409973634905,0.13467013491940832,0.018688081134944957,0.5775525006220085,0.15982725017067734,27,301.9235670566559,302.50856590270996,,12,12,true
bike_hour_h264_n195__20260417_163505.jld2,parte1/resultados_Bike/bike_hour_h264_n195__20260417_163505.jld2,w264,239,195,1.0e-7,StrategySelective,Selective,1,0.0839534507734828,0.10389575101297412,0.011030421932847813,0.7383428621760985,0.1245844221985033,27,2501.1005489826202,2501.612375974655,,12,12,true
bike_hour_h264_n195__20260417_163505.jld2,parte1/resultados_Bike/bike_hour_h264_n195__20260417_163505.jld2,w264,279,195,0.01,StrategySelectiveWithConstantOptimization,Selective+ConstOpt,1,0.11261206033680676,0.16487851204373957,0.028219636120718792,0.403251828477978,0.1929046392065591,27,6.690805196762085,7.201079845428467,,12,12,true
bike_hour_h264_n195__20260417_163505.jld2,parte1/resultados_Bike/bike_hour_h264_n195__20260417_163505.jld2,w264,319,195,0.001,StrategySelectiveWithConstantOptimization,Selective+ConstOpt,1,0.08805548192122974,0.11603051373541372,0.014078415655623074,0.6946692181403695,0.13683125462216583,27,253.09170198440552,253.65146279335022,,12,12,true
bike_hour_h264_n195__20260417_163505.jld2,parte1/resultados_Bike/bike_hour_h264_n195__20260417_163505.jld2,w264,359,195,0.0001,StrategySelectiveWithConstantOptimization,Selective+ConstOpt,1,0.06876064009686499,0.0918141637879569,0.008636861132903016,0.7863029897159829,0.11084814131284568,27,100.41887784004211,101.04137992858887,,12,12,true
bike_hour_h264_n195__20260417_163505.jld2,parte1/resultados_Bike/bike_hour_h264_n195__20260417_163505.jld2,w264,399,195,1.0e-5,StrategySelectiveWithConstantOptimization,Selective+ConstOpt,1,0.07633853134659041,0.10116854769628884,0.010475824933325066,0.7380723081186099,0.12260245928587066,27,82.85559010505676,83.38467907905579,,12,12,true
bike_hour_h264_n195__20260417_163505.jld2,parte1/resultados_Bike/bike_hour_h264_n195__20260417_163505.jld2,w264,439,195,1.0e-6,StrategySelectiveWithConstantOptimization,Selective+ConstOpt,1,0.06821295745669392,0.09406033138046813,0.009150996232588464,0.7811578835039324,0.1132131830530342,27,457.99436497688293,458.51524901390076,,12,12,true
bike_hour_h264_n195__20260417_163505.jld2,parte1/resultados_Bike/bike_hour_h264_n195__20260417_163505.jld2,w264,479,195,1.0e-7,StrategySelectiveWithConstantOptimization,Selective+ConstOpt,1,0.07459827312210386,0.1012694337360659,0.010535048332507738,0.748742335758315,0.12146638971549005,27,1184.2287120819092,1184.7817120552063,,12,12,true
bike_hour_h264_n200__20260417_163505.jld2,parte1/resultados_Bike/bike_hour_h264_n200__20260417_163505.jld2,w264,40,200,0.01,StrategySelective,Selective,1,0.1136466001320412,0.16113203506898174,0.02689241164104614,0.42709800874889003,0.18890510661791796,27,15.716181993484497,19.209033966064453,,12,12,true
bike_hour_h264_n200__20260417_163505.jld2,parte1/resultados_Bike/bike_hour_h264_n200__20260417_163505.jld2,w264,80,200,0.001,StrategySelective,Selective,1,0.0810203903238426,0.11390929416333041,0.013336649746965001,0.7076095503627313,0.13437904202684264,27,50.12170386314392,50.938754081726074,,12,12,true
bike_hour_h264_n200__20260417_163505.jld2,parte1/resultados_Bike/bike_hour_h264_n200__20260417_163505.jld2,w264,120,200,0.0001,StrategySelective,Selective,1,0.09115274354518475,0.12429942864941712,0.016776252852494466,0.6371044434410477,0.14671581433938397,27,64.04956197738647,65.04828381538391,,12,12,true
bike_hour_h264_n200__20260417_163505.jld2,parte1/resultados_Bike/bike_hour_h264_n200__20260417_163505.jld2,w264,160,200,1.0e-5,StrategySelective,Selective,1,0.09634583036135934,0.14687024531264728,0.025344447059984374,0.4563697593026472,0.17198603985417632,27,93.31614708900452,93.93092703819275,,12,12,true
bike_hour_h264_n200__20260417_163505.jld2,parte1/resultados_Bike/bike_hour_h264_n200__20260417_163505.jld2,w264,200,200,1.0e-6,StrategySelective,Selective,1,0.11481645706134376,0.13455495422595595,0.01865572259552686,0.5781972067177718,0.1596979354211441,27,300.5693759918213,301.17640805244446,,12,12,true
bike_hour_h264_n200__20260417_163505.jld2,parte1/resultados_Bike/bike_hour_h264_n200__20260417_163505.jld2,w264,240,200,1.0e-7,StrategySelective,Selective,1,0.0836919128707023,0.10378985239838466,0.01101192863491254,0.7390915318743111,0.12441911900233389,27,2374.383519887924,2375.009425878525,,12,12,true
bike_hour_h264_n200__20260417_163505.jld2,parte1/resultados_Bike/bike_hour_h264_n200__20260417_163505.jld2,w264,280,200,0.01,StrategySelectiveWithConstantOptimization,Selective+ConstOpt,1,0.11261206033680676,0.16487851204373957,0.028219636120718792,0.403251828477978,0.1929046392065591,27,6.494194984436035,6.993351936340332,,12,12,true
bike_hour_h264_n200__20260417_163505.jld2,parte1/resultados_Bike/bike_hour_h264_n200__20260417_163505.jld2,w264,320,200,0.001,StrategySelectiveWithConstantOptimization,Selective+ConstOpt,1,0.08827853316226815,0.11648333528462314,0.014198158279219,0.692752686638606,0.1372926112145193,27,249.34004592895508,249.88296794891357,,12,12,true
bike_hour_h264_n200__20260417_163505.jld2,parte1/resultados_Bike/bike_hour_h264_n200__20260417_163505.jld2,w264,360,200,0.0001,StrategySelectiveWithConstantOptimization,Selective+ConstOpt,1,0.06864624822876425,0.09146212296468767,0.008563187239143587,0.787542632282161,0.11049271615476154,27,100.96499419212341,101.58017492294312,,12,12,true
bike_hour_h264_n200__20260417_163505.jld2,parte1/resultados_Bike/bike_hour_h264_n200__20260417_163505.jld2,w264,400,200,1.0e-5,StrategySelectiveWithConstantOptimization,Selective+ConstOpt,1,0.07617523639536224,0.10101871048458916,0.010440634260653734,0.7386259369277048,0.12244815254200905,27,80.65265893936157,81.16822576522827,,12,12,true
bike_hour_h264_n200__20260417_163505.jld2,parte1/resultados_Bike/bike_hour_h264_n200__20260417_163505.jld2,w264,440,200,1.0e-6,StrategySelectiveWithConstantOptimization,Selective+ConstOpt,1,0.06804794991510338,0.09414596216355184,0.009160554142110762,0.7807841185388844,0.11333748651365685,27,443.3925840854645,443.9189338684082,,12,12,true
bike_hour_h264_n200__20260417_163505.jld2,parte1/resultados_Bike/bike_hour_h264_n200__20260417_163505.jld2,w264,480,200,1.0e-7,StrategySelectiveWithConstantOptimization,Selective+ConstOpt,1,0.07265344782414462,0.09880217618064667,0.010036361670582254,0.7583577052078311,0.11872833797266583,27,1198.3062658309937,1198.8194751739502,,12,12,true
